arm,subset,family,n,executed,metric,estimate,numerator,denominator,ci95_low,ci95_high
A,canonical,D1,24,24,VAR,,0,0,,
A,canonical,D1,24,24,VRR,,0,0,,
A,canonical,D1,24,24,VIR,,0,0,,
A,canonical,D1,24,24,IAR,,0,0,,
A,canonical,D1,24,24,IDR,,0,0,,
A,canonical,D1,24,24,IDR_indet,0.0,0,24,0.0,0.0
A,canonical,D1,24,24,coverage,1.0,24,24,1.0,1.0
A,canonical,D1,24,24,abstention,0.0,0,24,0.0,0.0
A,canonical,D1,24,24,decision_coverage,1.0,24,24,1.0,1.0
A,canonical,D1,24,24,accuracy,0.0,0,24,0.0,0.0
A,canonical,D2,24,24,VAR,,0,0,,
A,canonical,D2,24,24,VRR,,0,0,,
A,canonical,D2,24,24,VIR,,0,0,,
A,canonical,D2,24,24,IAR,,0,0,,
A,canonical,D2,24,24,IDR,,0,0,,
A,canonical,D2,24,24,IDR_indet,0.0,0,24,0.0,0.0
A,canonical,D2,24,24,coverage,1.0,24,24,1.0,1.0
A,canonical,D2,24,24,abstention,0.0,0,24,0.0,0.0
A,canonical,D2,24,24,decision_coverage,1.0,24,24,1.0,1.0
A,canonical,D2,24,24,accuracy,0.0,0,24,0.0,0.0
A,canonical,D3,24,24,VAR,,0,0,,
A,canonical,D3,24,24,VRR,,0,0,,
A,canonical,D3,24,24,VIR,,0,0,,
A,canonical,D3,24,24,IAR,,0,0,,
A,canonical,D3,24,24,IDR,,0,0,,
A,canonical,D3,24,24,IDR_indet,0.0,0,24,0.0,0.0
A,canonical,D3,24,24,coverage,1.0,24,24,1.0,1.0
A,canonical,D3,24,24,abstention,0.0,0,24,0.0,0.0
A,canonical,D3,24,24,decision_coverage,1.0,24,24,1.0,1.0
A,canonical,D3,24,24,accuracy,0.0,0,24,0.0,0.0
A,canonical,D4,24,24,VAR,,0,0,,
A,canonical,D4,24,24,VRR,,0,0,,
A,canonical,D4,24,24,VIR,,0,0,,
A,canonical,D4,24,24,IAR,,0,0,,
A,canonical,D4,24,24,IDR,,0,0,,
A,canonical,D4,24,24,IDR_indet,0.0,0,24,0.0,0.0
A,canonical,D4,24,24,coverage,1.0,24,24,1.0,1.0
A,canonical,D4,24,24,abstention,0.0,0,24,0.0,0.0
A,canonical,D4,24,24,decision_coverage,1.0,24,24,1.0,1.0
A,canonical,D4,24,24,accuracy,0.0,0,24,0.0,0.0
A,canonical,I1,24,24,VAR,,0,0,,
A,canonical,I1,24,24,VRR,,0,0,,
A,canonical,I1,24,24,VIR,,0,0,,
A,canonical,I1,24,24,IAR,0.0,0,24,0.0,0.0
A,canonical,I1,24,24,IDR,1.0,24,24,1.0,1.0
A,canonical,I1,24,24,IDR_indet,,0,0,,
A,canonical,I1,24,24,coverage,1.0,24,24,1.0,1.0
A,canonical,I1,24,24,abstention,0.0,0,24,0.0,0.0
A,canonical,I1,24,24,decision_coverage,1.0,24,24,1.0,1.0
A,canonical,I1,24,24,accuracy,1.0,24,24,1.0,1.0
A,canonical,I10,24,24,VAR,,0,0,,
A,canonical,I10,24,24,VRR,,0,0,,
A,canonical,I10,24,24,VIR,,0,0,,
A,canonical,I10,24,24,IAR,1.0,24,24,1.0,1.0
A,canonical,I10,24,24,IDR,0.0,0,24,0.0,0.0
A,canonical,I10,24,24,IDR_indet,,0,0,,
A,canonical,I10,24,24,coverage,1.0,24,24,1.0,1.0
A,canonical,I10,24,24,abstention,0.0,0,24,0.0,0.0
A,canonical,I10,24,24,decision_coverage,1.0,24,24,1.0,1.0
A,canonical,I10,24,24,accuracy,0.0,0,24,0.0,0.0
A,canonical,I2,24,24,VAR,,0,0,,
A,canonical,I2,24,24,VRR,,0,0,,
A,canonical,I2,24,24,VIR,,0,0,,
A,canonical,I2,24,24,IAR,1.0,24,24,1.0,1.0
A,canonical,I2,24,24,IDR,0.0,0,24,0.0,0.0
A,canonical,I2,24,24,IDR_indet,,0,0,,
A,canonical,I2,24,24,coverage,1.0,24,24,1.0,1.0
A,canonical,I2,24,24,abstention,0.0,0,24,0.0,0.0
A,canonical,I2,24,24,decision_coverage,1.0,24,24,1.0,1.0
A,canonical,I2,24,24,accuracy,0.0,0,24,0.0,0.0
A,canonical,I3,24,24,VAR,,0,0,,
A,canonical,I3,24,24,VRR,,0,0,,
A,canonical,I3,24,24,VIR,,0,0,,
A,canonical,I3,24,24,IAR,0.0,0,24,0.0,0.0
A,canonical,I3,24,24,IDR,1.0,24,24,1.0,1.0
A,canonical,I3,24,24,IDR_indet,,0,0,,
A,canonical,I3,24,24,coverage,1.0,24,24,1.0,1.0
A,canonical,I3,24,24,abstention,0.0,0,24,0.0,0.0
A,canonical,I3,24,24,decision_coverage,1.0,24,24,1.0,1.0
A,canonical,I3,24,24,accuracy,1.0,24,24,1.0,1.0
A,canonical,I4,24,24,VAR,,0,0,,
A,canonical,I4,24,24,VRR,,0,0,,
A,canonical,I4,24,24,VIR,,0,0,,
A,canonical,I4,24,24,IAR,1.0,24,24,1.0,1.0
A,canonical,I4,24,24,IDR,0.0,0,24,0.0,0.0
A,canonical,I4,24,24,IDR_indet,,0,0,,
A,canonical,I4,24,24,coverage,1.0,24,24,1.0,1.0
A,canonical,I4,24,24,abstention,0.0,0,24,0.0,0.0
A,canonical,I4,24,24,decision_coverage,1.0,24,24,1.0,1.0
A,canonical,I4,24,24,accuracy,0.0,0,24,0.0,0.0
A,canonical,I5,24,24,VAR,,0,0,,
A,canonical,I5,24,24,VRR,,0,0,,
A,canonical,I5,24,24,VIR,,0,0,,
A,canonical,I5,24,24,IAR,0.0,0,24,0.0,0.0
A,canonical,I5,24,24,IDR,1.0,24,24,1.0,1.0
A,canonical,I5,24,24,IDR_indet,,0,0,,
A,canonical,I5,24,24,coverage,1.0,24,24,1.0,1.0
A,canonical,I5,24,24,abstention,0.0,0,24,0.0,0.0
A,canonical,I5,24,24,decision_coverage,1.0,24,24,1.0,1.0
A,canonical,I5,24,24,accuracy,1.0,24,24,1.0,1.0
A,canonical,I6,24,24,VAR,,0,0,,
A,canonical,I6,24,24,VRR,,0,0,,
A,canonical,I6,24,24,VIR,,0,0,,
A,canonical,I6,24,24,IAR,1.0,24,24,1.0,1.0
A,canonical,I6,24,24,IDR,0.0,0,24,0.0,0.0
A,canonical,I6,24,24,IDR_indet,,0,0,,
A,canonical,I6,24,24,coverage,1.0,24,24,1.0,1.0
A,canonical,I6,24,24,abstention,0.0,0,24,0.0,0.0
A,canonical,I6,24,24,decision_coverage,1.0,24,24,1.0,1.0
A,canonical,I6,24,24,accuracy,0.0,0,24,0.0,0.0
A,canonical,I7,24,24,VAR,,0,0,,
A,canonical,I7,24,24,VRR,,0,0,,
A,canonical,I7,24,24,VIR,,0,0,,
A,canonical,I7,24,24,IAR,1.0,24,24,1.0,1.0
A,canonical,I7,24,24,IDR,0.0,0,24,0.0,0.0
A,canonical,I7,24,24,IDR_indet,,0,0,,
A,canonical,I7,24,24,coverage,1.0,24,24,1.0,1.0
A,canonical,I7,24,24,abstention,0.0,0,24,0.0,0.0
A,canonical,I7,24,24,decision_coverage,1.0,24,24,1.0,1.0
A,canonical,I7,24,24,accuracy,0.0,0,24,0.0,0.0
A,canonical,I8,24,24,VAR,,0,0,,
A,canonical,I8,24,24,VRR,,0,0,,
A,canonical,I8,24,24,VIR,,0,0,,
A,canonical,I8,24,24,IAR,0.0,0,24,0.0,0.0
A,canonical,I8,24,24,IDR,1.0,24,24,1.0,1.0
A,canonical,I8,24,24,IDR_indet,,0,0,,
A,canonical,I8,24,24,coverage,1.0,24,24,1.0,1.0
A,canonical,I8,24,24,abstention,0.0,0,24,0.0,0.0
A,canonical,I8,24,24,decision_coverage,1.0,24,24,1.0,1.0
A,canonical,I8,24,24,accuracy,1.0,24,24,1.0,1.0
A,canonical,I9,24,24,VAR,,0,0,,
A,canonical,I9,24,24,VRR,,0,0,,
A,canonical,I9,24,24,VIR,,0,0,,
A,canonical,I9,24,24,IAR,1.0,24,24,1.0,1.0
A,canonical,I9,24,24,IDR,0.0,0,24,0.0,0.0
A,canonical,I9,24,24,IDR_indet,,0,0,,
A,canonical,I9,24,24,coverage,1.0,24,24,1.0,1.0
A,canonical,I9,24,24,abstention,0.0,0,24,0.0,0.0
A,canonical,I9,24,24,decision_coverage,1.0,24,24,1.0,1.0
A,canonical,I9,24,24,accuracy,0.0,0,24,0.0,0.0
A,canonical,L1,24,24,VAR,1.0,24,24,1.0,1.0
A,canonical,L1,24,24,VRR,0.0,0,24,0.0,0.0
A,canonical,L1,24,24,VIR,0.0,0,24,0.0,0.0
A,canonical,L1,24,24,IAR,,0,0,,
A,canonical,L1,24,24,IDR,,0,0,,
A,canonical,L1,24,24,IDR_indet,,0,0,,
A,canonical,L1,24,24,coverage,1.0,24,24,1.0,1.0
A,canonical,L1,24,24,abstention,0.0,0,24,0.0,0.0
A,canonical,L1,24,24,decision_coverage,1.0,24,24,1.0,1.0
A,canonical,L1,24,24,accuracy,1.0,24,24,1.0,1.0
A,canonical,L10,24,24,VAR,1.0,24,24,1.0,1.0
A,canonical,L10,24,24,VRR,0.0,0,24,0.0,0.0
A,canonical,L10,24,24,VIR,0.0,0,24,0.0,0.0
A,canonical,L10,24,24,IAR,,0,0,,
A,canonical,L10,24,24,IDR,,0,0,,
A,canonical,L10,24,24,IDR_indet,,0,0,,
A,canonical,L10,24,24,coverage,1.0,24,24,1.0,1.0
A,canonical,L10,24,24,abstention,0.0,0,24,0.0,0.0
A,canonical,L10,24,24,decision_coverage,1.0,24,24,1.0,1.0
A,canonical,L10,24,24,accuracy,1.0,24,24,1.0,1.0
A,canonical,L2,24,24,VAR,0.0,0,24,0.0,0.0
A,canonical,L2,24,24,VRR,1.0,24,24,1.0,1.0
A,canonical,L2,24,24,VIR,0.0,0,24,0.0,0.0
A,canonical,L2,24,24,IAR,,0,0,,
A,canonical,L2,24,24,IDR,,0,0,,
A,canonical,L2,24,24,IDR_indet,,0,0,,
A,canonical,L2,24,24,coverage,1.0,24,24,1.0,1.0
A,canonical,L2,24,24,abstention,0.0,0,24,0.0,0.0
A,canonical,L2,24,24,decision_coverage,1.0,24,24,1.0,1.0
A,canonical,L2,24,24,accuracy,0.0,0,24,0.0,0.0
A,canonical,L3,24,24,VAR,0.875,21,24,0.75,1.0
A,canonical,L3,24,24,VRR,0.125,3,24,0.0,0.25
A,canonical,L3,24,24,VIR,0.0,0,24,0.0,0.0
A,canonical,L3,24,24,IAR,,0,0,,
A,canonical,L3,24,24,IDR,,0,0,,
A,canonical,L3,24,24,IDR_indet,,0,0,,
A,canonical,L3,24,24,coverage,1.0,24,24,1.0,1.0
A,canonical,L3,24,24,abstention,0.0,0,24,0.0,0.0
A,canonical,L3,24,24,decision_coverage,1.0,24,24,1.0,1.0
A,canonical,L3,24,24,accuracy,0.875,21,24,0.75,1.0
A,canonical,L4,24,24,VAR,1.0,24,24,1.0,1.0
A,canonical,L4,24,24,VRR,0.0,0,24,0.0,0.0
A,canonical,L4,24,24,VIR,0.0,0,24,0.0,0.0
A,canonical,L4,24,24,IAR,,0,0,,
A,canonical,L4,24,24,IDR,,0,0,,
A,canonical,L4,24,24,IDR_indet,,0,0,,
A,canonical,L4,24,24,coverage,1.0,24,24,1.0,1.0
A,canonical,L4,24,24,abstention,0.0,0,24,0.0,0.0
A,canonical,L4,24,24,decision_coverage,1.0,24,24,1.0,1.0
A,canonical,L4,24,24,accuracy,1.0,24,24,1.0,1.0
A,canonical,L5,24,24,VAR,0.0,0,24,0.0,0.0
A,canonical,L5,24,24,VRR,1.0,24,24,1.0,1.0
A,canonical,L5,24,24,VIR,0.0,0,24,0.0,0.0
A,canonical,L5,24,24,IAR,,0,0,,
A,canonical,L5,24,24,IDR,,0,0,,
A,canonical,L5,24,24,IDR_indet,,0,0,,
A,canonical,L5,24,24,coverage,1.0,24,24,1.0,1.0
A,canonical,L5,24,24,abstention,0.0,0,24,0.0,0.0
A,canonical,L5,24,24,decision_coverage,1.0,24,24,1.0,1.0
A,canonical,L5,24,24,accuracy,0.0,0,24,0.0,0.0
A,canonical,L6,24,24,VAR,1.0,24,24,1.0,1.0
A,canonical,L6,24,24,VRR,0.0,0,24,0.0,0.0
A,canonical,L6,24,24,VIR,0.0,0,24,0.0,0.0
A,canonical,L6,24,24,IAR,,0,0,,
A,canonical,L6,24,24,IDR,,0,0,,
A,canonical,L6,24,24,IDR_indet,,0,0,,
A,canonical,L6,24,24,coverage,1.0,24,24,1.0,1.0
A,canonical,L6,24,24,abstention,0.0,0,24,0.0,0.0
A,canonical,L6,24,24,decision_coverage,1.0,24,24,1.0,1.0
A,canonical,L6,24,24,accuracy,1.0,24,24,1.0,1.0
A,canonical,L7,24,24,VAR,1.0,24,24,1.0,1.0
A,canonical,L7,24,24,VRR,0.0,0,24,0.0,0.0
A,canonical,L7,24,24,VIR,0.0,0,24,0.0,0.0
A,canonical,L7,24,24,IAR,,0,0,,
A,canonical,L7,24,24,IDR,,0,0,,
A,canonical,L7,24,24,IDR_indet,,0,0,,
A,canonical,L7,24,24,coverage,1.0,24,24,1.0,1.0
A,canonical,L7,24,24,abstention,0.0,0,24,0.0,0.0
A,canonical,L7,24,24,decision_coverage,1.0,24,24,1.0,1.0
A,canonical,L7,24,24,accuracy,1.0,24,24,1.0,1.0
A,canonical,L8,24,24,VAR,1.0,24,24,1.0,1.0
A,canonical,L8,24,24,VRR,0.0,0,24,0.0,0.0
A,canonical,L8,24,24,VIR,0.0,0,24,0.0,0.0
A,canonical,L8,24,24,IAR,,0,0,,
A,canonical,L8,24,24,IDR,,0,0,,
A,canonical,L8,24,24,IDR_indet,,0,0,,
A,canonical,L8,24,24,coverage,1.0,24,24,1.0,1.0
A,canonical,L8,24,24,abstention,0.0,0,24,0.0,0.0
A,canonical,L8,24,24,decision_coverage,1.0,24,24,1.0,1.0
A,canonical,L8,24,24,accuracy,1.0,24,24,1.0,1.0
A,canonical,L9,24,24,VAR,1.0,24,24,1.0,1.0
A,canonical,L9,24,24,VRR,0.0,0,24,0.0,0.0
A,canonical,L9,24,24,VIR,0.0,0,24,0.0,0.0
A,canonical,L9,24,24,IAR,,0,0,,
A,canonical,L9,24,24,IDR,,0,0,,
A,canonical,L9,24,24,IDR_indet,,0,0,,
A,canonical,L9,24,24,coverage,1.0,24,24,1.0,1.0
A,canonical,L9,24,24,abstention,0.0,0,24,0.0,0.0
A,canonical,L9,24,24,decision_coverage,1.0,24,24,1.0,1.0
A,canonical,L9,24,24,accuracy,1.0,24,24,1.0,1.0
A,single_fault,D1,72,72,VAR,,0,0,,
A,single_fault,D1,72,72,VRR,,0,0,,
A,single_fault,D1,72,72,VIR,,0,0,,
A,single_fault,D1,72,72,IAR,,0,0,,
A,single_fault,D1,72,72,IDR,,0,0,,
A,single_fault,D1,72,72,IDR_indet,0.0,0,72,0.0,0.0
A,single_fault,D1,72,72,coverage,1.0,72,72,1.0,1.0
A,single_fault,D1,72,72,abstention,0.0,0,72,0.0,0.0
A,single_fault,D1,72,72,decision_coverage,1.0,72,72,1.0,1.0
A,single_fault,D1,72,72,accuracy,0.0,0,72,0.0,0.0
A,single_fault,D2,24,24,VAR,,0,0,,
A,single_fault,D2,24,24,VRR,,0,0,,
A,single_fault,D2,24,24,VIR,,0,0,,
A,single_fault,D2,24,24,IAR,,0,0,,
A,single_fault,D2,24,24,IDR,,0,0,,
A,single_fault,D2,24,24,IDR_indet,0.0,0,24,0.0,0.0
A,single_fault,D2,24,24,coverage,1.0,24,24,1.0,1.0
A,single_fault,D2,24,24,abstention,0.0,0,24,0.0,0.0
A,single_fault,D2,24,24,decision_coverage,1.0,24,24,1.0,1.0
A,single_fault,D2,24,24,accuracy,0.0,0,24,0.0,0.0
A,single_fault,D3,24,24,VAR,,0,0,,
A,single_fault,D3,24,24,VRR,,0,0,,
A,single_fault,D3,24,24,VIR,,0,0,,
A,single_fault,D3,24,24,IAR,,0,0,,
A,single_fault,D3,24,24,IDR,,0,0,,
A,single_fault,D3,24,24,IDR_indet,0.0,0,24,0.0,0.0
A,single_fault,D3,24,24,coverage,1.0,24,24,1.0,1.0
A,single_fault,D3,24,24,abstention,0.0,0,24,0.0,0.0
A,single_fault,D3,24,24,decision_coverage,1.0,24,24,1.0,1.0
A,single_fault,D3,24,24,accuracy,0.0,0,24,0.0,0.0
A,single_fault,D4,24,24,VAR,,0,0,,
A,single_fault,D4,24,24,VRR,,0,0,,
A,single_fault,D4,24,24,VIR,,0,0,,
A,single_fault,D4,24,24,IAR,,0,0,,
A,single_fault,D4,24,24,IDR,,0,0,,
A,single_fault,D4,24,24,IDR_indet,0.0,0,24,0.0,0.0
A,single_fault,D4,24,24,coverage,1.0,24,24,1.0,1.0
A,single_fault,D4,24,24,abstention,0.0,0,24,0.0,0.0
A,single_fault,D4,24,24,decision_coverage,1.0,24,24,1.0,1.0
A,single_fault,D4,24,24,accuracy,0.0,0,24,0.0,0.0
A,single_fault,I1,24,24,VAR,,0,0,,
A,single_fault,I1,24,24,VRR,,0,0,,
A,single_fault,I1,24,24,VIR,,0,0,,
A,single_fault,I1,24,24,IAR,1.0,24,24,1.0,1.0
A,single_fault,I1,24,24,IDR,0.0,0,24,0.0,0.0
A,single_fault,I1,24,24,IDR_indet,,0,0,,
A,single_fault,I1,24,24,coverage,1.0,24,24,1.0,1.0
A,single_fault,I1,24,24,abstention,0.0,0,24,0.0,0.0
A,single_fault,I1,24,24,decision_coverage,1.0,24,24,1.0,1.0
A,single_fault,I1,24,24,accuracy,0.0,0,24,0.0,0.0
A,single_fault,I10,24,24,VAR,,0,0,,
A,single_fault,I10,24,24,VRR,,0,0,,
A,single_fault,I10,24,24,VIR,,0,0,,
A,single_fault,I10,24,24,IAR,1.0,24,24,1.0,1.0
A,single_fault,I10,24,24,IDR,0.0,0,24,0.0,0.0
A,single_fault,I10,24,24,IDR_indet,,0,0,,
A,single_fault,I10,24,24,coverage,1.0,24,24,1.0,1.0
A,single_fault,I10,24,24,abstention,0.0,0,24,0.0,0.0
A,single_fault,I10,24,24,decision_coverage,1.0,24,24,1.0,1.0
A,single_fault,I10,24,24,accuracy,0.0,0,24,0.0,0.0
A,single_fault,I2,48,48,VAR,,0,0,,
A,single_fault,I2,48,48,VRR,,0,0,,
A,single_fault,I2,48,48,VIR,,0,0,,
A,single_fault,I2,48,48,IAR,1.0,48,48,1.0,1.0
A,single_fault,I2,48,48,IDR,0.0,0,48,0.0,0.0
A,single_fault,I2,48,48,IDR_indet,,0,0,,
A,single_fault,I2,48,48,coverage,1.0,48,48,1.0,1.0
A,single_fault,I2,48,48,abstention,0.0,0,48,0.0,0.0
A,single_fault,I2,48,48,decision_coverage,1.0,48,48,1.0,1.0
A,single_fault,I2,48,48,accuracy,0.0,0,48,0.0,0.0
A,single_fault,I3,24,24,VAR,,0,0,,
A,single_fault,I3,24,24,VRR,,0,0,,
A,single_fault,I3,24,24,VIR,,0,0,,
A,single_fault,I3,24,24,IAR,0.0,0,24,0.0,0.0
A,single_fault,I3,24,24,IDR,1.0,24,24,1.0,1.0
A,single_fault,I3,24,24,IDR_indet,,0,0,,
A,single_fault,I3,24,24,coverage,1.0,24,24,1.0,1.0
A,single_fault,I3,24,24,abstention,0.0,0,24,0.0,0.0
A,single_fault,I3,24,24,decision_coverage,1.0,24,24,1.0,1.0
A,single_fault,I3,24,24,accuracy,1.0,24,24,1.0,1.0
A,single_fault,I4,24,24,VAR,,0,0,,
A,single_fault,I4,24,24,VRR,,0,0,,
A,single_fault,I4,24,24,VIR,,0,0,,
A,single_fault,I4,24,24,IAR,1.0,24,24,1.0,1.0
A,single_fault,I4,24,24,IDR,0.0,0,24,0.0,0.0
A,single_fault,I4,24,24,IDR_indet,,0,0,,
A,single_fault,I4,24,24,coverage,1.0,24,24,1.0,1.0
A,single_fault,I4,24,24,abstention,0.0,0,24,0.0,0.0
A,single_fault,I4,24,24,decision_coverage,1.0,24,24,1.0,1.0
A,single_fault,I4,24,24,accuracy,0.0,0,24,0.0,0.0
A,single_fault,I5,24,24,VAR,,0,0,,
A,single_fault,I5,24,24,VRR,,0,0,,
A,single_fault,I5,24,24,VIR,,0,0,,
A,single_fault,I5,24,24,IAR,0.7083333333333334,17,24,0.5,0.875
A,single_fault,I5,24,24,IDR,0.2916666666666667,7,24,0.125,0.5
A,single_fault,I5,24,24,IDR_indet,,0,0,,
A,single_fault,I5,24,24,coverage,1.0,24,24,1.0,1.0
A,single_fault,I5,24,24,abstention,0.0,0,24,0.0,0.0
A,single_fault,I5,24,24,decision_coverage,1.0,24,24,1.0,1.0
A,single_fault,I5,24,24,accuracy,0.2916666666666667,7,24,0.125,0.5
A,single_fault,I6,24,24,VAR,,0,0,,
A,single_fault,I6,24,24,VRR,,0,0,,
A,single_fault,I6,24,24,VIR,,0,0,,
A,single_fault,I6,24,24,IAR,0.6666666666666666,16,24,0.4583333333333333,0.8333333333333334
A,single_fault,I6,24,24,IDR,0.3333333333333333,8,24,0.16666666666666666,0.5416666666666666
A,single_fault,I6,24,24,IDR_indet,,0,0,,
A,single_fault,I6,24,24,coverage,1.0,24,24,1.0,1.0
A,single_fault,I6,24,24,abstention,0.0,0,24,0.0,0.0
A,single_fault,I6,24,24,decision_coverage,1.0,24,24,1.0,1.0
A,single_fault,I6,24,24,accuracy,0.3333333333333333,8,24,0.16666666666666666,0.5416666666666666
A,single_fault,I7,24,24,VAR,,0,0,,
A,single_fault,I7,24,24,VRR,,0,0,,
A,single_fault,I7,24,24,VIR,,0,0,,
A,single_fault,I7,24,24,IAR,1.0,24,24,1.0,1.0
A,single_fault,I7,24,24,IDR,0.0,0,24,0.0,0.0
A,single_fault,I7,24,24,IDR_indet,,0,0,,
A,single_fault,I7,24,24,coverage,1.0,24,24,1.0,1.0
A,single_fault,I7,24,24,abstention,0.0,0,24,0.0,0.0
A,single_fault,I7,24,24,decision_coverage,1.0,24,24,1.0,1.0
A,single_fault,I7,24,24,accuracy,0.0,0,24,0.0,0.0
A,single_fault,I8,24,24,VAR,,0,0,,
A,single_fault,I8,24,24,VRR,,0,0,,
A,single_fault,I8,24,24,VIR,,0,0,,
A,single_fault,I8,24,24,IAR,1.0,24,24,1.0,1.0
A,single_fault,I8,24,24,IDR,0.0,0,24,0.0,0.0
A,single_fault,I8,24,24,IDR_indet,,0,0,,
A,single_fault,I8,24,24,coverage,1.0,24,24,1.0,1.0
A,single_fault,I8,24,24,abstention,0.0,0,24,0.0,0.0
A,single_fault,I8,24,24,decision_coverage,1.0,24,24,1.0,1.0
A,single_fault,I8,24,24,accuracy,0.0,0,24,0.0,0.0
A,single_fault,I9,96,96,VAR,,0,0,,
A,single_fault,I9,96,96,VRR,,0,0,,
A,single_fault,I9,96,96,VIR,,0,0,,
A,single_fault,I9,96,96,IAR,1.0,96,96,1.0,1.0
A,single_fault,I9,96,96,IDR,0.0,0,96,0.0,0.0
A,single_fault,I9,96,96,IDR_indet,,0,0,,
A,single_fault,I9,96,96,coverage,1.0,96,96,1.0,1.0
A,single_fault,I9,96,96,abstention,0.0,0,96,0.0,0.0
A,single_fault,I9,96,96,decision_coverage,1.0,96,96,1.0,1.0
A,single_fault,I9,96,96,accuracy,0.0,0,96,0.0,0.0
A,compound_fault,I2,24,24,VAR,,0,0,,
A,compound_fault,I2,24,24,VRR,,0,0,,
A,compound_fault,I2,24,24,VIR,,0,0,,
A,compound_fault,I2,24,24,IAR,1.0,24,24,1.0,1.0
A,compound_fault,I2,24,24,IDR,0.0,0,24,0.0,0.0
A,compound_fault,I2,24,24,IDR_indet,,0,0,,
A,compound_fault,I2,24,24,coverage,1.0,24,24,1.0,1.0
A,compound_fault,I2,24,24,abstention,0.0,0,24,0.0,0.0
A,compound_fault,I2,24,24,decision_coverage,1.0,24,24,1.0,1.0
A,compound_fault,I2,24,24,accuracy,0.0,0,24,0.0,0.0
A,compound_fault,I3,48,48,VAR,,0,0,,
A,compound_fault,I3,48,48,VRR,,0,0,,
A,compound_fault,I3,48,48,VIR,,0,0,,
A,compound_fault,I3,48,48,IAR,0.0,0,48,0.0,0.0
A,compound_fault,I3,48,48,IDR,1.0,48,48,1.0,1.0
A,compound_fault,I3,48,48,IDR_indet,,0,0,,
A,compound_fault,I3,48,48,coverage,1.0,48,48,1.0,1.0
A,compound_fault,I3,48,48,abstention,0.0,0,48,0.0,0.0
A,compound_fault,I3,48,48,decision_coverage,1.0,48,48,1.0,1.0
A,compound_fault,I3,48,48,accuracy,1.0,48,48,1.0,1.0
A,compound_fault,I5,24,24,VAR,,0,0,,
A,compound_fault,I5,24,24,VRR,,0,0,,
A,compound_fault,I5,24,24,VIR,,0,0,,
A,compound_fault,I5,24,24,IAR,1.0,24,24,1.0,1.0
A,compound_fault,I5,24,24,IDR,0.0,0,24,0.0,0.0
A,compound_fault,I5,24,24,IDR_indet,,0,0,,
A,compound_fault,I5,24,24,coverage,1.0,24,24,1.0,1.0
A,compound_fault,I5,24,24,abstention,0.0,0,24,0.0,0.0
A,compound_fault,I5,24,24,decision_coverage,1.0,24,24,1.0,1.0
A,compound_fault,I5,24,24,accuracy,0.0,0,24,0.0,0.0
A,all,D1,96,96,VAR,,0,0,,
A,all,D1,96,96,VRR,,0,0,,
A,all,D1,96,96,VIR,,0,0,,
A,all,D1,96,96,IAR,,0,0,,
A,all,D1,96,96,IDR,,0,0,,
A,all,D1,96,96,IDR_indet,0.0,0,96,0.0,0.0
A,all,D1,96,96,coverage,1.0,96,96,1.0,1.0
A,all,D1,96,96,abstention,0.0,0,96,0.0,0.0
A,all,D1,96,96,decision_coverage,1.0,96,96,1.0,1.0
A,all,D1,96,96,accuracy,0.0,0,96,0.0,0.0
A,all,D2,48,48,VAR,,0,0,,
A,all,D2,48,48,VRR,,0,0,,
A,all,D2,48,48,VIR,,0,0,,
A,all,D2,48,48,IAR,,0,0,,
A,all,D2,48,48,IDR,,0,0,,
A,all,D2,48,48,IDR_indet,0.0,0,48,0.0,0.0
A,all,D2,48,48,coverage,1.0,48,48,1.0,1.0
A,all,D2,48,48,abstention,0.0,0,48,0.0,0.0
A,all,D2,48,48,decision_coverage,1.0,48,48,1.0,1.0
A,all,D2,48,48,accuracy,0.0,0,48,0.0,0.0
A,all,D3,48,48,VAR,,0,0,,
A,all,D3,48,48,VRR,,0,0,,
A,all,D3,48,48,VIR,,0,0,,
A,all,D3,48,48,IAR,,0,0,,
A,all,D3,48,48,IDR,,0,0,,
A,all,D3,48,48,IDR_indet,0.0,0,48,0.0,0.0
A,all,D3,48,48,coverage,1.0,48,48,1.0,1.0
A,all,D3,48,48,abstention,0.0,0,48,0.0,0.0
A,all,D3,48,48,decision_coverage,1.0,48,48,1.0,1.0
A,all,D3,48,48,accuracy,0.0,0,48,0.0,0.0
A,all,D4,48,48,VAR,,0,0,,
A,all,D4,48,48,VRR,,0,0,,
A,all,D4,48,48,VIR,,0,0,,
A,all,D4,48,48,IAR,,0,0,,
A,all,D4,48,48,IDR,,0,0,,
A,all,D4,48,48,IDR_indet,0.0,0,48,0.0,0.0
A,all,D4,48,48,coverage,1.0,48,48,1.0,1.0
A,all,D4,48,48,abstention,0.0,0,48,0.0,0.0
A,all,D4,48,48,decision_coverage,1.0,48,48,1.0,1.0
A,all,D4,48,48,accuracy,0.0,0,48,0.0,0.0
A,all,I1,48,48,VAR,,0,0,,
A,all,I1,48,48,VRR,,0,0,,
A,all,I1,48,48,VIR,,0,0,,
A,all,I1,48,48,IAR,0.5,24,48,0.3541666666666667,0.6458333333333334
A,all,I1,48,48,IDR,0.5,24,48,0.3541666666666667,0.6458333333333334
A,all,I1,48,48,IDR_indet,,0,0,,
A,all,I1,48,48,coverage,1.0,48,48,1.0,1.0
A,all,I1,48,48,abstention,0.0,0,48,0.0,0.0
A,all,I1,48,48,decision_coverage,1.0,48,48,1.0,1.0
A,all,I1,48,48,accuracy,0.5,24,48,0.3541666666666667,0.6458333333333334
A,all,I10,48,48,VAR,,0,0,,
A,all,I10,48,48,VRR,,0,0,,
A,all,I10,48,48,VIR,,0,0,,
A,all,I10,48,48,IAR,1.0,48,48,1.0,1.0
A,all,I10,48,48,IDR,0.0,0,48,0.0,0.0
A,all,I10,48,48,IDR_indet,,0,0,,
A,all,I10,48,48,coverage,1.0,48,48,1.0,1.0
A,all,I10,48,48,abstention,0.0,0,48,0.0,0.0
A,all,I10,48,48,decision_coverage,1.0,48,48,1.0,1.0
A,all,I10,48,48,accuracy,0.0,0,48,0.0,0.0
A,all,I2,96,96,VAR,,0,0,,
A,all,I2,96,96,VRR,,0,0,,
A,all,I2,96,96,VIR,,0,0,,
A,all,I2,96,96,IAR,1.0,96,96,1.0,1.0
A,all,I2,96,96,IDR,0.0,0,96,0.0,0.0
A,all,I2,96,96,IDR_indet,,0,0,,
A,all,I2,96,96,coverage,1.0,96,96,1.0,1.0
A,all,I2,96,96,abstention,0.0,0,96,0.0,0.0
A,all,I2,96,96,decision_coverage,1.0,96,96,1.0,1.0
A,all,I2,96,96,accuracy,0.0,0,96,0.0,0.0
A,all,I3,96,96,VAR,,0,0,,
A,all,I3,96,96,VRR,,0,0,,
A,all,I3,96,96,VIR,,0,0,,
A,all,I3,96,96,IAR,0.0,0,96,0.0,0.0
A,all,I3,96,96,IDR,1.0,96,96,1.0,1.0
A,all,I3,96,96,IDR_indet,,0,0,,
A,all,I3,96,96,coverage,1.0,96,96,1.0,1.0
A,all,I3,96,96,abstention,0.0,0,96,0.0,0.0
A,all,I3,96,96,decision_coverage,1.0,96,96,1.0,1.0
A,all,I3,96,96,accuracy,1.0,96,96,1.0,1.0
A,all,I4,48,48,VAR,,0,0,,
A,all,I4,48,48,VRR,,0,0,,
A,all,I4,48,48,VIR,,0,0,,
A,all,I4,48,48,IAR,1.0,48,48,1.0,1.0
A,all,I4,48,48,IDR,0.0,0,48,0.0,0.0
A,all,I4,48,48,IDR_indet,,0,0,,
A,all,I4,48,48,coverage,1.0,48,48,1.0,1.0
A,all,I4,48,48,abstention,0.0,0,48,0.0,0.0
A,all,I4,48,48,decision_coverage,1.0,48,48,1.0,1.0
A,all,I4,48,48,accuracy,0.0,0,48,0.0,0.0
A,all,I5,72,72,VAR,,0,0,,
A,all,I5,72,72,VRR,,0,0,,
A,all,I5,72,72,VIR,,0,0,,
A,all,I5,72,72,IAR,0.5694444444444444,41,72,0.4583333333333333,0.6805555555555556
A,all,I5,72,72,IDR,0.4305555555555556,31,72,0.3194444444444444,0.5416666666666666
A,all,I5,72,72,IDR_indet,,0,0,,
A,all,I5,72,72,coverage,1.0,72,72,1.0,1.0
A,all,I5,72,72,abstention,0.0,0,72,0.0,0.0
A,all,I5,72,72,decision_coverage,1.0,72,72,1.0,1.0
A,all,I5,72,72,accuracy,0.4305555555555556,31,72,0.3194444444444444,0.5416666666666666
A,all,I6,48,48,VAR,,0,0,,
A,all,I6,48,48,VRR,,0,0,,
A,all,I6,48,48,VIR,,0,0,,
A,all,I6,48,48,IAR,0.8333333333333334,40,48,0.7286458333333333,0.9375
A,all,I6,48,48,IDR,0.16666666666666666,8,48,0.0625,0.2713541666666662
A,all,I6,48,48,IDR_indet,,0,0,,
A,all,I6,48,48,coverage,1.0,48,48,1.0,1.0
A,all,I6,48,48,abstention,0.0,0,48,0.0,0.0
A,all,I6,48,48,decision_coverage,1.0,48,48,1.0,1.0
A,all,I6,48,48,accuracy,0.16666666666666666,8,48,0.0625,0.2713541666666662
A,all,I7,48,48,VAR,,0,0,,
A,all,I7,48,48,VRR,,0,0,,
A,all,I7,48,48,VIR,,0,0,,
A,all,I7,48,48,IAR,1.0,48,48,1.0,1.0
A,all,I7,48,48,IDR,0.0,0,48,0.0,0.0
A,all,I7,48,48,IDR_indet,,0,0,,
A,all,I7,48,48,coverage,1.0,48,48,1.0,1.0
A,all,I7,48,48,abstention,0.0,0,48,0.0,0.0
A,all,I7,48,48,decision_coverage,1.0,48,48,1.0,1.0
A,all,I7,48,48,accuracy,0.0,0,48,0.0,0.0
A,all,I8,48,48,VAR,,0,0,,
A,all,I8,48,48,VRR,,0,0,,
A,all,I8,48,48,VIR,,0,0,,
A,all,I8,48,48,IAR,0.5,24,48,0.3541666666666667,0.6458333333333334
A,all,I8,48,48,IDR,0.5,24,48,0.3541666666666667,0.6458333333333334
A,all,I8,48,48,IDR_indet,,0,0,,
A,all,I8,48,48,coverage,1.0,48,48,1.0,1.0
A,all,I8,48,48,abstention,0.0,0,48,0.0,0.0
A,all,I8,48,48,decision_coverage,1.0,48,48,1.0,1.0
A,all,I8,48,48,accuracy,0.5,24,48,0.3541666666666667,0.6458333333333334
A,all,I9,120,120,VAR,,0,0,,
A,all,I9,120,120,VRR,,0,0,,
A,all,I9,120,120,VIR,,0,0,,
A,all,I9,120,120,IAR,1.0,120,120,1.0,1.0
A,all,I9,120,120,IDR,0.0,0,120,0.0,0.0
A,all,I9,120,120,IDR_indet,,0,0,,
A,all,I9,120,120,coverage,1.0,120,120,1.0,1.0
A,all,I9,120,120,abstention,0.0,0,120,0.0,0.0
A,all,I9,120,120,decision_coverage,1.0,120,120,1.0,1.0
A,all,I9,120,120,accuracy,0.0,0,120,0.0,0.0
A,all,L1,24,24,VAR,1.0,24,24,1.0,1.0
A,all,L1,24,24,VRR,0.0,0,24,0.0,0.0
A,all,L1,24,24,VIR,0.0,0,24,0.0,0.0
A,all,L1,24,24,IAR,,0,0,,
A,all,L1,24,24,IDR,,0,0,,
A,all,L1,24,24,IDR_indet,,0,0,,
A,all,L1,24,24,coverage,1.0,24,24,1.0,1.0
A,all,L1,24,24,abstention,0.0,0,24,0.0,0.0
A,all,L1,24,24,decision_coverage,1.0,24,24,1.0,1.0
A,all,L1,24,24,accuracy,1.0,24,24,1.0,1.0
A,all,L10,24,24,VAR,1.0,24,24,1.0,1.0
A,all,L10,24,24,VRR,0.0,0,24,0.0,0.0
A,all,L10,24,24,VIR,0.0,0,24,0.0,0.0
A,all,L10,24,24,IAR,,0,0,,
A,all,L10,24,24,IDR,,0,0,,
A,all,L10,24,24,IDR_indet,,0,0,,
A,all,L10,24,24,coverage,1.0,24,24,1.0,1.0
A,all,L10,24,24,abstention,0.0,0,24,0.0,0.0
A,all,L10,24,24,decision_coverage,1.0,24,24,1.0,1.0
A,all,L10,24,24,accuracy,1.0,24,24,1.0,1.0
A,all,L2,24,24,VAR,0.0,0,24,0.0,0.0
A,all,L2,24,24,VRR,1.0,24,24,1.0,1.0
A,all,L2,24,24,VIR,0.0,0,24,0.0,0.0
A,all,L2,24,24,IAR,,0,0,,
A,all,L2,24,24,IDR,,0,0,,
A,all,L2,24,24,IDR_indet,,0,0,,
A,all,L2,24,24,coverage,1.0,24,24,1.0,1.0
A,all,L2,24,24,abstention,0.0,0,24,0.0,0.0
A,all,L2,24,24,decision_coverage,1.0,24,24,1.0,1.0
A,all,L2,24,24,accuracy,0.0,0,24,0.0,0.0
A,all,L3,24,24,VAR,0.875,21,24,0.75,1.0
A,all,L3,24,24,VRR,0.125,3,24,0.0,0.25
A,all,L3,24,24,VIR,0.0,0,24,0.0,0.0
A,all,L3,24,24,IAR,,0,0,,
A,all,L3,24,24,IDR,,0,0,,
A,all,L3,24,24,IDR_indet,,0,0,,
A,all,L3,24,24,coverage,1.0,24,24,1.0,1.0
A,all,L3,24,24,abstention,0.0,0,24,0.0,0.0
A,all,L3,24,24,decision_coverage,1.0,24,24,1.0,1.0
A,all,L3,24,24,accuracy,0.875,21,24,0.75,1.0
A,all,L4,24,24,VAR,1.0,24,24,1.0,1.0
A,all,L4,24,24,VRR,0.0,0,24,0.0,0.0
A,all,L4,24,24,VIR,0.0,0,24,0.0,0.0
A,all,L4,24,24,IAR,,0,0,,
A,all,L4,24,24,IDR,,0,0,,
A,all,L4,24,24,IDR_indet,,0,0,,
A,all,L4,24,24,coverage,1.0,24,24,1.0,1.0
A,all,L4,24,24,abstention,0.0,0,24,0.0,0.0
A,all,L4,24,24,decision_coverage,1.0,24,24,1.0,1.0
A,all,L4,24,24,accuracy,1.0,24,24,1.0,1.0
A,all,L5,24,24,VAR,0.0,0,24,0.0,0.0
A,all,L5,24,24,VRR,1.0,24,24,1.0,1.0
A,all,L5,24,24,VIR,0.0,0,24,0.0,0.0
A,all,L5,24,24,IAR,,0,0,,
A,all,L5,24,24,IDR,,0,0,,
A,all,L5,24,24,IDR_indet,,0,0,,
A,all,L5,24,24,coverage,1.0,24,24,1.0,1.0
A,all,L5,24,24,abstention,0.0,0,24,0.0,0.0
A,all,L5,24,24,decision_coverage,1.0,24,24,1.0,1.0
A,all,L5,24,24,accuracy,0.0,0,24,0.0,0.0
A,all,L6,24,24,VAR,1.0,24,24,1.0,1.0
A,all,L6,24,24,VRR,0.0,0,24,0.0,0.0
A,all,L6,24,24,VIR,0.0,0,24,0.0,0.0
A,all,L6,24,24,IAR,,0,0,,
A,all,L6,24,24,IDR,,0,0,,
A,all,L6,24,24,IDR_indet,,0,0,,
A,all,L6,24,24,coverage,1.0,24,24,1.0,1.0
A,all,L6,24,24,abstention,0.0,0,24,0.0,0.0
A,all,L6,24,24,decision_coverage,1.0,24,24,1.0,1.0
A,all,L6,24,24,accuracy,1.0,24,24,1.0,1.0
A,all,L7,24,24,VAR,1.0,24,24,1.0,1.0
A,all,L7,24,24,VRR,0.0,0,24,0.0,0.0
A,all,L7,24,24,VIR,0.0,0,24,0.0,0.0
A,all,L7,24,24,IAR,,0,0,,
A,all,L7,24,24,IDR,,0,0,,
A,all,L7,24,24,IDR_indet,,0,0,,
A,all,L7,24,24,coverage,1.0,24,24,1.0,1.0
A,all,L7,24,24,abstention,0.0,0,24,0.0,0.0
A,all,L7,24,24,decision_coverage,1.0,24,24,1.0,1.0
A,all,L7,24,24,accuracy,1.0,24,24,1.0,1.0
A,all,L8,24,24,VAR,1.0,24,24,1.0,1.0
A,all,L8,24,24,VRR,0.0,0,24,0.0,0.0
A,all,L8,24,24,VIR,0.0,0,24,0.0,0.0
A,all,L8,24,24,IAR,,0,0,,
A,all,L8,24,24,IDR,,0,0,,
A,all,L8,24,24,IDR_indet,,0,0,,
A,all,L8,24,24,coverage,1.0,24,24,1.0,1.0
A,all,L8,24,24,abstention,0.0,0,24,0.0,0.0
A,all,L8,24,24,decision_coverage,1.0,24,24,1.0,1.0
A,all,L8,24,24,accuracy,1.0,24,24,1.0,1.0
A,all,L9,24,24,VAR,1.0,24,24,1.0,1.0
A,all,L9,24,24,VRR,0.0,0,24,0.0,0.0
A,all,L9,24,24,VIR,0.0,0,24,0.0,0.0
A,all,L9,24,24,IAR,,0,0,,
A,all,L9,24,24,IDR,,0,0,,
A,all,L9,24,24,IDR_indet,,0,0,,
A,all,L9,24,24,coverage,1.0,24,24,1.0,1.0
A,all,L9,24,24,abstention,0.0,0,24,0.0,0.0
A,all,L9,24,24,decision_coverage,1.0,24,24,1.0,1.0
A,all,L9,24,24,accuracy,1.0,24,24,1.0,1.0
B,canonical,D1,24,24,VAR,,0,0,,
B,canonical,D1,24,24,VRR,,0,0,,
B,canonical,D1,24,24,VIR,,0,0,,
B,canonical,D1,24,24,IAR,,0,0,,
B,canonical,D1,24,24,IDR,,0,0,,
B,canonical,D1,24,24,IDR_indet,0.0,0,24,0.0,0.0
B,canonical,D1,24,24,coverage,1.0,24,24,1.0,1.0
B,canonical,D1,24,24,abstention,0.0,0,24,0.0,0.0
B,canonical,D1,24,24,decision_coverage,1.0,24,24,1.0,1.0
B,canonical,D1,24,24,accuracy,0.0,0,24,0.0,0.0
B,canonical,D2,24,24,VAR,,0,0,,
B,canonical,D2,24,24,VRR,,0,0,,
B,canonical,D2,24,24,VIR,,0,0,,
B,canonical,D2,24,24,IAR,,0,0,,
B,canonical,D2,24,24,IDR,,0,0,,
B,canonical,D2,24,24,IDR_indet,0.0,0,24,0.0,0.0
B,canonical,D2,24,24,coverage,1.0,24,24,1.0,1.0
B,canonical,D2,24,24,abstention,0.0,0,24,0.0,0.0
B,canonical,D2,24,24,decision_coverage,1.0,24,24,1.0,1.0
B,canonical,D2,24,24,accuracy,0.0,0,24,0.0,0.0
B,canonical,D3,24,24,VAR,,0,0,,
B,canonical,D3,24,24,VRR,,0,0,,
B,canonical,D3,24,24,VIR,,0,0,,
B,canonical,D3,24,24,IAR,,0,0,,
B,canonical,D3,24,24,IDR,,0,0,,
B,canonical,D3,24,24,IDR_indet,0.0,0,24,0.0,0.0
B,canonical,D3,24,24,coverage,1.0,24,24,1.0,1.0
B,canonical,D3,24,24,abstention,0.0,0,24,0.0,0.0
B,canonical,D3,24,24,decision_coverage,1.0,24,24,1.0,1.0
B,canonical,D3,24,24,accuracy,0.0,0,24,0.0,0.0
B,canonical,D4,24,24,VAR,,0,0,,
B,canonical,D4,24,24,VRR,,0,0,,
B,canonical,D4,24,24,VIR,,0,0,,
B,canonical,D4,24,24,IAR,,0,0,,
B,canonical,D4,24,24,IDR,,0,0,,
B,canonical,D4,24,24,IDR_indet,0.0,0,24,0.0,0.0
B,canonical,D4,24,24,coverage,1.0,24,24,1.0,1.0
B,canonical,D4,24,24,abstention,0.0,0,24,0.0,0.0
B,canonical,D4,24,24,decision_coverage,1.0,24,24,1.0,1.0
B,canonical,D4,24,24,accuracy,0.0,0,24,0.0,0.0
B,canonical,I1,24,24,VAR,,0,0,,
B,canonical,I1,24,24,VRR,,0,0,,
B,canonical,I1,24,24,VIR,,0,0,,
B,canonical,I1,24,24,IAR,1.0,24,24,1.0,1.0
B,canonical,I1,24,24,IDR,0.0,0,24,0.0,0.0
B,canonical,I1,24,24,IDR_indet,,0,0,,
B,canonical,I1,24,24,coverage,1.0,24,24,1.0,1.0
B,canonical,I1,24,24,abstention,0.0,0,24,0.0,0.0
B,canonical,I1,24,24,decision_coverage,1.0,24,24,1.0,1.0
B,canonical,I1,24,24,accuracy,0.0,0,24,0.0,0.0
B,canonical,I10,24,24,VAR,,0,0,,
B,canonical,I10,24,24,VRR,,0,0,,
B,canonical,I10,24,24,VIR,,0,0,,
B,canonical,I10,24,24,IAR,1.0,24,24,1.0,1.0
B,canonical,I10,24,24,IDR,0.0,0,24,0.0,0.0
B,canonical,I10,24,24,IDR_indet,,0,0,,
B,canonical,I10,24,24,coverage,1.0,24,24,1.0,1.0
B,canonical,I10,24,24,abstention,0.0,0,24,0.0,0.0
B,canonical,I10,24,24,decision_coverage,1.0,24,24,1.0,1.0
B,canonical,I10,24,24,accuracy,0.0,0,24,0.0,0.0
B,canonical,I2,24,24,VAR,,0,0,,
B,canonical,I2,24,24,VRR,,0,0,,
B,canonical,I2,24,24,VIR,,0,0,,
B,canonical,I2,24,24,IAR,1.0,24,24,1.0,1.0
B,canonical,I2,24,24,IDR,0.0,0,24,0.0,0.0
B,canonical,I2,24,24,IDR_indet,,0,0,,
B,canonical,I2,24,24,coverage,1.0,24,24,1.0,1.0
B,canonical,I2,24,24,abstention,0.0,0,24,0.0,0.0
B,canonical,I2,24,24,decision_coverage,1.0,24,24,1.0,1.0
B,canonical,I2,24,24,accuracy,0.0,0,24,0.0,0.0
B,canonical,I3,24,24,VAR,,0,0,,
B,canonical,I3,24,24,VRR,,0,0,,
B,canonical,I3,24,24,VIR,,0,0,,
B,canonical,I3,24,24,IAR,1.0,24,24,1.0,1.0
B,canonical,I3,24,24,IDR,0.0,0,24,0.0,0.0
B,canonical,I3,24,24,IDR_indet,,0,0,,
B,canonical,I3,24,24,coverage,1.0,24,24,1.0,1.0
B,canonical,I3,24,24,abstention,0.0,0,24,0.0,0.0
B,canonical,I3,24,24,decision_coverage,1.0,24,24,1.0,1.0
B,canonical,I3,24,24,accuracy,0.0,0,24,0.0,0.0
B,canonical,I4,24,24,VAR,,0,0,,
B,canonical,I4,24,24,VRR,,0,0,,
B,canonical,I4,24,24,VIR,,0,0,,
B,canonical,I4,24,24,IAR,1.0,24,24,1.0,1.0
B,canonical,I4,24,24,IDR,0.0,0,24,0.0,0.0
B,canonical,I4,24,24,IDR_indet,,0,0,,
B,canonical,I4,24,24,coverage,1.0,24,24,1.0,1.0
B,canonical,I4,24,24,abstention,0.0,0,24,0.0,0.0
B,canonical,I4,24,24,decision_coverage,1.0,24,24,1.0,1.0
B,canonical,I4,24,24,accuracy,0.0,0,24,0.0,0.0
B,canonical,I5,24,24,VAR,,0,0,,
B,canonical,I5,24,24,VRR,,0,0,,
B,canonical,I5,24,24,VIR,,0,0,,
B,canonical,I5,24,24,IAR,1.0,24,24,1.0,1.0
B,canonical,I5,24,24,IDR,0.0,0,24,0.0,0.0
B,canonical,I5,24,24,IDR_indet,,0,0,,
B,canonical,I5,24,24,coverage,1.0,24,24,1.0,1.0
B,canonical,I5,24,24,abstention,0.0,0,24,0.0,0.0
B,canonical,I5,24,24,decision_coverage,1.0,24,24,1.0,1.0
B,canonical,I5,24,24,accuracy,0.0,0,24,0.0,0.0
B,canonical,I6,24,24,VAR,,0,0,,
B,canonical,I6,24,24,VRR,,0,0,,
B,canonical,I6,24,24,VIR,,0,0,,
B,canonical,I6,24,24,IAR,1.0,24,24,1.0,1.0
B,canonical,I6,24,24,IDR,0.0,0,24,0.0,0.0
B,canonical,I6,24,24,IDR_indet,,0,0,,
B,canonical,I6,24,24,coverage,1.0,24,24,1.0,1.0
B,canonical,I6,24,24,abstention,0.0,0,24,0.0,0.0
B,canonical,I6,24,24,decision_coverage,1.0,24,24,1.0,1.0
B,canonical,I6,24,24,accuracy,0.0,0,24,0.0,0.0
B,canonical,I7,24,24,VAR,,0,0,,
B,canonical,I7,24,24,VRR,,0,0,,
B,canonical,I7,24,24,VIR,,0,0,,
B,canonical,I7,24,24,IAR,1.0,24,24,1.0,1.0
B,canonical,I7,24,24,IDR,0.0,0,24,0.0,0.0
B,canonical,I7,24,24,IDR_indet,,0,0,,
B,canonical,I7,24,24,coverage,1.0,24,24,1.0,1.0
B,canonical,I7,24,24,abstention,0.0,0,24,0.0,0.0
B,canonical,I7,24,24,decision_coverage,1.0,24,24,1.0,1.0
B,canonical,I7,24,24,accuracy,0.0,0,24,0.0,0.0
B,canonical,I8,24,24,VAR,,0,0,,
B,canonical,I8,24,24,VRR,,0,0,,
B,canonical,I8,24,24,VIR,,0,0,,
B,canonical,I8,24,24,IAR,1.0,24,24,1.0,1.0
B,canonical,I8,24,24,IDR,0.0,0,24,0.0,0.0
B,canonical,I8,24,24,IDR_indet,,0,0,,
B,canonical,I8,24,24,coverage,1.0,24,24,1.0,1.0
B,canonical,I8,24,24,abstention,0.0,0,24,0.0,0.0
B,canonical,I8,24,24,decision_coverage,1.0,24,24,1.0,1.0
B,canonical,I8,24,24,accuracy,0.0,0,24,0.0,0.0
B,canonical,I9,24,24,VAR,,0,0,,
B,canonical,I9,24,24,VRR,,0,0,,
B,canonical,I9,24,24,VIR,,0,0,,
B,canonical,I9,24,24,IAR,1.0,24,24,1.0,1.0
B,canonical,I9,24,24,IDR,0.0,0,24,0.0,0.0
B,canonical,I9,24,24,IDR_indet,,0,0,,
B,canonical,I9,24,24,coverage,1.0,24,24,1.0,1.0
B,canonical,I9,24,24,abstention,0.0,0,24,0.0,0.0
B,canonical,I9,24,24,decision_coverage,1.0,24,24,1.0,1.0
B,canonical,I9,24,24,accuracy,0.0,0,24,0.0,0.0
B,canonical,L1,24,24,VAR,1.0,24,24,1.0,1.0
B,canonical,L1,24,24,VRR,0.0,0,24,0.0,0.0
B,canonical,L1,24,24,VIR,0.0,0,24,0.0,0.0
B,canonical,L1,24,24,IAR,,0,0,,
B,canonical,L1,24,24,IDR,,0,0,,
B,canonical,L1,24,24,IDR_indet,,0,0,,
B,canonical,L1,24,24,coverage,1.0,24,24,1.0,1.0
B,canonical,L1,24,24,abstention,0.0,0,24,0.0,0.0
B,canonical,L1,24,24,decision_coverage,1.0,24,24,1.0,1.0
B,canonical,L1,24,24,accuracy,1.0,24,24,1.0,1.0
B,canonical,L10,24,24,VAR,1.0,24,24,1.0,1.0
B,canonical,L10,24,24,VRR,0.0,0,24,0.0,0.0
B,canonical,L10,24,24,VIR,0.0,0,24,0.0,0.0
B,canonical,L10,24,24,IAR,,0,0,,
B,canonical,L10,24,24,IDR,,0,0,,
B,canonical,L10,24,24,IDR_indet,,0,0,,
B,canonical,L10,24,24,coverage,1.0,24,24,1.0,1.0
B,canonical,L10,24,24,abstention,0.0,0,24,0.0,0.0
B,canonical,L10,24,24,decision_coverage,1.0,24,24,1.0,1.0
B,canonical,L10,24,24,accuracy,1.0,24,24,1.0,1.0
B,canonical,L2,24,24,VAR,1.0,24,24,1.0,1.0
B,canonical,L2,24,24,VRR,0.0,0,24,0.0,0.0
B,canonical,L2,24,24,VIR,0.0,0,24,0.0,0.0
B,canonical,L2,24,24,IAR,,0,0,,
B,canonical,L2,24,24,IDR,,0,0,,
B,canonical,L2,24,24,IDR_indet,,0,0,,
B,canonical,L2,24,24,coverage,1.0,24,24,1.0,1.0
B,canonical,L2,24,24,abstention,0.0,0,24,0.0,0.0
B,canonical,L2,24,24,decision_coverage,1.0,24,24,1.0,1.0
B,canonical,L2,24,24,accuracy,1.0,24,24,1.0,1.0
B,canonical,L3,24,24,VAR,1.0,24,24,1.0,1.0
B,canonical,L3,24,24,VRR,0.0,0,24,0.0,0.0
B,canonical,L3,24,24,VIR,0.0,0,24,0.0,0.0
B,canonical,L3,24,24,IAR,,0,0,,
B,canonical,L3,24,24,IDR,,0,0,,
B,canonical,L3,24,24,IDR_indet,,0,0,,
B,canonical,L3,24,24,coverage,1.0,24,24,1.0,1.0
B,canonical,L3,24,24,abstention,0.0,0,24,0.0,0.0
B,canonical,L3,24,24,decision_coverage,1.0,24,24,1.0,1.0
B,canonical,L3,24,24,accuracy,1.0,24,24,1.0,1.0
B,canonical,L4,24,24,VAR,1.0,24,24,1.0,1.0
B,canonical,L4,24,24,VRR,0.0,0,24,0.0,0.0
B,canonical,L4,24,24,VIR,0.0,0,24,0.0,0.0
B,canonical,L4,24,24,IAR,,0,0,,
B,canonical,L4,24,24,IDR,,0,0,,
B,canonical,L4,24,24,IDR_indet,,0,0,,
B,canonical,L4,24,24,coverage,1.0,24,24,1.0,1.0
B,canonical,L4,24,24,abstention,0.0,0,24,0.0,0.0
B,canonical,L4,24,24,decision_coverage,1.0,24,24,1.0,1.0
B,canonical,L4,24,24,accuracy,1.0,24,24,1.0,1.0
B,canonical,L5,24,24,VAR,1.0,24,24,1.0,1.0
B,canonical,L5,24,24,VRR,0.0,0,24,0.0,0.0
B,canonical,L5,24,24,VIR,0.0,0,24,0.0,0.0
B,canonical,L5,24,24,IAR,,0,0,,
B,canonical,L5,24,24,IDR,,0,0,,
B,canonical,L5,24,24,IDR_indet,,0,0,,
B,canonical,L5,24,24,coverage,1.0,24,24,1.0,1.0
B,canonical,L5,24,24,abstention,0.0,0,24,0.0,0.0
B,canonical,L5,24,24,decision_coverage,1.0,24,24,1.0,1.0
B,canonical,L5,24,24,accuracy,1.0,24,24,1.0,1.0
B,canonical,L6,24,24,VAR,1.0,24,24,1.0,1.0
B,canonical,L6,24,24,VRR,0.0,0,24,0.0,0.0
B,canonical,L6,24,24,VIR,0.0,0,24,0.0,0.0
B,canonical,L6,24,24,IAR,,0,0,,
B,canonical,L6,24,24,IDR,,0,0,,
B,canonical,L6,24,24,IDR_indet,,0,0,,
B,canonical,L6,24,24,coverage,1.0,24,24,1.0,1.0
B,canonical,L6,24,24,abstention,0.0,0,24,0.0,0.0
B,canonical,L6,24,24,decision_coverage,1.0,24,24,1.0,1.0
B,canonical,L6,24,24,accuracy,1.0,24,24,1.0,1.0
B,canonical,L7,24,24,VAR,1.0,24,24,1.0,1.0
B,canonical,L7,24,24,VRR,0.0,0,24,0.0,0.0
B,canonical,L7,24,24,VIR,0.0,0,24,0.0,0.0
B,canonical,L7,24,24,IAR,,0,0,,
B,canonical,L7,24,24,IDR,,0,0,,
B,canonical,L7,24,24,IDR_indet,,0,0,,
B,canonical,L7,24,24,coverage,1.0,24,24,1.0,1.0
B,canonical,L7,24,24,abstention,0.0,0,24,0.0,0.0
B,canonical,L7,24,24,decision_coverage,1.0,24,24,1.0,1.0
B,canonical,L7,24,24,accuracy,1.0,24,24,1.0,1.0
B,canonical,L8,24,24,VAR,1.0,24,24,1.0,1.0
B,canonical,L8,24,24,VRR,0.0,0,24,0.0,0.0
B,canonical,L8,24,24,VIR,0.0,0,24,0.0,0.0
B,canonical,L8,24,24,IAR,,0,0,,
B,canonical,L8,24,24,IDR,,0,0,,
B,canonical,L8,24,24,IDR_indet,,0,0,,
B,canonical,L8,24,24,coverage,1.0,24,24,1.0,1.0
B,canonical,L8,24,24,abstention,0.0,0,24,0.0,0.0
B,canonical,L8,24,24,decision_coverage,1.0,24,24,1.0,1.0
B,canonical,L8,24,24,accuracy,1.0,24,24,1.0,1.0
B,canonical,L9,24,24,VAR,1.0,24,24,1.0,1.0
B,canonical,L9,24,24,VRR,0.0,0,24,0.0,0.0
B,canonical,L9,24,24,VIR,0.0,0,24,0.0,0.0
B,canonical,L9,24,24,IAR,,0,0,,
B,canonical,L9,24,24,IDR,,0,0,,
B,canonical,L9,24,24,IDR_indet,,0,0,,
B,canonical,L9,24,24,coverage,1.0,24,24,1.0,1.0
B,canonical,L9,24,24,abstention,0.0,0,24,0.0,0.0
B,canonical,L9,24,24,decision_coverage,1.0,24,24,1.0,1.0
B,canonical,L9,24,24,accuracy,1.0,24,24,1.0,1.0
B,single_fault,D1,72,72,VAR,,0,0,,
B,single_fault,D1,72,72,VRR,,0,0,,
B,single_fault,D1,72,72,VIR,,0,0,,
B,single_fault,D1,72,72,IAR,,0,0,,
B,single_fault,D1,72,72,IDR,,0,0,,
B,single_fault,D1,72,72,IDR_indet,0.0,0,72,0.0,0.0
B,single_fault,D1,72,72,coverage,1.0,72,72,1.0,1.0
B,single_fault,D1,72,72,abstention,0.0,0,72,0.0,0.0
B,single_fault,D1,72,72,decision_coverage,1.0,72,72,1.0,1.0
B,single_fault,D1,72,72,accuracy,0.0,0,72,0.0,0.0
B,single_fault,D2,24,24,VAR,,0,0,,
B,single_fault,D2,24,24,VRR,,0,0,,
B,single_fault,D2,24,24,VIR,,0,0,,
B,single_fault,D2,24,24,IAR,,0,0,,
B,single_fault,D2,24,24,IDR,,0,0,,
B,single_fault,D2,24,24,IDR_indet,0.0,0,24,0.0,0.0
B,single_fault,D2,24,24,coverage,1.0,24,24,1.0,1.0
B,single_fault,D2,24,24,abstention,0.0,0,24,0.0,0.0
B,single_fault,D2,24,24,decision_coverage,1.0,24,24,1.0,1.0
B,single_fault,D2,24,24,accuracy,0.0,0,24,0.0,0.0
B,single_fault,D3,24,24,VAR,,0,0,,
B,single_fault,D3,24,24,VRR,,0,0,,
B,single_fault,D3,24,24,VIR,,0,0,,
B,single_fault,D3,24,24,IAR,,0,0,,
B,single_fault,D3,24,24,IDR,,0,0,,
B,single_fault,D3,24,24,IDR_indet,0.0,0,24,0.0,0.0
B,single_fault,D3,24,24,coverage,1.0,24,24,1.0,1.0
B,single_fault,D3,24,24,abstention,0.0,0,24,0.0,0.0
B,single_fault,D3,24,24,decision_coverage,1.0,24,24,1.0,1.0
B,single_fault,D3,24,24,accuracy,0.0,0,24,0.0,0.0
B,single_fault,D4,24,24,VAR,,0,0,,
B,single_fault,D4,24,24,VRR,,0,0,,
B,single_fault,D4,24,24,VIR,,0,0,,
B,single_fault,D4,24,24,IAR,,0,0,,
B,single_fault,D4,24,24,IDR,,0,0,,
B,single_fault,D4,24,24,IDR_indet,0.0,0,24,0.0,0.0
B,single_fault,D4,24,24,coverage,1.0,24,24,1.0,1.0
B,single_fault,D4,24,24,abstention,0.0,0,24,0.0,0.0
B,single_fault,D4,24,24,decision_coverage,1.0,24,24,1.0,1.0
B,single_fault,D4,24,24,accuracy,0.0,0,24,0.0,0.0
B,single_fault,I1,24,24,VAR,,0,0,,
B,single_fault,I1,24,24,VRR,,0,0,,
B,single_fault,I1,24,24,VIR,,0,0,,
B,single_fault,I1,24,24,IAR,1.0,24,24,1.0,1.0
B,single_fault,I1,24,24,IDR,0.0,0,24,0.0,0.0
B,single_fault,I1,24,24,IDR_indet,,0,0,,
B,single_fault,I1,24,24,coverage,1.0,24,24,1.0,1.0
B,single_fault,I1,24,24,abstention,0.0,0,24,0.0,0.0
B,single_fault,I1,24,24,decision_coverage,1.0,24,24,1.0,1.0
B,single_fault,I1,24,24,accuracy,0.0,0,24,0.0,0.0
B,single_fault,I10,24,24,VAR,,0,0,,
B,single_fault,I10,24,24,VRR,,0,0,,
B,single_fault,I10,24,24,VIR,,0,0,,
B,single_fault,I10,24,24,IAR,1.0,24,24,1.0,1.0
B,single_fault,I10,24,24,IDR,0.0,0,24,0.0,0.0
B,single_fault,I10,24,24,IDR_indet,,0,0,,
B,single_fault,I10,24,24,coverage,1.0,24,24,1.0,1.0
B,single_fault,I10,24,24,abstention,0.0,0,24,0.0,0.0
B,single_fault,I10,24,24,decision_coverage,1.0,24,24,1.0,1.0
B,single_fault,I10,24,24,accuracy,0.0,0,24,0.0,0.0
B,single_fault,I2,48,48,VAR,,0,0,,
B,single_fault,I2,48,48,VRR,,0,0,,
B,single_fault,I2,48,48,VIR,,0,0,,
B,single_fault,I2,48,48,IAR,1.0,48,48,1.0,1.0
B,single_fault,I2,48,48,IDR,0.0,0,48,0.0,0.0
B,single_fault,I2,48,48,IDR_indet,,0,0,,
B,single_fault,I2,48,48,coverage,1.0,48,48,1.0,1.0
B,single_fault,I2,48,48,abstention,0.0,0,48,0.0,0.0
B,single_fault,I2,48,48,decision_coverage,1.0,48,48,1.0,1.0
B,single_fault,I2,48,48,accuracy,0.0,0,48,0.0,0.0
B,single_fault,I3,24,24,VAR,,0,0,,
B,single_fault,I3,24,24,VRR,,0,0,,
B,single_fault,I3,24,24,VIR,,0,0,,
B,single_fault,I3,24,24,IAR,1.0,24,24,1.0,1.0
B,single_fault,I3,24,24,IDR,0.0,0,24,0.0,0.0
B,single_fault,I3,24,24,IDR_indet,,0,0,,
B,single_fault,I3,24,24,coverage,1.0,24,24,1.0,1.0
B,single_fault,I3,24,24,abstention,0.0,0,24,0.0,0.0
B,single_fault,I3,24,24,decision_coverage,1.0,24,24,1.0,1.0
B,single_fault,I3,24,24,accuracy,0.0,0,24,0.0,0.0
B,single_fault,I4,24,24,VAR,,0,0,,
B,single_fault,I4,24,24,VRR,,0,0,,
B,single_fault,I4,24,24,VIR,,0,0,,
B,single_fault,I4,24,24,IAR,1.0,24,24,1.0,1.0
B,single_fault,I4,24,24,IDR,0.0,0,24,0.0,0.0
B,single_fault,I4,24,24,IDR_indet,,0,0,,
B,single_fault,I4,24,24,coverage,1.0,24,24,1.0,1.0
B,single_fault,I4,24,24,abstention,0.0,0,24,0.0,0.0
B,single_fault,I4,24,24,decision_coverage,1.0,24,24,1.0,1.0
B,single_fault,I4,24,24,accuracy,0.0,0,24,0.0,0.0
B,single_fault,I5,24,24,VAR,,0,0,,
B,single_fault,I5,24,24,VRR,,0,0,,
B,single_fault,I5,24,24,VIR,,0,0,,
B,single_fault,I5,24,24,IAR,1.0,24,24,1.0,1.0
B,single_fault,I5,24,24,IDR,0.0,0,24,0.0,0.0
B,single_fault,I5,24,24,IDR_indet,,0,0,,
B,single_fault,I5,24,24,coverage,1.0,24,24,1.0,1.0
B,single_fault,I5,24,24,abstention,0.0,0,24,0.0,0.0
B,single_fault,I5,24,24,decision_coverage,1.0,24,24,1.0,1.0
B,single_fault,I5,24,24,accuracy,0.0,0,24,0.0,0.0
B,single_fault,I6,24,24,VAR,,0,0,,
B,single_fault,I6,24,24,VRR,,0,0,,
B,single_fault,I6,24,24,VIR,,0,0,,
B,single_fault,I6,24,24,IAR,1.0,24,24,1.0,1.0
B,single_fault,I6,24,24,IDR,0.0,0,24,0.0,0.0
B,single_fault,I6,24,24,IDR_indet,,0,0,,
B,single_fault,I6,24,24,coverage,1.0,24,24,1.0,1.0
B,single_fault,I6,24,24,abstention,0.0,0,24,0.0,0.0
B,single_fault,I6,24,24,decision_coverage,1.0,24,24,1.0,1.0
B,single_fault,I6,24,24,accuracy,0.0,0,24,0.0,0.0
B,single_fault,I7,24,24,VAR,,0,0,,
B,single_fault,I7,24,24,VRR,,0,0,,
B,single_fault,I7,24,24,VIR,,0,0,,
B,single_fault,I7,24,24,IAR,1.0,24,24,1.0,1.0
B,single_fault,I7,24,24,IDR,0.0,0,24,0.0,0.0
B,single_fault,I7,24,24,IDR_indet,,0,0,,
B,single_fault,I7,24,24,coverage,1.0,24,24,1.0,1.0
B,single_fault,I7,24,24,abstention,0.0,0,24,0.0,0.0
B,single_fault,I7,24,24,decision_coverage,1.0,24,24,1.0,1.0
B,single_fault,I7,24,24,accuracy,0.0,0,24,0.0,0.0
B,single_fault,I8,24,24,VAR,,0,0,,
B,single_fault,I8,24,24,VRR,,0,0,,
B,single_fault,I8,24,24,VIR,,0,0,,
B,single_fault,I8,24,24,IAR,1.0,24,24,1.0,1.0
B,single_fault,I8,24,24,IDR,0.0,0,24,0.0,0.0
B,single_fault,I8,24,24,IDR_indet,,0,0,,
B,single_fault,I8,24,24,coverage,1.0,24,24,1.0,1.0
B,single_fault,I8,24,24,abstention,0.0,0,24,0.0,0.0
B,single_fault,I8,24,24,decision_coverage,1.0,24,24,1.0,1.0
B,single_fault,I8,24,24,accuracy,0.0,0,24,0.0,0.0
B,single_fault,I9,96,96,VAR,,0,0,,
B,single_fault,I9,96,96,VRR,,0,0,,
B,single_fault,I9,96,96,VIR,,0,0,,
B,single_fault,I9,96,96,IAR,1.0,96,96,1.0,1.0
B,single_fault,I9,96,96,IDR,0.0,0,96,0.0,0.0
B,single_fault,I9,96,96,IDR_indet,,0,0,,
B,single_fault,I9,96,96,coverage,1.0,96,96,1.0,1.0
B,single_fault,I9,96,96,abstention,0.0,0,96,0.0,0.0
B,single_fault,I9,96,96,decision_coverage,1.0,96,96,1.0,1.0
B,single_fault,I9,96,96,accuracy,0.0,0,96,0.0,0.0
B,compound_fault,I2,24,24,VAR,,0,0,,
B,compound_fault,I2,24,24,VRR,,0,0,,
B,compound_fault,I2,24,24,VIR,,0,0,,
B,compound_fault,I2,24,24,IAR,1.0,24,24,1.0,1.0
B,compound_fault,I2,24,24,IDR,0.0,0,24,0.0,0.0
B,compound_fault,I2,24,24,IDR_indet,,0,0,,
B,compound_fault,I2,24,24,coverage,1.0,24,24,1.0,1.0
B,compound_fault,I2,24,24,abstention,0.0,0,24,0.0,0.0
B,compound_fault,I2,24,24,decision_coverage,1.0,24,24,1.0,1.0
B,compound_fault,I2,24,24,accuracy,0.0,0,24,0.0,0.0
B,compound_fault,I3,48,48,VAR,,0,0,,
B,compound_fault,I3,48,48,VRR,,0,0,,
B,compound_fault,I3,48,48,VIR,,0,0,,
B,compound_fault,I3,48,48,IAR,1.0,48,48,1.0,1.0
B,compound_fault,I3,48,48,IDR,0.0,0,48,0.0,0.0
B,compound_fault,I3,48,48,IDR_indet,,0,0,,
B,compound_fault,I3,48,48,coverage,1.0,48,48,1.0,1.0
B,compound_fault,I3,48,48,abstention,0.0,0,48,0.0,0.0
B,compound_fault,I3,48,48,decision_coverage,1.0,48,48,1.0,1.0
B,compound_fault,I3,48,48,accuracy,0.0,0,48,0.0,0.0
B,compound_fault,I5,24,24,VAR,,0,0,,
B,compound_fault,I5,24,24,VRR,,0,0,,
B,compound_fault,I5,24,24,VIR,,0,0,,
B,compound_fault,I5,24,24,IAR,1.0,24,24,1.0,1.0
B,compound_fault,I5,24,24,IDR,0.0,0,24,0.0,0.0
B,compound_fault,I5,24,24,IDR_indet,,0,0,,
B,compound_fault,I5,24,24,coverage,1.0,24,24,1.0,1.0
B,compound_fault,I5,24,24,abstention,0.0,0,24,0.0,0.0
B,compound_fault,I5,24,24,decision_coverage,1.0,24,24,1.0,1.0
B,compound_fault,I5,24,24,accuracy,0.0,0,24,0.0,0.0
B,all,D1,96,96,VAR,,0,0,,
B,all,D1,96,96,VRR,,0,0,,
B,all,D1,96,96,VIR,,0,0,,
B,all,D1,96,96,IAR,,0,0,,
B,all,D1,96,96,IDR,,0,0,,
B,all,D1,96,96,IDR_indet,0.0,0,96,0.0,0.0
B,all,D1,96,96,coverage,1.0,96,96,1.0,1.0
B,all,D1,96,96,abstention,0.0,0,96,0.0,0.0
B,all,D1,96,96,decision_coverage,1.0,96,96,1.0,1.0
B,all,D1,96,96,accuracy,0.0,0,96,0.0,0.0
B,all,D2,48,48,VAR,,0,0,,
B,all,D2,48,48,VRR,,0,0,,
B,all,D2,48,48,VIR,,0,0,,
B,all,D2,48,48,IAR,,0,0,,
B,all,D2,48,48,IDR,,0,0,,
B,all,D2,48,48,IDR_indet,0.0,0,48,0.0,0.0
B,all,D2,48,48,coverage,1.0,48,48,1.0,1.0
B,all,D2,48,48,abstention,0.0,0,48,0.0,0.0
B,all,D2,48,48,decision_coverage,1.0,48,48,1.0,1.0
B,all,D2,48,48,accuracy,0.0,0,48,0.0,0.0
B,all,D3,48,48,VAR,,0,0,,
B,all,D3,48,48,VRR,,0,0,,
B,all,D3,48,48,VIR,,0,0,,
B,all,D3,48,48,IAR,,0,0,,
B,all,D3,48,48,IDR,,0,0,,
B,all,D3,48,48,IDR_indet,0.0,0,48,0.0,0.0
B,all,D3,48,48,coverage,1.0,48,48,1.0,1.0
B,all,D3,48,48,abstention,0.0,0,48,0.0,0.0
B,all,D3,48,48,decision_coverage,1.0,48,48,1.0,1.0
B,all,D3,48,48,accuracy,0.0,0,48,0.0,0.0
B,all,D4,48,48,VAR,,0,0,,
B,all,D4,48,48,VRR,,0,0,,
B,all,D4,48,48,VIR,,0,0,,
B,all,D4,48,48,IAR,,0,0,,
B,all,D4,48,48,IDR,,0,0,,
B,all,D4,48,48,IDR_indet,0.0,0,48,0.0,0.0
B,all,D4,48,48,coverage,1.0,48,48,1.0,1.0
B,all,D4,48,48,abstention,0.0,0,48,0.0,0.0
B,all,D4,48,48,decision_coverage,1.0,48,48,1.0,1.0
B,all,D4,48,48,accuracy,0.0,0,48,0.0,0.0
B,all,I1,48,48,VAR,,0,0,,
B,all,I1,48,48,VRR,,0,0,,
B,all,I1,48,48,VIR,,0,0,,
B,all,I1,48,48,IAR,1.0,48,48,1.0,1.0
B,all,I1,48,48,IDR,0.0,0,48,0.0,0.0
B,all,I1,48,48,IDR_indet,,0,0,,
B,all,I1,48,48,coverage,1.0,48,48,1.0,1.0
B,all,I1,48,48,abstention,0.0,0,48,0.0,0.0
B,all,I1,48,48,decision_coverage,1.0,48,48,1.0,1.0
B,all,I1,48,48,accuracy,0.0,0,48,0.0,0.0
B,all,I10,48,48,VAR,,0,0,,
B,all,I10,48,48,VRR,,0,0,,
B,all,I10,48,48,VIR,,0,0,,
B,all,I10,48,48,IAR,1.0,48,48,1.0,1.0
B,all,I10,48,48,IDR,0.0,0,48,0.0,0.0
B,all,I10,48,48,IDR_indet,,0,0,,
B,all,I10,48,48,coverage,1.0,48,48,1.0,1.0
B,all,I10,48,48,abstention,0.0,0,48,0.0,0.0
B,all,I10,48,48,decision_coverage,1.0,48,48,1.0,1.0
B,all,I10,48,48,accuracy,0.0,0,48,0.0,0.0
B,all,I2,96,96,VAR,,0,0,,
B,all,I2,96,96,VRR,,0,0,,
B,all,I2,96,96,VIR,,0,0,,
B,all,I2,96,96,IAR,1.0,96,96,1.0,1.0
B,all,I2,96,96,IDR,0.0,0,96,0.0,0.0
B,all,I2,96,96,IDR_indet,,0,0,,
B,all,I2,96,96,coverage,1.0,96,96,1.0,1.0
B,all,I2,96,96,abstention,0.0,0,96,0.0,0.0
B,all,I2,96,96,decision_coverage,1.0,96,96,1.0,1.0
B,all,I2,96,96,accuracy,0.0,0,96,0.0,0.0
B,all,I3,96,96,VAR,,0,0,,
B,all,I3,96,96,VRR,,0,0,,
B,all,I3,96,96,VIR,,0,0,,
B,all,I3,96,96,IAR,1.0,96,96,1.0,1.0
B,all,I3,96,96,IDR,0.0,0,96,0.0,0.0
B,all,I3,96,96,IDR_indet,,0,0,,
B,all,I3,96,96,coverage,1.0,96,96,1.0,1.0
B,all,I3,96,96,abstention,0.0,0,96,0.0,0.0
B,all,I3,96,96,decision_coverage,1.0,96,96,1.0,1.0
B,all,I3,96,96,accuracy,0.0,0,96,0.0,0.0
B,all,I4,48,48,VAR,,0,0,,
B,all,I4,48,48,VRR,,0,0,,
B,all,I4,48,48,VIR,,0,0,,
B,all,I4,48,48,IAR,1.0,48,48,1.0,1.0
B,all,I4,48,48,IDR,0.0,0,48,0.0,0.0
B,all,I4,48,48,IDR_indet,,0,0,,
B,all,I4,48,48,coverage,1.0,48,48,1.0,1.0
B,all,I4,48,48,abstention,0.0,0,48,0.0,0.0
B,all,I4,48,48,decision_coverage,1.0,48,48,1.0,1.0
B,all,I4,48,48,accuracy,0.0,0,48,0.0,0.0
B,all,I5,72,72,VAR,,0,0,,
B,all,I5,72,72,VRR,,0,0,,
B,all,I5,72,72,VIR,,0,0,,
B,all,I5,72,72,IAR,1.0,72,72,1.0,1.0
B,all,I5,72,72,IDR,0.0,0,72,0.0,0.0
B,all,I5,72,72,IDR_indet,,0,0,,
B,all,I5,72,72,coverage,1.0,72,72,1.0,1.0
B,all,I5,72,72,abstention,0.0,0,72,0.0,0.0
B,all,I5,72,72,decision_coverage,1.0,72,72,1.0,1.0
B,all,I5,72,72,accuracy,0.0,0,72,0.0,0.0
B,all,I6,48,48,VAR,,0,0,,
B,all,I6,48,48,VRR,,0,0,,
B,all,I6,48,48,VIR,,0,0,,
B,all,I6,48,48,IAR,1.0,48,48,1.0,1.0
B,all,I6,48,48,IDR,0.0,0,48,0.0,0.0
B,all,I6,48,48,IDR_indet,,0,0,,
B,all,I6,48,48,coverage,1.0,48,48,1.0,1.0
B,all,I6,48,48,abstention,0.0,0,48,0.0,0.0
B,all,I6,48,48,decision_coverage,1.0,48,48,1.0,1.0
B,all,I6,48,48,accuracy,0.0,0,48,0.0,0.0
B,all,I7,48,48,VAR,,0,0,,
B,all,I7,48,48,VRR,,0,0,,
B,all,I7,48,48,VIR,,0,0,,
B,all,I7,48,48,IAR,1.0,48,48,1.0,1.0
B,all,I7,48,48,IDR,0.0,0,48,0.0,0.0
B,all,I7,48,48,IDR_indet,,0,0,,
B,all,I7,48,48,coverage,1.0,48,48,1.0,1.0
B,all,I7,48,48,abstention,0.0,0,48,0.0,0.0
B,all,I7,48,48,decision_coverage,1.0,48,48,1.0,1.0
B,all,I7,48,48,accuracy,0.0,0,48,0.0,0.0
B,all,I8,48,48,VAR,,0,0,,
B,all,I8,48,48,VRR,,0,0,,
B,all,I8,48,48,VIR,,0,0,,
B,all,I8,48,48,IAR,1.0,48,48,1.0,1.0
B,all,I8,48,48,IDR,0.0,0,48,0.0,0.0
B,all,I8,48,48,IDR_indet,,0,0,,
B,all,I8,48,48,coverage,1.0,48,48,1.0,1.0
B,all,I8,48,48,abstention,0.0,0,48,0.0,0.0
B,all,I8,48,48,decision_coverage,1.0,48,48,1.0,1.0
B,all,I8,48,48,accuracy,0.0,0,48,0.0,0.0
B,all,I9,120,120,VAR,,0,0,,
B,all,I9,120,120,VRR,,0,0,,
B,all,I9,120,120,VIR,,0,0,,
B,all,I9,120,120,IAR,1.0,120,120,1.0,1.0
B,all,I9,120,120,IDR,0.0,0,120,0.0,0.0
B,all,I9,120,120,IDR_indet,,0,0,,
B,all,I9,120,120,coverage,1.0,120,120,1.0,1.0
B,all,I9,120,120,abstention,0.0,0,120,0.0,0.0
B,all,I9,120,120,decision_coverage,1.0,120,120,1.0,1.0
B,all,I9,120,120,accuracy,0.0,0,120,0.0,0.0
B,all,L1,24,24,VAR,1.0,24,24,1.0,1.0
B,all,L1,24,24,VRR,0.0,0,24,0.0,0.0
B,all,L1,24,24,VIR,0.0,0,24,0.0,0.0
B,all,L1,24,24,IAR,,0,0,,
B,all,L1,24,24,IDR,,0,0,,
B,all,L1,24,24,IDR_indet,,0,0,,
B,all,L1,24,24,coverage,1.0,24,24,1.0,1.0
B,all,L1,24,24,abstention,0.0,0,24,0.0,0.0
B,all,L1,24,24,decision_coverage,1.0,24,24,1.0,1.0
B,all,L1,24,24,accuracy,1.0,24,24,1.0,1.0
B,all,L10,24,24,VAR,1.0,24,24,1.0,1.0
B,all,L10,24,24,VRR,0.0,0,24,0.0,0.0
B,all,L10,24,24,VIR,0.0,0,24,0.0,0.0
B,all,L10,24,24,IAR,,0,0,,
B,all,L10,24,24,IDR,,0,0,,
B,all,L10,24,24,IDR_indet,,0,0,,
B,all,L10,24,24,coverage,1.0,24,24,1.0,1.0
B,all,L10,24,24,abstention,0.0,0,24,0.0,0.0
B,all,L10,24,24,decision_coverage,1.0,24,24,1.0,1.0
B,all,L10,24,24,accuracy,1.0,24,24,1.0,1.0
B,all,L2,24,24,VAR,1.0,24,24,1.0,1.0
B,all,L2,24,24,VRR,0.0,0,24,0.0,0.0
B,all,L2,24,24,VIR,0.0,0,24,0.0,0.0
B,all,L2,24,24,IAR,,0,0,,
B,all,L2,24,24,IDR,,0,0,,
B,all,L2,24,24,IDR_indet,,0,0,,
B,all,L2,24,24,coverage,1.0,24,24,1.0,1.0
B,all,L2,24,24,abstention,0.0,0,24,0.0,0.0
B,all,L2,24,24,decision_coverage,1.0,24,24,1.0,1.0
B,all,L2,24,24,accuracy,1.0,24,24,1.0,1.0
B,all,L3,24,24,VAR,1.0,24,24,1.0,1.0
B,all,L3,24,24,VRR,0.0,0,24,0.0,0.0
B,all,L3,24,24,VIR,0.0,0,24,0.0,0.0
B,all,L3,24,24,IAR,,0,0,,
B,all,L3,24,24,IDR,,0,0,,
B,all,L3,24,24,IDR_indet,,0,0,,
B,all,L3,24,24,coverage,1.0,24,24,1.0,1.0
B,all,L3,24,24,abstention,0.0,0,24,0.0,0.0
B,all,L3,24,24,decision_coverage,1.0,24,24,1.0,1.0
B,all,L3,24,24,accuracy,1.0,24,24,1.0,1.0
B,all,L4,24,24,VAR,1.0,24,24,1.0,1.0
B,all,L4,24,24,VRR,0.0,0,24,0.0,0.0
B,all,L4,24,24,VIR,0.0,0,24,0.0,0.0
B,all,L4,24,24,IAR,,0,0,,
B,all,L4,24,24,IDR,,0,0,,
B,all,L4,24,24,IDR_indet,,0,0,,
B,all,L4,24,24,coverage,1.0,24,24,1.0,1.0
B,all,L4,24,24,abstention,0.0,0,24,0.0,0.0
B,all,L4,24,24,decision_coverage,1.0,24,24,1.0,1.0
B,all,L4,24,24,accuracy,1.0,24,24,1.0,1.0
B,all,L5,24,24,VAR,1.0,24,24,1.0,1.0
B,all,L5,24,24,VRR,0.0,0,24,0.0,0.0
B,all,L5,24,24,VIR,0.0,0,24,0.0,0.0
B,all,L5,24,24,IAR,,0,0,,
B,all,L5,24,24,IDR,,0,0,,
B,all,L5,24,24,IDR_indet,,0,0,,
B,all,L5,24,24,coverage,1.0,24,24,1.0,1.0
B,all,L5,24,24,abstention,0.0,0,24,0.0,0.0
B,all,L5,24,24,decision_coverage,1.0,24,24,1.0,1.0
B,all,L5,24,24,accuracy,1.0,24,24,1.0,1.0
B,all,L6,24,24,VAR,1.0,24,24,1.0,1.0
B,all,L6,24,24,VRR,0.0,0,24,0.0,0.0
B,all,L6,24,24,VIR,0.0,0,24,0.0,0.0
B,all,L6,24,24,IAR,,0,0,,
B,all,L6,24,24,IDR,,0,0,,
B,all,L6,24,24,IDR_indet,,0,0,,
B,all,L6,24,24,coverage,1.0,24,24,1.0,1.0
B,all,L6,24,24,abstention,0.0,0,24,0.0,0.0
B,all,L6,24,24,decision_coverage,1.0,24,24,1.0,1.0
B,all,L6,24,24,accuracy,1.0,24,24,1.0,1.0
B,all,L7,24,24,VAR,1.0,24,24,1.0,1.0
B,all,L7,24,24,VRR,0.0,0,24,0.0,0.0
B,all,L7,24,24,VIR,0.0,0,24,0.0,0.0
B,all,L7,24,24,IAR,,0,0,,
B,all,L7,24,24,IDR,,0,0,,
B,all,L7,24,24,IDR_indet,,0,0,,
B,all,L7,24,24,coverage,1.0,24,24,1.0,1.0
B,all,L7,24,24,abstention,0.0,0,24,0.0,0.0
B,all,L7,24,24,decision_coverage,1.0,24,24,1.0,1.0
B,all,L7,24,24,accuracy,1.0,24,24,1.0,1.0
B,all,L8,24,24,VAR,1.0,24,24,1.0,1.0
B,all,L8,24,24,VRR,0.0,0,24,0.0,0.0
B,all,L8,24,24,VIR,0.0,0,24,0.0,0.0
B,all,L8,24,24,IAR,,0,0,,
B,all,L8,24,24,IDR,,0,0,,
B,all,L8,24,24,IDR_indet,,0,0,,
B,all,L8,24,24,coverage,1.0,24,24,1.0,1.0
B,all,L8,24,24,abstention,0.0,0,24,0.0,0.0
B,all,L8,24,24,decision_coverage,1.0,24,24,1.0,1.0
B,all,L8,24,24,accuracy,1.0,24,24,1.0,1.0
B,all,L9,24,24,VAR,1.0,24,24,1.0,1.0
B,all,L9,24,24,VRR,0.0,0,24,0.0,0.0
B,all,L9,24,24,VIR,0.0,0,24,0.0,0.0
B,all,L9,24,24,IAR,,0,0,,
B,all,L9,24,24,IDR,,0,0,,
B,all,L9,24,24,IDR_indet,,0,0,,
B,all,L9,24,24,coverage,1.0,24,24,1.0,1.0
B,all,L9,24,24,abstention,0.0,0,24,0.0,0.0
B,all,L9,24,24,decision_coverage,1.0,24,24,1.0,1.0
B,all,L9,24,24,accuracy,1.0,24,24,1.0,1.0
C,canonical,D1,24,0,VAR,,0,0,,
C,canonical,D1,24,0,VRR,,0,0,,
C,canonical,D1,24,0,VIR,,0,0,,
C,canonical,D1,24,0,IAR,,0,0,,
C,canonical,D1,24,0,IDR,,0,0,,
C,canonical,D1,24,0,IDR_indet,,0,0,,
C,canonical,D1,24,0,coverage,0.0,0,24,0.0,0.0
C,canonical,D1,24,0,abstention,,0,0,,
C,canonical,D1,24,0,decision_coverage,0.0,0,24,0.0,0.0
C,canonical,D1,24,0,accuracy,,0,0,,
C,canonical,D2,24,0,VAR,,0,0,,
C,canonical,D2,24,0,VRR,,0,0,,
C,canonical,D2,24,0,VIR,,0,0,,
C,canonical,D2,24,0,IAR,,0,0,,
C,canonical,D2,24,0,IDR,,0,0,,
C,canonical,D2,24,0,IDR_indet,,0,0,,
C,canonical,D2,24,0,coverage,0.0,0,24,0.0,0.0
C,canonical,D2,24,0,abstention,,0,0,,
C,canonical,D2,24,0,decision_coverage,0.0,0,24,0.0,0.0
C,canonical,D2,24,0,accuracy,,0,0,,
C,canonical,D3,24,0,VAR,,0,0,,
C,canonical,D3,24,0,VRR,,0,0,,
C,canonical,D3,24,0,VIR,,0,0,,
C,canonical,D3,24,0,IAR,,0,0,,
C,canonical,D3,24,0,IDR,,0,0,,
C,canonical,D3,24,0,IDR_indet,,0,0,,
C,canonical,D3,24,0,coverage,0.0,0,24,0.0,0.0
C,canonical,D3,24,0,abstention,,0,0,,
C,canonical,D3,24,0,decision_coverage,0.0,0,24,0.0,0.0
C,canonical,D3,24,0,accuracy,,0,0,,
C,canonical,D4,24,0,VAR,,0,0,,
C,canonical,D4,24,0,VRR,,0,0,,
C,canonical,D4,24,0,VIR,,0,0,,
C,canonical,D4,24,0,IAR,,0,0,,
C,canonical,D4,24,0,IDR,,0,0,,
C,canonical,D4,24,0,IDR_indet,,0,0,,
C,canonical,D4,24,0,coverage,0.0,0,24,0.0,0.0
C,canonical,D4,24,0,abstention,,0,0,,
C,canonical,D4,24,0,decision_coverage,0.0,0,24,0.0,0.0
C,canonical,D4,24,0,accuracy,,0,0,,
C,canonical,I1,24,0,VAR,,0,0,,
C,canonical,I1,24,0,VRR,,0,0,,
C,canonical,I1,24,0,VIR,,0,0,,
C,canonical,I1,24,0,IAR,,0,0,,
C,canonical,I1,24,0,IDR,,0,0,,
C,canonical,I1,24,0,IDR_indet,,0,0,,
C,canonical,I1,24,0,coverage,0.0,0,24,0.0,0.0
C,canonical,I1,24,0,abstention,,0,0,,
C,canonical,I1,24,0,decision_coverage,0.0,0,24,0.0,0.0
C,canonical,I1,24,0,accuracy,,0,0,,
C,canonical,I10,24,0,VAR,,0,0,,
C,canonical,I10,24,0,VRR,,0,0,,
C,canonical,I10,24,0,VIR,,0,0,,
C,canonical,I10,24,0,IAR,,0,0,,
C,canonical,I10,24,0,IDR,,0,0,,
C,canonical,I10,24,0,IDR_indet,,0,0,,
C,canonical,I10,24,0,coverage,0.0,0,24,0.0,0.0
C,canonical,I10,24,0,abstention,,0,0,,
C,canonical,I10,24,0,decision_coverage,0.0,0,24,0.0,0.0
C,canonical,I10,24,0,accuracy,,0,0,,
C,canonical,I2,24,0,VAR,,0,0,,
C,canonical,I2,24,0,VRR,,0,0,,
C,canonical,I2,24,0,VIR,,0,0,,
C,canonical,I2,24,0,IAR,,0,0,,
C,canonical,I2,24,0,IDR,,0,0,,
C,canonical,I2,24,0,IDR_indet,,0,0,,
C,canonical,I2,24,0,coverage,0.0,0,24,0.0,0.0
C,canonical,I2,24,0,abstention,,0,0,,
C,canonical,I2,24,0,decision_coverage,0.0,0,24,0.0,0.0
C,canonical,I2,24,0,accuracy,,0,0,,
C,canonical,I3,24,0,VAR,,0,0,,
C,canonical,I3,24,0,VRR,,0,0,,
C,canonical,I3,24,0,VIR,,0,0,,
C,canonical,I3,24,0,IAR,,0,0,,
C,canonical,I3,24,0,IDR,,0,0,,
C,canonical,I3,24,0,IDR_indet,,0,0,,
C,canonical,I3,24,0,coverage,0.0,0,24,0.0,0.0
C,canonical,I3,24,0,abstention,,0,0,,
C,canonical,I3,24,0,decision_coverage,0.0,0,24,0.0,0.0
C,canonical,I3,24,0,accuracy,,0,0,,
C,canonical,I4,24,0,VAR,,0,0,,
C,canonical,I4,24,0,VRR,,0,0,,
C,canonical,I4,24,0,VIR,,0,0,,
C,canonical,I4,24,0,IAR,,0,0,,
C,canonical,I4,24,0,IDR,,0,0,,
C,canonical,I4,24,0,IDR_indet,,0,0,,
C,canonical,I4,24,0,coverage,0.0,0,24,0.0,0.0
C,canonical,I4,24,0,abstention,,0,0,,
C,canonical,I4,24,0,decision_coverage,0.0,0,24,0.0,0.0
C,canonical,I4,24,0,accuracy,,0,0,,
C,canonical,I5,24,0,VAR,,0,0,,
C,canonical,I5,24,0,VRR,,0,0,,
C,canonical,I5,24,0,VIR,,0,0,,
C,canonical,I5,24,0,IAR,,0,0,,
C,canonical,I5,24,0,IDR,,0,0,,
C,canonical,I5,24,0,IDR_indet,,0,0,,
C,canonical,I5,24,0,coverage,0.0,0,24,0.0,0.0
C,canonical,I5,24,0,abstention,,0,0,,
C,canonical,I5,24,0,decision_coverage,0.0,0,24,0.0,0.0
C,canonical,I5,24,0,accuracy,,0,0,,
C,canonical,I6,24,0,VAR,,0,0,,
C,canonical,I6,24,0,VRR,,0,0,,
C,canonical,I6,24,0,VIR,,0,0,,
C,canonical,I6,24,0,IAR,,0,0,,
C,canonical,I6,24,0,IDR,,0,0,,
C,canonical,I6,24,0,IDR_indet,,0,0,,
C,canonical,I6,24,0,coverage,0.0,0,24,0.0,0.0
C,canonical,I6,24,0,abstention,,0,0,,
C,canonical,I6,24,0,decision_coverage,0.0,0,24,0.0,0.0
C,canonical,I6,24,0,accuracy,,0,0,,
C,canonical,I7,24,0,VAR,,0,0,,
C,canonical,I7,24,0,VRR,,0,0,,
C,canonical,I7,24,0,VIR,,0,0,,
C,canonical,I7,24,0,IAR,,0,0,,
C,canonical,I7,24,0,IDR,,0,0,,
C,canonical,I7,24,0,IDR_indet,,0,0,,
C,canonical,I7,24,0,coverage,0.0,0,24,0.0,0.0
C,canonical,I7,24,0,abstention,,0,0,,
C,canonical,I7,24,0,decision_coverage,0.0,0,24,0.0,0.0
C,canonical,I7,24,0,accuracy,,0,0,,
C,canonical,I8,24,0,VAR,,0,0,,
C,canonical,I8,24,0,VRR,,0,0,,
C,canonical,I8,24,0,VIR,,0,0,,
C,canonical,I8,24,0,IAR,,0,0,,
C,canonical,I8,24,0,IDR,,0,0,,
C,canonical,I8,24,0,IDR_indet,,0,0,,
C,canonical,I8,24,0,coverage,0.0,0,24,0.0,0.0
C,canonical,I8,24,0,abstention,,0,0,,
C,canonical,I8,24,0,decision_coverage,0.0,0,24,0.0,0.0
C,canonical,I8,24,0,accuracy,,0,0,,
C,canonical,I9,24,0,VAR,,0,0,,
C,canonical,I9,24,0,VRR,,0,0,,
C,canonical,I9,24,0,VIR,,0,0,,
C,canonical,I9,24,0,IAR,,0,0,,
C,canonical,I9,24,0,IDR,,0,0,,
C,canonical,I9,24,0,IDR_indet,,0,0,,
C,canonical,I9,24,0,coverage,0.0,0,24,0.0,0.0
C,canonical,I9,24,0,abstention,,0,0,,
C,canonical,I9,24,0,decision_coverage,0.0,0,24,0.0,0.0
C,canonical,I9,24,0,accuracy,,0,0,,
C,canonical,L1,24,0,VAR,,0,0,,
C,canonical,L1,24,0,VRR,,0,0,,
C,canonical,L1,24,0,VIR,,0,0,,
C,canonical,L1,24,0,IAR,,0,0,,
C,canonical,L1,24,0,IDR,,0,0,,
C,canonical,L1,24,0,IDR_indet,,0,0,,
C,canonical,L1,24,0,coverage,0.0,0,24,0.0,0.0
C,canonical,L1,24,0,abstention,,0,0,,
C,canonical,L1,24,0,decision_coverage,0.0,0,24,0.0,0.0
C,canonical,L1,24,0,accuracy,,0,0,,
C,canonical,L10,24,0,VAR,,0,0,,
C,canonical,L10,24,0,VRR,,0,0,,
C,canonical,L10,24,0,VIR,,0,0,,
C,canonical,L10,24,0,IAR,,0,0,,
C,canonical,L10,24,0,IDR,,0,0,,
C,canonical,L10,24,0,IDR_indet,,0,0,,
C,canonical,L10,24,0,coverage,0.0,0,24,0.0,0.0
C,canonical,L10,24,0,abstention,,0,0,,
C,canonical,L10,24,0,decision_coverage,0.0,0,24,0.0,0.0
C,canonical,L10,24,0,accuracy,,0,0,,
C,canonical,L2,24,0,VAR,,0,0,,
C,canonical,L2,24,0,VRR,,0,0,,
C,canonical,L2,24,0,VIR,,0,0,,
C,canonical,L2,24,0,IAR,,0,0,,
C,canonical,L2,24,0,IDR,,0,0,,
C,canonical,L2,24,0,IDR_indet,,0,0,,
C,canonical,L2,24,0,coverage,0.0,0,24,0.0,0.0
C,canonical,L2,24,0,abstention,,0,0,,
C,canonical,L2,24,0,decision_coverage,0.0,0,24,0.0,0.0
C,canonical,L2,24,0,accuracy,,0,0,,
C,canonical,L3,24,0,VAR,,0,0,,
C,canonical,L3,24,0,VRR,,0,0,,
C,canonical,L3,24,0,VIR,,0,0,,
C,canonical,L3,24,0,IAR,,0,0,,
C,canonical,L3,24,0,IDR,,0,0,,
C,canonical,L3,24,0,IDR_indet,,0,0,,
C,canonical,L3,24,0,coverage,0.0,0,24,0.0,0.0
C,canonical,L3,24,0,abstention,,0,0,,
C,canonical,L3,24,0,decision_coverage,0.0,0,24,0.0,0.0
C,canonical,L3,24,0,accuracy,,0,0,,
C,canonical,L4,24,0,VAR,,0,0,,
C,canonical,L4,24,0,VRR,,0,0,,
C,canonical,L4,24,0,VIR,,0,0,,
C,canonical,L4,24,0,IAR,,0,0,,
C,canonical,L4,24,0,IDR,,0,0,,
C,canonical,L4,24,0,IDR_indet,,0,0,,
C,canonical,L4,24,0,coverage,0.0,0,24,0.0,0.0
C,canonical,L4,24,0,abstention,,0,0,,
C,canonical,L4,24,0,decision_coverage,0.0,0,24,0.0,0.0
C,canonical,L4,24,0,accuracy,,0,0,,
C,canonical,L5,24,0,VAR,,0,0,,
C,canonical,L5,24,0,VRR,,0,0,,
C,canonical,L5,24,0,VIR,,0,0,,
C,canonical,L5,24,0,IAR,,0,0,,
C,canonical,L5,24,0,IDR,,0,0,,
C,canonical,L5,24,0,IDR_indet,,0,0,,
C,canonical,L5,24,0,coverage,0.0,0,24,0.0,0.0
C,canonical,L5,24,0,abstention,,0,0,,
C,canonical,L5,24,0,decision_coverage,0.0,0,24,0.0,0.0
C,canonical,L5,24,0,accuracy,,0,0,,
C,canonical,L6,24,0,VAR,,0,0,,
C,canonical,L6,24,0,VRR,,0,0,,
C,canonical,L6,24,0,VIR,,0,0,,
C,canonical,L6,24,0,IAR,,0,0,,
C,canonical,L6,24,0,IDR,,0,0,,
C,canonical,L6,24,0,IDR_indet,,0,0,,
C,canonical,L6,24,0,coverage,0.0,0,24,0.0,0.0
C,canonical,L6,24,0,abstention,,0,0,,
C,canonical,L6,24,0,decision_coverage,0.0,0,24,0.0,0.0
C,canonical,L6,24,0,accuracy,,0,0,,
C,canonical,L7,24,0,VAR,,0,0,,
C,canonical,L7,24,0,VRR,,0,0,,
C,canonical,L7,24,0,VIR,,0,0,,
C,canonical,L7,24,0,IAR,,0,0,,
C,canonical,L7,24,0,IDR,,0,0,,
C,canonical,L7,24,0,IDR_indet,,0,0,,
C,canonical,L7,24,0,coverage,0.0,0,24,0.0,0.0
C,canonical,L7,24,0,abstention,,0,0,,
C,canonical,L7,24,0,decision_coverage,0.0,0,24,0.0,0.0
C,canonical,L7,24,0,accuracy,,0,0,,
C,canonical,L8,24,0,VAR,,0,0,,
C,canonical,L8,24,0,VRR,,0,0,,
C,canonical,L8,24,0,VIR,,0,0,,
C,canonical,L8,24,0,IAR,,0,0,,
C,canonical,L8,24,0,IDR,,0,0,,
C,canonical,L8,24,0,IDR_indet,,0,0,,
C,canonical,L8,24,0,coverage,0.0,0,24,0.0,0.0
C,canonical,L8,24,0,abstention,,0,0,,
C,canonical,L8,24,0,decision_coverage,0.0,0,24,0.0,0.0
C,canonical,L8,24,0,accuracy,,0,0,,
C,canonical,L9,24,0,VAR,,0,0,,
C,canonical,L9,24,0,VRR,,0,0,,
C,canonical,L9,24,0,VIR,,0,0,,
C,canonical,L9,24,0,IAR,,0,0,,
C,canonical,L9,24,0,IDR,,0,0,,
C,canonical,L9,24,0,IDR_indet,,0,0,,
C,canonical,L9,24,0,coverage,0.0,0,24,0.0,0.0
C,canonical,L9,24,0,abstention,,0,0,,
C,canonical,L9,24,0,decision_coverage,0.0,0,24,0.0,0.0
C,canonical,L9,24,0,accuracy,,0,0,,
C,single_fault,D1,72,0,VAR,,0,0,,
C,single_fault,D1,72,0,VRR,,0,0,,
C,single_fault,D1,72,0,VIR,,0,0,,
C,single_fault,D1,72,0,IAR,,0,0,,
C,single_fault,D1,72,0,IDR,,0,0,,
C,single_fault,D1,72,0,IDR_indet,,0,0,,
C,single_fault,D1,72,0,coverage,0.0,0,72,0.0,0.0
C,single_fault,D1,72,0,abstention,,0,0,,
C,single_fault,D1,72,0,decision_coverage,0.0,0,72,0.0,0.0
C,single_fault,D1,72,0,accuracy,,0,0,,
C,single_fault,D2,24,0,VAR,,0,0,,
C,single_fault,D2,24,0,VRR,,0,0,,
C,single_fault,D2,24,0,VIR,,0,0,,
C,single_fault,D2,24,0,IAR,,0,0,,
C,single_fault,D2,24,0,IDR,,0,0,,
C,single_fault,D2,24,0,IDR_indet,,0,0,,
C,single_fault,D2,24,0,coverage,0.0,0,24,0.0,0.0
C,single_fault,D2,24,0,abstention,,0,0,,
C,single_fault,D2,24,0,decision_coverage,0.0,0,24,0.0,0.0
C,single_fault,D2,24,0,accuracy,,0,0,,
C,single_fault,D3,24,0,VAR,,0,0,,
C,single_fault,D3,24,0,VRR,,0,0,,
C,single_fault,D3,24,0,VIR,,0,0,,
C,single_fault,D3,24,0,IAR,,0,0,,
C,single_fault,D3,24,0,IDR,,0,0,,
C,single_fault,D3,24,0,IDR_indet,,0,0,,
C,single_fault,D3,24,0,coverage,0.0,0,24,0.0,0.0
C,single_fault,D3,24,0,abstention,,0,0,,
C,single_fault,D3,24,0,decision_coverage,0.0,0,24,0.0,0.0
C,single_fault,D3,24,0,accuracy,,0,0,,
C,single_fault,D4,24,0,VAR,,0,0,,
C,single_fault,D4,24,0,VRR,,0,0,,
C,single_fault,D4,24,0,VIR,,0,0,,
C,single_fault,D4,24,0,IAR,,0,0,,
C,single_fault,D4,24,0,IDR,,0,0,,
C,single_fault,D4,24,0,IDR_indet,,0,0,,
C,single_fault,D4,24,0,coverage,0.0,0,24,0.0,0.0
C,single_fault,D4,24,0,abstention,,0,0,,
C,single_fault,D4,24,0,decision_coverage,0.0,0,24,0.0,0.0
C,single_fault,D4,24,0,accuracy,,0,0,,
C,single_fault,I1,24,0,VAR,,0,0,,
C,single_fault,I1,24,0,VRR,,0,0,,
C,single_fault,I1,24,0,VIR,,0,0,,
C,single_fault,I1,24,0,IAR,,0,0,,
C,single_fault,I1,24,0,IDR,,0,0,,
C,single_fault,I1,24,0,IDR_indet,,0,0,,
C,single_fault,I1,24,0,coverage,0.0,0,24,0.0,0.0
C,single_fault,I1,24,0,abstention,,0,0,,
C,single_fault,I1,24,0,decision_coverage,0.0,0,24,0.0,0.0
C,single_fault,I1,24,0,accuracy,,0,0,,
C,single_fault,I10,24,0,VAR,,0,0,,
C,single_fault,I10,24,0,VRR,,0,0,,
C,single_fault,I10,24,0,VIR,,0,0,,
C,single_fault,I10,24,0,IAR,,0,0,,
C,single_fault,I10,24,0,IDR,,0,0,,
C,single_fault,I10,24,0,IDR_indet,,0,0,,
C,single_fault,I10,24,0,coverage,0.0,0,24,0.0,0.0
C,single_fault,I10,24,0,abstention,,0,0,,
C,single_fault,I10,24,0,decision_coverage,0.0,0,24,0.0,0.0
C,single_fault,I10,24,0,accuracy,,0,0,,
C,single_fault,I2,48,0,VAR,,0,0,,
C,single_fault,I2,48,0,VRR,,0,0,,
C,single_fault,I2,48,0,VIR,,0,0,,
C,single_fault,I2,48,0,IAR,,0,0,,
C,single_fault,I2,48,0,IDR,,0,0,,
C,single_fault,I2,48,0,IDR_indet,,0,0,,
C,single_fault,I2,48,0,coverage,0.0,0,48,0.0,0.0
C,single_fault,I2,48,0,abstention,,0,0,,
C,single_fault,I2,48,0,decision_coverage,0.0,0,48,0.0,0.0
C,single_fault,I2,48,0,accuracy,,0,0,,
C,single_fault,I3,24,0,VAR,,0,0,,
C,single_fault,I3,24,0,VRR,,0,0,,
C,single_fault,I3,24,0,VIR,,0,0,,
C,single_fault,I3,24,0,IAR,,0,0,,
C,single_fault,I3,24,0,IDR,,0,0,,
C,single_fault,I3,24,0,IDR_indet,,0,0,,
C,single_fault,I3,24,0,coverage,0.0,0,24,0.0,0.0
C,single_fault,I3,24,0,abstention,,0,0,,
C,single_fault,I3,24,0,decision_coverage,0.0,0,24,0.0,0.0
C,single_fault,I3,24,0,accuracy,,0,0,,
C,single_fault,I4,24,0,VAR,,0,0,,
C,single_fault,I4,24,0,VRR,,0,0,,
C,single_fault,I4,24,0,VIR,,0,0,,
C,single_fault,I4,24,0,IAR,,0,0,,
C,single_fault,I4,24,0,IDR,,0,0,,
C,single_fault,I4,24,0,IDR_indet,,0,0,,
C,single_fault,I4,24,0,coverage,0.0,0,24,0.0,0.0
C,single_fault,I4,24,0,abstention,,0,0,,
C,single_fault,I4,24,0,decision_coverage,0.0,0,24,0.0,0.0
C,single_fault,I4,24,0,accuracy,,0,0,,
C,single_fault,I5,24,0,VAR,,0,0,,
C,single_fault,I5,24,0,VRR,,0,0,,
C,single_fault,I5,24,0,VIR,,0,0,,
C,single_fault,I5,24,0,IAR,,0,0,,
C,single_fault,I5,24,0,IDR,,0,0,,
C,single_fault,I5,24,0,IDR_indet,,0,0,,
C,single_fault,I5,24,0,coverage,0.0,0,24,0.0,0.0
C,single_fault,I5,24,0,abstention,,0,0,,
C,single_fault,I5,24,0,decision_coverage,0.0,0,24,0.0,0.0
C,single_fault,I5,24,0,accuracy,,0,0,,
C,single_fault,I6,24,0,VAR,,0,0,,
C,single_fault,I6,24,0,VRR,,0,0,,
C,single_fault,I6,24,0,VIR,,0,0,,
C,single_fault,I6,24,0,IAR,,0,0,,
C,single_fault,I6,24,0,IDR,,0,0,,
C,single_fault,I6,24,0,IDR_indet,,0,0,,
C,single_fault,I6,24,0,coverage,0.0,0,24,0.0,0.0
C,single_fault,I6,24,0,abstention,,0,0,,
C,single_fault,I6,24,0,decision_coverage,0.0,0,24,0.0,0.0
C,single_fault,I6,24,0,accuracy,,0,0,,
C,single_fault,I7,24,0,VAR,,0,0,,
C,single_fault,I7,24,0,VRR,,0,0,,
C,single_fault,I7,24,0,VIR,,0,0,,
C,single_fault,I7,24,0,IAR,,0,0,,
C,single_fault,I7,24,0,IDR,,0,0,,
C,single_fault,I7,24,0,IDR_indet,,0,0,,
C,single_fault,I7,24,0,coverage,0.0,0,24,0.0,0.0
C,single_fault,I7,24,0,abstention,,0,0,,
C,single_fault,I7,24,0,decision_coverage,0.0,0,24,0.0,0.0
C,single_fault,I7,24,0,accuracy,,0,0,,
C,single_fault,I8,24,0,VAR,,0,0,,
C,single_fault,I8,24,0,VRR,,0,0,,
C,single_fault,I8,24,0,VIR,,0,0,,
C,single_fault,I8,24,0,IAR,,0,0,,
C,single_fault,I8,24,0,IDR,,0,0,,
C,single_fault,I8,24,0,IDR_indet,,0,0,,
C,single_fault,I8,24,0,coverage,0.0,0,24,0.0,0.0
C,single_fault,I8,24,0,abstention,,0,0,,
C,single_fault,I8,24,0,decision_coverage,0.0,0,24,0.0,0.0
C,single_fault,I8,24,0,accuracy,,0,0,,
C,single_fault,I9,96,0,VAR,,0,0,,
C,single_fault,I9,96,0,VRR,,0,0,,
C,single_fault,I9,96,0,VIR,,0,0,,
C,single_fault,I9,96,0,IAR,,0,0,,
C,single_fault,I9,96,0,IDR,,0,0,,
C,single_fault,I9,96,0,IDR_indet,,0,0,,
C,single_fault,I9,96,0,coverage,0.0,0,96,0.0,0.0
C,single_fault,I9,96,0,abstention,,0,0,,
C,single_fault,I9,96,0,decision_coverage,0.0,0,96,0.0,0.0
C,single_fault,I9,96,0,accuracy,,0,0,,
C,compound_fault,I2,24,0,VAR,,0,0,,
C,compound_fault,I2,24,0,VRR,,0,0,,
C,compound_fault,I2,24,0,VIR,,0,0,,
C,compound_fault,I2,24,0,IAR,,0,0,,
C,compound_fault,I2,24,0,IDR,,0,0,,
C,compound_fault,I2,24,0,IDR_indet,,0,0,,
C,compound_fault,I2,24,0,coverage,0.0,0,24,0.0,0.0
C,compound_fault,I2,24,0,abstention,,0,0,,
C,compound_fault,I2,24,0,decision_coverage,0.0,0,24,0.0,0.0
C,compound_fault,I2,24,0,accuracy,,0,0,,
C,compound_fault,I3,48,0,VAR,,0,0,,
C,compound_fault,I3,48,0,VRR,,0,0,,
C,compound_fault,I3,48,0,VIR,,0,0,,
C,compound_fault,I3,48,0,IAR,,0,0,,
C,compound_fault,I3,48,0,IDR,,0,0,,
C,compound_fault,I3,48,0,IDR_indet,,0,0,,
C,compound_fault,I3,48,0,coverage,0.0,0,48,0.0,0.0
C,compound_fault,I3,48,0,abstention,,0,0,,
C,compound_fault,I3,48,0,decision_coverage,0.0,0,48,0.0,0.0
C,compound_fault,I3,48,0,accuracy,,0,0,,
C,compound_fault,I5,24,0,VAR,,0,0,,
C,compound_fault,I5,24,0,VRR,,0,0,,
C,compound_fault,I5,24,0,VIR,,0,0,,
C,compound_fault,I5,24,0,IAR,,0,0,,
C,compound_fault,I5,24,0,IDR,,0,0,,
C,compound_fault,I5,24,0,IDR_indet,,0,0,,
C,compound_fault,I5,24,0,coverage,0.0,0,24,0.0,0.0
C,compound_fault,I5,24,0,abstention,,0,0,,
C,compound_fault,I5,24,0,decision_coverage,0.0,0,24,0.0,0.0
C,compound_fault,I5,24,0,accuracy,,0,0,,
C,all,D1,96,0,VAR,,0,0,,
C,all,D1,96,0,VRR,,0,0,,
C,all,D1,96,0,VIR,,0,0,,
C,all,D1,96,0,IAR,,0,0,,
C,all,D1,96,0,IDR,,0,0,,
C,all,D1,96,0,IDR_indet,,0,0,,
C,all,D1,96,0,coverage,0.0,0,96,0.0,0.0
C,all,D1,96,0,abstention,,0,0,,
C,all,D1,96,0,decision_coverage,0.0,0,96,0.0,0.0
C,all,D1,96,0,accuracy,,0,0,,
C,all,D2,48,0,VAR,,0,0,,
C,all,D2,48,0,VRR,,0,0,,
C,all,D2,48,0,VIR,,0,0,,
C,all,D2,48,0,IAR,,0,0,,
C,all,D2,48,0,IDR,,0,0,,
C,all,D2,48,0,IDR_indet,,0,0,,
C,all,D2,48,0,coverage,0.0,0,48,0.0,0.0
C,all,D2,48,0,abstention,,0,0,,
C,all,D2,48,0,decision_coverage,0.0,0,48,0.0,0.0
C,all,D2,48,0,accuracy,,0,0,,
C,all,D3,48,0,VAR,,0,0,,
C,all,D3,48,0,VRR,,0,0,,
C,all,D3,48,0,VIR,,0,0,,
C,all,D3,48,0,IAR,,0,0,,
C,all,D3,48,0,IDR,,0,0,,
C,all,D3,48,0,IDR_indet,,0,0,,
C,all,D3,48,0,coverage,0.0,0,48,0.0,0.0
C,all,D3,48,0,abstention,,0,0,,
C,all,D3,48,0,decision_coverage,0.0,0,48,0.0,0.0
C,all,D3,48,0,accuracy,,0,0,,
C,all,D4,48,0,VAR,,0,0,,
C,all,D4,48,0,VRR,,0,0,,
C,all,D4,48,0,VIR,,0,0,,
C,all,D4,48,0,IAR,,0,0,,
C,all,D4,48,0,IDR,,0,0,,
C,all,D4,48,0,IDR_indet,,0,0,,
C,all,D4,48,0,coverage,0.0,0,48,0.0,0.0
C,all,D4,48,0,abstention,,0,0,,
C,all,D4,48,0,decision_coverage,0.0,0,48,0.0,0.0
C,all,D4,48,0,accuracy,,0,0,,
C,all,I1,48,0,VAR,,0,0,,
C,all,I1,48,0,VRR,,0,0,,
C,all,I1,48,0,VIR,,0,0,,
C,all,I1,48,0,IAR,,0,0,,
C,all,I1,48,0,IDR,,0,0,,
C,all,I1,48,0,IDR_indet,,0,0,,
C,all,I1,48,0,coverage,0.0,0,48,0.0,0.0
C,all,I1,48,0,abstention,,0,0,,
C,all,I1,48,0,decision_coverage,0.0,0,48,0.0,0.0
C,all,I1,48,0,accuracy,,0,0,,
C,all,I10,48,0,VAR,,0,0,,
C,all,I10,48,0,VRR,,0,0,,
C,all,I10,48,0,VIR,,0,0,,
C,all,I10,48,0,IAR,,0,0,,
C,all,I10,48,0,IDR,,0,0,,
C,all,I10,48,0,IDR_indet,,0,0,,
C,all,I10,48,0,coverage,0.0,0,48,0.0,0.0
C,all,I10,48,0,abstention,,0,0,,
C,all,I10,48,0,decision_coverage,0.0,0,48,0.0,0.0
C,all,I10,48,0,accuracy,,0,0,,
C,all,I2,96,0,VAR,,0,0,,
C,all,I2,96,0,VRR,,0,0,,
C,all,I2,96,0,VIR,,0,0,,
C,all,I2,96,0,IAR,,0,0,,
C,all,I2,96,0,IDR,,0,0,,
C,all,I2,96,0,IDR_indet,,0,0,,
C,all,I2,96,0,coverage,0.0,0,96,0.0,0.0
C,all,I2,96,0,abstention,,0,0,,
C,all,I2,96,0,decision_coverage,0.0,0,96,0.0,0.0
C,all,I2,96,0,accuracy,,0,0,,
C,all,I3,96,0,VAR,,0,0,,
C,all,I3,96,0,VRR,,0,0,,
C,all,I3,96,0,VIR,,0,0,,
C,all,I3,96,0,IAR,,0,0,,
C,all,I3,96,0,IDR,,0,0,,
C,all,I3,96,0,IDR_indet,,0,0,,
C,all,I3,96,0,coverage,0.0,0,96,0.0,0.0
C,all,I3,96,0,abstention,,0,0,,
C,all,I3,96,0,decision_coverage,0.0,0,96,0.0,0.0
C,all,I3,96,0,accuracy,,0,0,,
C,all,I4,48,0,VAR,,0,0,,
C,all,I4,48,0,VRR,,0,0,,
C,all,I4,48,0,VIR,,0,0,,
C,all,I4,48,0,IAR,,0,0,,
C,all,I4,48,0,IDR,,0,0,,
C,all,I4,48,0,IDR_indet,,0,0,,
C,all,I4,48,0,coverage,0.0,0,48,0.0,0.0
C,all,I4,48,0,abstention,,0,0,,
C,all,I4,48,0,decision_coverage,0.0,0,48,0.0,0.0
C,all,I4,48,0,accuracy,,0,0,,
C,all,I5,72,0,VAR,,0,0,,
C,all,I5,72,0,VRR,,0,0,,
C,all,I5,72,0,VIR,,0,0,,
C,all,I5,72,0,IAR,,0,0,,
C,all,I5,72,0,IDR,,0,0,,
C,all,I5,72,0,IDR_indet,,0,0,,
C,all,I5,72,0,coverage,0.0,0,72,0.0,0.0
C,all,I5,72,0,abstention,,0,0,,
C,all,I5,72,0,decision_coverage,0.0,0,72,0.0,0.0
C,all,I5,72,0,accuracy,,0,0,,
C,all,I6,48,0,VAR,,0,0,,
C,all,I6,48,0,VRR,,0,0,,
C,all,I6,48,0,VIR,,0,0,,
C,all,I6,48,0,IAR,,0,0,,
C,all,I6,48,0,IDR,,0,0,,
C,all,I6,48,0,IDR_indet,,0,0,,
C,all,I6,48,0,coverage,0.0,0,48,0.0,0.0
C,all,I6,48,0,abstention,,0,0,,
C,all,I6,48,0,decision_coverage,0.0,0,48,0.0,0.0
C,all,I6,48,0,accuracy,,0,0,,
C,all,I7,48,0,VAR,,0,0,,
C,all,I7,48,0,VRR,,0,0,,
C,all,I7,48,0,VIR,,0,0,,
C,all,I7,48,0,IAR,,0,0,,
C,all,I7,48,0,IDR,,0,0,,
C,all,I7,48,0,IDR_indet,,0,0,,
C,all,I7,48,0,coverage,0.0,0,48,0.0,0.0
C,all,I7,48,0,abstention,,0,0,,
C,all,I7,48,0,decision_coverage,0.0,0,48,0.0,0.0
C,all,I7,48,0,accuracy,,0,0,,
C,all,I8,48,0,VAR,,0,0,,
C,all,I8,48,0,VRR,,0,0,,
C,all,I8,48,0,VIR,,0,0,,
C,all,I8,48,0,IAR,,0,0,,
C,all,I8,48,0,IDR,,0,0,,
C,all,I8,48,0,IDR_indet,,0,0,,
C,all,I8,48,0,coverage,0.0,0,48,0.0,0.0
C,all,I8,48,0,abstention,,0,0,,
C,all,I8,48,0,decision_coverage,0.0,0,48,0.0,0.0
C,all,I8,48,0,accuracy,,0,0,,
C,all,I9,120,0,VAR,,0,0,,
C,all,I9,120,0,VRR,,0,0,,
C,all,I9,120,0,VIR,,0,0,,
C,all,I9,120,0,IAR,,0,0,,
C,all,I9,120,0,IDR,,0,0,,
C,all,I9,120,0,IDR_indet,,0,0,,
C,all,I9,120,0,coverage,0.0,0,120,0.0,0.0
C,all,I9,120,0,abstention,,0,0,,
C,all,I9,120,0,decision_coverage,0.0,0,120,0.0,0.0
C,all,I9,120,0,accuracy,,0,0,,
C,all,L1,24,0,VAR,,0,0,,
C,all,L1,24,0,VRR,,0,0,,
C,all,L1,24,0,VIR,,0,0,,
C,all,L1,24,0,IAR,,0,0,,
C,all,L1,24,0,IDR,,0,0,,
C,all,L1,24,0,IDR_indet,,0,0,,
C,all,L1,24,0,coverage,0.0,0,24,0.0,0.0
C,all,L1,24,0,abstention,,0,0,,
C,all,L1,24,0,decision_coverage,0.0,0,24,0.0,0.0
C,all,L1,24,0,accuracy,,0,0,,
C,all,L10,24,0,VAR,,0,0,,
C,all,L10,24,0,VRR,,0,0,,
C,all,L10,24,0,VIR,,0,0,,
C,all,L10,24,0,IAR,,0,0,,
C,all,L10,24,0,IDR,,0,0,,
C,all,L10,24,0,IDR_indet,,0,0,,
C,all,L10,24,0,coverage,0.0,0,24,0.0,0.0
C,all,L10,24,0,abstention,,0,0,,
C,all,L10,24,0,decision_coverage,0.0,0,24,0.0,0.0
C,all,L10,24,0,accuracy,,0,0,,
C,all,L2,24,0,VAR,,0,0,,
C,all,L2,24,0,VRR,,0,0,,
C,all,L2,24,0,VIR,,0,0,,
C,all,L2,24,0,IAR,,0,0,,
C,all,L2,24,0,IDR,,0,0,,
C,all,L2,24,0,IDR_indet,,0,0,,
C,all,L2,24,0,coverage,0.0,0,24,0.0,0.0
C,all,L2,24,0,abstention,,0,0,,
C,all,L2,24,0,decision_coverage,0.0,0,24,0.0,0.0
C,all,L2,24,0,accuracy,,0,0,,
C,all,L3,24,0,VAR,,0,0,,
C,all,L3,24,0,VRR,,0,0,,
C,all,L3,24,0,VIR,,0,0,,
C,all,L3,24,0,IAR,,0,0,,
C,all,L3,24,0,IDR,,0,0,,
C,all,L3,24,0,IDR_indet,,0,0,,
C,all,L3,24,0,coverage,0.0,0,24,0.0,0.0
C,all,L3,24,0,abstention,,0,0,,
C,all,L3,24,0,decision_coverage,0.0,0,24,0.0,0.0
C,all,L3,24,0,accuracy,,0,0,,
C,all,L4,24,0,VAR,,0,0,,
C,all,L4,24,0,VRR,,0,0,,
C,all,L4,24,0,VIR,,0,0,,
C,all,L4,24,0,IAR,,0,0,,
C,all,L4,24,0,IDR,,0,0,,
C,all,L4,24,0,IDR_indet,,0,0,,
C,all,L4,24,0,coverage,0.0,0,24,0.0,0.0
C,all,L4,24,0,abstention,,0,0,,
C,all,L4,24,0,decision_coverage,0.0,0,24,0.0,0.0
C,all,L4,24,0,accuracy,,0,0,,
C,all,L5,24,0,VAR,,0,0,,
C,all,L5,24,0,VRR,,0,0,,
C,all,L5,24,0,VIR,,0,0,,
C,all,L5,24,0,IAR,,0,0,,
C,all,L5,24,0,IDR,,0,0,,
C,all,L5,24,0,IDR_indet,,0,0,,
C,all,L5,24,0,coverage,0.0,0,24,0.0,0.0
C,all,L5,24,0,abstention,,0,0,,
C,all,L5,24,0,decision_coverage,0.0,0,24,0.0,0.0
C,all,L5,24,0,accuracy,,0,0,,
C,all,L6,24,0,VAR,,0,0,,
C,all,L6,24,0,VRR,,0,0,,
C,all,L6,24,0,VIR,,0,0,,
C,all,L6,24,0,IAR,,0,0,,
C,all,L6,24,0,IDR,,0,0,,
C,all,L6,24,0,IDR_indet,,0,0,,
C,all,L6,24,0,coverage,0.0,0,24,0.0,0.0
C,all,L6,24,0,abstention,,0,0,,
C,all,L6,24,0,decision_coverage,0.0,0,24,0.0,0.0
C,all,L6,24,0,accuracy,,0,0,,
C,all,L7,24,0,VAR,,0,0,,
C,all,L7,24,0,VRR,,0,0,,
C,all,L7,24,0,VIR,,0,0,,
C,all,L7,24,0,IAR,,0,0,,
C,all,L7,24,0,IDR,,0,0,,
C,all,L7,24,0,IDR_indet,,0,0,,
C,all,L7,24,0,coverage,0.0,0,24,0.0,0.0
C,all,L7,24,0,abstention,,0,0,,
C,all,L7,24,0,decision_coverage,0.0,0,24,0.0,0.0
C,all,L7,24,0,accuracy,,0,0,,
C,all,L8,24,0,VAR,,0,0,,
C,all,L8,24,0,VRR,,0,0,,
C,all,L8,24,0,VIR,,0,0,,
C,all,L8,24,0,IAR,,0,0,,
C,all,L8,24,0,IDR,,0,0,,
C,all,L8,24,0,IDR_indet,,0,0,,
C,all,L8,24,0,coverage,0.0,0,24,0.0,0.0
C,all,L8,24,0,abstention,,0,0,,
C,all,L8,24,0,decision_coverage,0.0,0,24,0.0,0.0
C,all,L8,24,0,accuracy,,0,0,,
C,all,L9,24,0,VAR,,0,0,,
C,all,L9,24,0,VRR,,0,0,,
C,all,L9,24,0,VIR,,0,0,,
C,all,L9,24,0,IAR,,0,0,,
C,all,L9,24,0,IDR,,0,0,,
C,all,L9,24,0,IDR_indet,,0,0,,
C,all,L9,24,0,coverage,0.0,0,24,0.0,0.0
C,all,L9,24,0,abstention,,0,0,,
C,all,L9,24,0,decision_coverage,0.0,0,24,0.0,0.0
C,all,L9,24,0,accuracy,,0,0,,
D,canonical,D1,24,24,VAR,,0,0,,
D,canonical,D1,24,24,VRR,,0,0,,
D,canonical,D1,24,24,VIR,,0,0,,
D,canonical,D1,24,24,IAR,,0,0,,
D,canonical,D1,24,24,IDR,,0,0,,
D,canonical,D1,24,24,IDR_indet,0.0,0,24,0.0,0.0
D,canonical,D1,24,24,coverage,1.0,24,24,1.0,1.0
D,canonical,D1,24,24,abstention,0.0,0,24,0.0,0.0
D,canonical,D1,24,24,decision_coverage,1.0,24,24,1.0,1.0
D,canonical,D1,24,24,accuracy,0.0,0,24,0.0,0.0
D,canonical,D2,24,24,VAR,,0,0,,
D,canonical,D2,24,24,VRR,,0,0,,
D,canonical,D2,24,24,VIR,,0,0,,
D,canonical,D2,24,24,IAR,,0,0,,
D,canonical,D2,24,24,IDR,,0,0,,
D,canonical,D2,24,24,IDR_indet,1.0,24,24,1.0,1.0
D,canonical,D2,24,24,coverage,1.0,24,24,1.0,1.0
D,canonical,D2,24,24,abstention,1.0,24,24,1.0,1.0
D,canonical,D2,24,24,decision_coverage,0.0,0,24,0.0,0.0
D,canonical,D2,24,24,accuracy,1.0,24,24,1.0,1.0
D,canonical,D3,24,24,VAR,,0,0,,
D,canonical,D3,24,24,VRR,,0,0,,
D,canonical,D3,24,24,VIR,,0,0,,
D,canonical,D3,24,24,IAR,,0,0,,
D,canonical,D3,24,24,IDR,,0,0,,
D,canonical,D3,24,24,IDR_indet,0.0,0,24,0.0,0.0
D,canonical,D3,24,24,coverage,1.0,24,24,1.0,1.0
D,canonical,D3,24,24,abstention,0.0,0,24,0.0,0.0
D,canonical,D3,24,24,decision_coverage,1.0,24,24,1.0,1.0
D,canonical,D3,24,24,accuracy,0.0,0,24,0.0,0.0
D,canonical,D4,24,24,VAR,,0,0,,
D,canonical,D4,24,24,VRR,,0,0,,
D,canonical,D4,24,24,VIR,,0,0,,
D,canonical,D4,24,24,IAR,,0,0,,
D,canonical,D4,24,24,IDR,,0,0,,
D,canonical,D4,24,24,IDR_indet,0.0,0,24,0.0,0.0
D,canonical,D4,24,24,coverage,1.0,24,24,1.0,1.0
D,canonical,D4,24,24,abstention,0.0,0,24,0.0,0.0
D,canonical,D4,24,24,decision_coverage,1.0,24,24,1.0,1.0
D,canonical,D4,24,24,accuracy,0.0,0,24,0.0,0.0
D,canonical,I1,24,24,VAR,,0,0,,
D,canonical,I1,24,24,VRR,,0,0,,
D,canonical,I1,24,24,VIR,,0,0,,
D,canonical,I1,24,24,IAR,1.0,24,24,1.0,1.0
D,canonical,I1,24,24,IDR,0.0,0,24,0.0,0.0
D,canonical,I1,24,24,IDR_indet,,0,0,,
D,canonical,I1,24,24,coverage,1.0,24,24,1.0,1.0
D,canonical,I1,24,24,abstention,0.0,0,24,0.0,0.0
D,canonical,I1,24,24,decision_coverage,1.0,24,24,1.0,1.0
D,canonical,I1,24,24,accuracy,0.0,0,24,0.0,0.0
D,canonical,I10,24,24,VAR,,0,0,,
D,canonical,I10,24,24,VRR,,0,0,,
D,canonical,I10,24,24,VIR,,0,0,,
D,canonical,I10,24,24,IAR,1.0,24,24,1.0,1.0
D,canonical,I10,24,24,IDR,0.0,0,24,0.0,0.0
D,canonical,I10,24,24,IDR_indet,,0,0,,
D,canonical,I10,24,24,coverage,1.0,24,24,1.0,1.0
D,canonical,I10,24,24,abstention,0.0,0,24,0.0,0.0
D,canonical,I10,24,24,decision_coverage,1.0,24,24,1.0,1.0
D,canonical,I10,24,24,accuracy,0.0,0,24,0.0,0.0
D,canonical,I2,24,24,VAR,,0,0,,
D,canonical,I2,24,24,VRR,,0,0,,
D,canonical,I2,24,24,VIR,,0,0,,
D,canonical,I2,24,24,IAR,1.0,24,24,1.0,1.0
D,canonical,I2,24,24,IDR,0.0,0,24,0.0,0.0
D,canonical,I2,24,24,IDR_indet,,0,0,,
D,canonical,I2,24,24,coverage,1.0,24,24,1.0,1.0
D,canonical,I2,24,24,abstention,0.0,0,24,0.0,0.0
D,canonical,I2,24,24,decision_coverage,1.0,24,24,1.0,1.0
D,canonical,I2,24,24,accuracy,0.0,0,24,0.0,0.0
D,canonical,I3,24,24,VAR,,0,0,,
D,canonical,I3,24,24,VRR,,0,0,,
D,canonical,I3,24,24,VIR,,0,0,,
D,canonical,I3,24,24,IAR,1.0,24,24,1.0,1.0
D,canonical,I3,24,24,IDR,0.0,0,24,0.0,0.0
D,canonical,I3,24,24,IDR_indet,,0,0,,
D,canonical,I3,24,24,coverage,1.0,24,24,1.0,1.0
D,canonical,I3,24,24,abstention,0.0,0,24,0.0,0.0
D,canonical,I3,24,24,decision_coverage,1.0,24,24,1.0,1.0
D,canonical,I3,24,24,accuracy,0.0,0,24,0.0,0.0
D,canonical,I4,24,24,VAR,,0,0,,
D,canonical,I4,24,24,VRR,,0,0,,
D,canonical,I4,24,24,VIR,,0,0,,
D,canonical,I4,24,24,IAR,1.0,24,24,1.0,1.0
D,canonical,I4,24,24,IDR,0.0,0,24,0.0,0.0
D,canonical,I4,24,24,IDR_indet,,0,0,,
D,canonical,I4,24,24,coverage,1.0,24,24,1.0,1.0
D,canonical,I4,24,24,abstention,0.0,0,24,0.0,0.0
D,canonical,I4,24,24,decision_coverage,1.0,24,24,1.0,1.0
D,canonical,I4,24,24,accuracy,0.0,0,24,0.0,0.0
D,canonical,I5,24,24,VAR,,0,0,,
D,canonical,I5,24,24,VRR,,0,0,,
D,canonical,I5,24,24,VIR,,0,0,,
D,canonical,I5,24,24,IAR,1.0,24,24,1.0,1.0
D,canonical,I5,24,24,IDR,0.0,0,24,0.0,0.0
D,canonical,I5,24,24,IDR_indet,,0,0,,
D,canonical,I5,24,24,coverage,1.0,24,24,1.0,1.0
D,canonical,I5,24,24,abstention,0.0,0,24,0.0,0.0
D,canonical,I5,24,24,decision_coverage,1.0,24,24,1.0,1.0
D,canonical,I5,24,24,accuracy,0.0,0,24,0.0,0.0
D,canonical,I6,24,24,VAR,,0,0,,
D,canonical,I6,24,24,VRR,,0,0,,
D,canonical,I6,24,24,VIR,,0,0,,
D,canonical,I6,24,24,IAR,1.0,24,24,1.0,1.0
D,canonical,I6,24,24,IDR,0.0,0,24,0.0,0.0
D,canonical,I6,24,24,IDR_indet,,0,0,,
D,canonical,I6,24,24,coverage,1.0,24,24,1.0,1.0
D,canonical,I6,24,24,abstention,0.0,0,24,0.0,0.0
D,canonical,I6,24,24,decision_coverage,1.0,24,24,1.0,1.0
D,canonical,I6,24,24,accuracy,0.0,0,24,0.0,0.0
D,canonical,I7,24,24,VAR,,0,0,,
D,canonical,I7,24,24,VRR,,0,0,,
D,canonical,I7,24,24,VIR,,0,0,,
D,canonical,I7,24,24,IAR,1.0,24,24,1.0,1.0
D,canonical,I7,24,24,IDR,0.0,0,24,0.0,0.0
D,canonical,I7,24,24,IDR_indet,,0,0,,
D,canonical,I7,24,24,coverage,1.0,24,24,1.0,1.0
D,canonical,I7,24,24,abstention,0.0,0,24,0.0,0.0
D,canonical,I7,24,24,decision_coverage,1.0,24,24,1.0,1.0
D,canonical,I7,24,24,accuracy,0.0,0,24,0.0,0.0
D,canonical,I8,24,24,VAR,,0,0,,
D,canonical,I8,24,24,VRR,,0,0,,
D,canonical,I8,24,24,VIR,,0,0,,
D,canonical,I8,24,24,IAR,0.0,0,24,0.0,0.0
D,canonical,I8,24,24,IDR,1.0,24,24,1.0,1.0
D,canonical,I8,24,24,IDR_indet,,0,0,,
D,canonical,I8,24,24,coverage,1.0,24,24,1.0,1.0
D,canonical,I8,24,24,abstention,0.0,0,24,0.0,0.0
D,canonical,I8,24,24,decision_coverage,1.0,24,24,1.0,1.0
D,canonical,I8,24,24,accuracy,1.0,24,24,1.0,1.0
D,canonical,I9,24,24,VAR,,0,0,,
D,canonical,I9,24,24,VRR,,0,0,,
D,canonical,I9,24,24,VIR,,0,0,,
D,canonical,I9,24,24,IAR,0.0,0,24,0.0,0.0
D,canonical,I9,24,24,IDR,1.0,24,24,1.0,1.0
D,canonical,I9,24,24,IDR_indet,,0,0,,
D,canonical,I9,24,24,coverage,1.0,24,24,1.0,1.0
D,canonical,I9,24,24,abstention,0.0,0,24,0.0,0.0
D,canonical,I9,24,24,decision_coverage,1.0,24,24,1.0,1.0
D,canonical,I9,24,24,accuracy,1.0,24,24,1.0,1.0
D,canonical,L1,24,24,VAR,1.0,24,24,1.0,1.0
D,canonical,L1,24,24,VRR,0.0,0,24,0.0,0.0
D,canonical,L1,24,24,VIR,0.0,0,24,0.0,0.0
D,canonical,L1,24,24,IAR,,0,0,,
D,canonical,L1,24,24,IDR,,0,0,,
D,canonical,L1,24,24,IDR_indet,,0,0,,
D,canonical,L1,24,24,coverage,1.0,24,24,1.0,1.0
D,canonical,L1,24,24,abstention,0.0,0,24,0.0,0.0
D,canonical,L1,24,24,decision_coverage,1.0,24,24,1.0,1.0
D,canonical,L1,24,24,accuracy,1.0,24,24,1.0,1.0
D,canonical,L10,24,24,VAR,1.0,24,24,1.0,1.0
D,canonical,L10,24,24,VRR,0.0,0,24,0.0,0.0
D,canonical,L10,24,24,VIR,0.0,0,24,0.0,0.0
D,canonical,L10,24,24,IAR,,0,0,,
D,canonical,L10,24,24,IDR,,0,0,,
D,canonical,L10,24,24,IDR_indet,,0,0,,
D,canonical,L10,24,24,coverage,1.0,24,24,1.0,1.0
D,canonical,L10,24,24,abstention,0.0,0,24,0.0,0.0
D,canonical,L10,24,24,decision_coverage,1.0,24,24,1.0,1.0
D,canonical,L10,24,24,accuracy,1.0,24,24,1.0,1.0
D,canonical,L2,24,24,VAR,1.0,24,24,1.0,1.0
D,canonical,L2,24,24,VRR,0.0,0,24,0.0,0.0
D,canonical,L2,24,24,VIR,0.0,0,24,0.0,0.0
D,canonical,L2,24,24,IAR,,0,0,,
D,canonical,L2,24,24,IDR,,0,0,,
D,canonical,L2,24,24,IDR_indet,,0,0,,
D,canonical,L2,24,24,coverage,1.0,24,24,1.0,1.0
D,canonical,L2,24,24,abstention,0.0,0,24,0.0,0.0
D,canonical,L2,24,24,decision_coverage,1.0,24,24,1.0,1.0
D,canonical,L2,24,24,accuracy,1.0,24,24,1.0,1.0
D,canonical,L3,24,24,VAR,1.0,24,24,1.0,1.0
D,canonical,L3,24,24,VRR,0.0,0,24,0.0,0.0
D,canonical,L3,24,24,VIR,0.0,0,24,0.0,0.0
D,canonical,L3,24,24,IAR,,0,0,,
D,canonical,L3,24,24,IDR,,0,0,,
D,canonical,L3,24,24,IDR_indet,,0,0,,
D,canonical,L3,24,24,coverage,1.0,24,24,1.0,1.0
D,canonical,L3,24,24,abstention,0.0,0,24,0.0,0.0
D,canonical,L3,24,24,decision_coverage,1.0,24,24,1.0,1.0
D,canonical,L3,24,24,accuracy,1.0,24,24,1.0,1.0
D,canonical,L4,24,24,VAR,1.0,24,24,1.0,1.0
D,canonical,L4,24,24,VRR,0.0,0,24,0.0,0.0
D,canonical,L4,24,24,VIR,0.0,0,24,0.0,0.0
D,canonical,L4,24,24,IAR,,0,0,,
D,canonical,L4,24,24,IDR,,0,0,,
D,canonical,L4,24,24,IDR_indet,,0,0,,
D,canonical,L4,24,24,coverage,1.0,24,24,1.0,1.0
D,canonical,L4,24,24,abstention,0.0,0,24,0.0,0.0
D,canonical,L4,24,24,decision_coverage,1.0,24,24,1.0,1.0
D,canonical,L4,24,24,accuracy,1.0,24,24,1.0,1.0
D,canonical,L5,24,24,VAR,1.0,24,24,1.0,1.0
D,canonical,L5,24,24,VRR,0.0,0,24,0.0,0.0
D,canonical,L5,24,24,VIR,0.0,0,24,0.0,0.0
D,canonical,L5,24,24,IAR,,0,0,,
D,canonical,L5,24,24,IDR,,0,0,,
D,canonical,L5,24,24,IDR_indet,,0,0,,
D,canonical,L5,24,24,coverage,1.0,24,24,1.0,1.0
D,canonical,L5,24,24,abstention,0.0,0,24,0.0,0.0
D,canonical,L5,24,24,decision_coverage,1.0,24,24,1.0,1.0
D,canonical,L5,24,24,accuracy,1.0,24,24,1.0,1.0
D,canonical,L6,24,24,VAR,1.0,24,24,1.0,1.0
D,canonical,L6,24,24,VRR,0.0,0,24,0.0,0.0
D,canonical,L6,24,24,VIR,0.0,0,24,0.0,0.0
D,canonical,L6,24,24,IAR,,0,0,,
D,canonical,L6,24,24,IDR,,0,0,,
D,canonical,L6,24,24,IDR_indet,,0,0,,
D,canonical,L6,24,24,coverage,1.0,24,24,1.0,1.0
D,canonical,L6,24,24,abstention,0.0,0,24,0.0,0.0
D,canonical,L6,24,24,decision_coverage,1.0,24,24,1.0,1.0
D,canonical,L6,24,24,accuracy,1.0,24,24,1.0,1.0
D,canonical,L7,24,24,VAR,1.0,24,24,1.0,1.0
D,canonical,L7,24,24,VRR,0.0,0,24,0.0,0.0
D,canonical,L7,24,24,VIR,0.0,0,24,0.0,0.0
D,canonical,L7,24,24,IAR,,0,0,,
D,canonical,L7,24,24,IDR,,0,0,,
D,canonical,L7,24,24,IDR_indet,,0,0,,
D,canonical,L7,24,24,coverage,1.0,24,24,1.0,1.0
D,canonical,L7,24,24,abstention,0.0,0,24,0.0,0.0
D,canonical,L7,24,24,decision_coverage,1.0,24,24,1.0,1.0
D,canonical,L7,24,24,accuracy,1.0,24,24,1.0,1.0
D,canonical,L8,24,24,VAR,1.0,24,24,1.0,1.0
D,canonical,L8,24,24,VRR,0.0,0,24,0.0,0.0
D,canonical,L8,24,24,VIR,0.0,0,24,0.0,0.0
D,canonical,L8,24,24,IAR,,0,0,,
D,canonical,L8,24,24,IDR,,0,0,,
D,canonical,L8,24,24,IDR_indet,,0,0,,
D,canonical,L8,24,24,coverage,1.0,24,24,1.0,1.0
D,canonical,L8,24,24,abstention,0.0,0,24,0.0,0.0
D,canonical,L8,24,24,decision_coverage,1.0,24,24,1.0,1.0
D,canonical,L8,24,24,accuracy,1.0,24,24,1.0,1.0
D,canonical,L9,24,24,VAR,1.0,24,24,1.0,1.0
D,canonical,L9,24,24,VRR,0.0,0,24,0.0,0.0
D,canonical,L9,24,24,VIR,0.0,0,24,0.0,0.0
D,canonical,L9,24,24,IAR,,0,0,,
D,canonical,L9,24,24,IDR,,0,0,,
D,canonical,L9,24,24,IDR_indet,,0,0,,
D,canonical,L9,24,24,coverage,1.0,24,24,1.0,1.0
D,canonical,L9,24,24,abstention,0.0,0,24,0.0,0.0
D,canonical,L9,24,24,decision_coverage,1.0,24,24,1.0,1.0
D,canonical,L9,24,24,accuracy,1.0,24,24,1.0,1.0
D,single_fault,D1,72,72,VAR,,0,0,,
D,single_fault,D1,72,72,VRR,,0,0,,
D,single_fault,D1,72,72,VIR,,0,0,,
D,single_fault,D1,72,72,IAR,,0,0,,
D,single_fault,D1,72,72,IDR,,0,0,,
D,single_fault,D1,72,72,IDR_indet,0.0,0,72,0.0,0.0
D,single_fault,D1,72,72,coverage,1.0,72,72,1.0,1.0
D,single_fault,D1,72,72,abstention,0.0,0,72,0.0,0.0
D,single_fault,D1,72,72,decision_coverage,1.0,72,72,1.0,1.0
D,single_fault,D1,72,72,accuracy,0.0,0,72,0.0,0.0
D,single_fault,D2,24,24,VAR,,0,0,,
D,single_fault,D2,24,24,VRR,,0,0,,
D,single_fault,D2,24,24,VIR,,0,0,,
D,single_fault,D2,24,24,IAR,,0,0,,
D,single_fault,D2,24,24,IDR,,0,0,,
D,single_fault,D2,24,24,IDR_indet,1.0,24,24,1.0,1.0
D,single_fault,D2,24,24,coverage,1.0,24,24,1.0,1.0
D,single_fault,D2,24,24,abstention,1.0,24,24,1.0,1.0
D,single_fault,D2,24,24,decision_coverage,0.0,0,24,0.0,0.0
D,single_fault,D2,24,24,accuracy,1.0,24,24,1.0,1.0
D,single_fault,D3,24,24,VAR,,0,0,,
D,single_fault,D3,24,24,VRR,,0,0,,
D,single_fault,D3,24,24,VIR,,0,0,,
D,single_fault,D3,24,24,IAR,,0,0,,
D,single_fault,D3,24,24,IDR,,0,0,,
D,single_fault,D3,24,24,IDR_indet,0.0,0,24,0.0,0.0
D,single_fault,D3,24,24,coverage,1.0,24,24,1.0,1.0
D,single_fault,D3,24,24,abstention,0.0,0,24,0.0,0.0
D,single_fault,D3,24,24,decision_coverage,1.0,24,24,1.0,1.0
D,single_fault,D3,24,24,accuracy,0.0,0,24,0.0,0.0
D,single_fault,D4,24,24,VAR,,0,0,,
D,single_fault,D4,24,24,VRR,,0,0,,
D,single_fault,D4,24,24,VIR,,0,0,,
D,single_fault,D4,24,24,IAR,,0,0,,
D,single_fault,D4,24,24,IDR,,0,0,,
D,single_fault,D4,24,24,IDR_indet,0.0,0,24,0.0,0.0
D,single_fault,D4,24,24,coverage,1.0,24,24,1.0,1.0
D,single_fault,D4,24,24,abstention,0.0,0,24,0.0,0.0
D,single_fault,D4,24,24,decision_coverage,1.0,24,24,1.0,1.0
D,single_fault,D4,24,24,accuracy,0.0,0,24,0.0,0.0
D,single_fault,I1,24,24,VAR,,0,0,,
D,single_fault,I1,24,24,VRR,,0,0,,
D,single_fault,I1,24,24,VIR,,0,0,,
D,single_fault,I1,24,24,IAR,1.0,24,24,1.0,1.0
D,single_fault,I1,24,24,IDR,0.0,0,24,0.0,0.0
D,single_fault,I1,24,24,IDR_indet,,0,0,,
D,single_fault,I1,24,24,coverage,1.0,24,24,1.0,1.0
D,single_fault,I1,24,24,abstention,0.0,0,24,0.0,0.0
D,single_fault,I1,24,24,decision_coverage,1.0,24,24,1.0,1.0
D,single_fault,I1,24,24,accuracy,0.0,0,24,0.0,0.0
D,single_fault,I10,24,24,VAR,,0,0,,
D,single_fault,I10,24,24,VRR,,0,0,,
D,single_fault,I10,24,24,VIR,,0,0,,
D,single_fault,I10,24,24,IAR,1.0,24,24,1.0,1.0
D,single_fault,I10,24,24,IDR,0.0,0,24,0.0,0.0
D,single_fault,I10,24,24,IDR_indet,,0,0,,
D,single_fault,I10,24,24,coverage,1.0,24,24,1.0,1.0
D,single_fault,I10,24,24,abstention,0.0,0,24,0.0,0.0
D,single_fault,I10,24,24,decision_coverage,1.0,24,24,1.0,1.0
D,single_fault,I10,24,24,accuracy,0.0,0,24,0.0,0.0
D,single_fault,I2,48,48,VAR,,0,0,,
D,single_fault,I2,48,48,VRR,,0,0,,
D,single_fault,I2,48,48,VIR,,0,0,,
D,single_fault,I2,48,48,IAR,1.0,48,48,1.0,1.0
D,single_fault,I2,48,48,IDR,0.0,0,48,0.0,0.0
D,single_fault,I2,48,48,IDR_indet,,0,0,,
D,single_fault,I2,48,48,coverage,1.0,48,48,1.0,1.0
D,single_fault,I2,48,48,abstention,0.0,0,48,0.0,0.0
D,single_fault,I2,48,48,decision_coverage,1.0,48,48,1.0,1.0
D,single_fault,I2,48,48,accuracy,0.0,0,48,0.0,0.0
D,single_fault,I3,24,24,VAR,,0,0,,
D,single_fault,I3,24,24,VRR,,0,0,,
D,single_fault,I3,24,24,VIR,,0,0,,
D,single_fault,I3,24,24,IAR,1.0,24,24,1.0,1.0
D,single_fault,I3,24,24,IDR,0.0,0,24,0.0,0.0
D,single_fault,I3,24,24,IDR_indet,,0,0,,
D,single_fault,I3,24,24,coverage,1.0,24,24,1.0,1.0
D,single_fault,I3,24,24,abstention,0.0,0,24,0.0,0.0
D,single_fault,I3,24,24,decision_coverage,1.0,24,24,1.0,1.0
D,single_fault,I3,24,24,accuracy,0.0,0,24,0.0,0.0
D,single_fault,I4,24,24,VAR,,0,0,,
D,single_fault,I4,24,24,VRR,,0,0,,
D,single_fault,I4,24,24,VIR,,0,0,,
D,single_fault,I4,24,24,IAR,1.0,24,24,1.0,1.0
D,single_fault,I4,24,24,IDR,0.0,0,24,0.0,0.0
D,single_fault,I4,24,24,IDR_indet,,0,0,,
D,single_fault,I4,24,24,coverage,1.0,24,24,1.0,1.0
D,single_fault,I4,24,24,abstention,0.0,0,24,0.0,0.0
D,single_fault,I4,24,24,decision_coverage,1.0,24,24,1.0,1.0
D,single_fault,I4,24,24,accuracy,0.0,0,24,0.0,0.0
D,single_fault,I5,24,24,VAR,,0,0,,
D,single_fault,I5,24,24,VRR,,0,0,,
D,single_fault,I5,24,24,VIR,,0,0,,
D,single_fault,I5,24,24,IAR,1.0,24,24,1.0,1.0
D,single_fault,I5,24,24,IDR,0.0,0,24,0.0,0.0
D,single_fault,I5,24,24,IDR_indet,,0,0,,
D,single_fault,I5,24,24,coverage,1.0,24,24,1.0,1.0
D,single_fault,I5,24,24,abstention,0.0,0,24,0.0,0.0
D,single_fault,I5,24,24,decision_coverage,1.0,24,24,1.0,1.0
D,single_fault,I5,24,24,accuracy,0.0,0,24,0.0,0.0
D,single_fault,I6,24,24,VAR,,0,0,,
D,single_fault,I6,24,24,VRR,,0,0,,
D,single_fault,I6,24,24,VIR,,0,0,,
D,single_fault,I6,24,24,IAR,1.0,24,24,1.0,1.0
D,single_fault,I6,24,24,IDR,0.0,0,24,0.0,0.0
D,single_fault,I6,24,24,IDR_indet,,0,0,,
D,single_fault,I6,24,24,coverage,1.0,24,24,1.0,1.0
D,single_fault,I6,24,24,abstention,0.0,0,24,0.0,0.0
D,single_fault,I6,24,24,decision_coverage,1.0,24,24,1.0,1.0
D,single_fault,I6,24,24,accuracy,0.0,0,24,0.0,0.0
D,single_fault,I7,24,24,VAR,,0,0,,
D,single_fault,I7,24,24,VRR,,0,0,,
D,single_fault,I7,24,24,VIR,,0,0,,
D,single_fault,I7,24,24,IAR,1.0,24,24,1.0,1.0
D,single_fault,I7,24,24,IDR,0.0,0,24,0.0,0.0
D,single_fault,I7,24,24,IDR_indet,,0,0,,
D,single_fault,I7,24,24,coverage,1.0,24,24,1.0,1.0
D,single_fault,I7,24,24,abstention,0.0,0,24,0.0,0.0
D,single_fault,I7,24,24,decision_coverage,1.0,24,24,1.0,1.0
D,single_fault,I7,24,24,accuracy,0.0,0,24,0.0,0.0
D,single_fault,I8,24,24,VAR,,0,0,,
D,single_fault,I8,24,24,VRR,,0,0,,
D,single_fault,I8,24,24,VIR,,0,0,,
D,single_fault,I8,24,24,IAR,0.0,0,24,0.0,0.0
D,single_fault,I8,24,24,IDR,1.0,24,24,1.0,1.0
D,single_fault,I8,24,24,IDR_indet,,0,0,,
D,single_fault,I8,24,24,coverage,1.0,24,24,1.0,1.0
D,single_fault,I8,24,24,abstention,0.0,0,24,0.0,0.0
D,single_fault,I8,24,24,decision_coverage,1.0,24,24,1.0,1.0
D,single_fault,I8,24,24,accuracy,1.0,24,24,1.0,1.0
D,single_fault,I9,96,96,VAR,,0,0,,
D,single_fault,I9,96,96,VRR,,0,0,,
D,single_fault,I9,96,96,VIR,,0,0,,
D,single_fault,I9,96,96,IAR,0.0,0,96,0.0,0.0
D,single_fault,I9,96,96,IDR,1.0,96,96,1.0,1.0
D,single_fault,I9,96,96,IDR_indet,,0,0,,
D,single_fault,I9,96,96,coverage,1.0,96,96,1.0,1.0
D,single_fault,I9,96,96,abstention,0.0,0,96,0.0,0.0
D,single_fault,I9,96,96,decision_coverage,1.0,96,96,1.0,1.0
D,single_fault,I9,96,96,accuracy,1.0,96,96,1.0,1.0
D,compound_fault,I2,24,24,VAR,,0,0,,
D,compound_fault,I2,24,24,VRR,,0,0,,
D,compound_fault,I2,24,24,VIR,,0,0,,
D,compound_fault,I2,24,24,IAR,1.0,24,24,1.0,1.0
D,compound_fault,I2,24,24,IDR,0.0,0,24,0.0,0.0
D,compound_fault,I2,24,24,IDR_indet,,0,0,,
D,compound_fault,I2,24,24,coverage,1.0,24,24,1.0,1.0
D,compound_fault,I2,24,24,abstention,0.0,0,24,0.0,0.0
D,compound_fault,I2,24,24,decision_coverage,1.0,24,24,1.0,1.0
D,compound_fault,I2,24,24,accuracy,0.0,0,24,0.0,0.0
D,compound_fault,I3,48,48,VAR,,0,0,,
D,compound_fault,I3,48,48,VRR,,0,0,,
D,compound_fault,I3,48,48,VIR,,0,0,,
D,compound_fault,I3,48,48,IAR,1.0,48,48,1.0,1.0
D,compound_fault,I3,48,48,IDR,0.0,0,48,0.0,0.0
D,compound_fault,I3,48,48,IDR_indet,,0,0,,
D,compound_fault,I3,48,48,coverage,1.0,48,48,1.0,1.0
D,compound_fault,I3,48,48,abstention,0.0,0,48,0.0,0.0
D,compound_fault,I3,48,48,decision_coverage,1.0,48,48,1.0,1.0
D,compound_fault,I3,48,48,accuracy,0.0,0,48,0.0,0.0
D,compound_fault,I5,24,24,VAR,,0,0,,
D,compound_fault,I5,24,24,VRR,,0,0,,
D,compound_fault,I5,24,24,VIR,,0,0,,
D,compound_fault,I5,24,24,IAR,1.0,24,24,1.0,1.0
D,compound_fault,I5,24,24,IDR,0.0,0,24,0.0,0.0
D,compound_fault,I5,24,24,IDR_indet,,0,0,,
D,compound_fault,I5,24,24,coverage,1.0,24,24,1.0,1.0
D,compound_fault,I5,24,24,abstention,0.0,0,24,0.0,0.0
D,compound_fault,I5,24,24,decision_coverage,1.0,24,24,1.0,1.0
D,compound_fault,I5,24,24,accuracy,0.0,0,24,0.0,0.0
D,all,D1,96,96,VAR,,0,0,,
D,all,D1,96,96,VRR,,0,0,,
D,all,D1,96,96,VIR,,0,0,,
D,all,D1,96,96,IAR,,0,0,,
D,all,D1,96,96,IDR,,0,0,,
D,all,D1,96,96,IDR_indet,0.0,0,96,0.0,0.0
D,all,D1,96,96,coverage,1.0,96,96,1.0,1.0
D,all,D1,96,96,abstention,0.0,0,96,0.0,0.0
D,all,D1,96,96,decision_coverage,1.0,96,96,1.0,1.0
D,all,D1,96,96,accuracy,0.0,0,96,0.0,0.0
D,all,D2,48,48,VAR,,0,0,,
D,all,D2,48,48,VRR,,0,0,,
D,all,D2,48,48,VIR,,0,0,,
D,all,D2,48,48,IAR,,0,0,,
D,all,D2,48,48,IDR,,0,0,,
D,all,D2,48,48,IDR_indet,1.0,48,48,1.0,1.0
D,all,D2,48,48,coverage,1.0,48,48,1.0,1.0
D,all,D2,48,48,abstention,1.0,48,48,1.0,1.0
D,all,D2,48,48,decision_coverage,0.0,0,48,0.0,0.0
D,all,D2,48,48,accuracy,1.0,48,48,1.0,1.0
D,all,D3,48,48,VAR,,0,0,,
D,all,D3,48,48,VRR,,0,0,,
D,all,D3,48,48,VIR,,0,0,,
D,all,D3,48,48,IAR,,0,0,,
D,all,D3,48,48,IDR,,0,0,,
D,all,D3,48,48,IDR_indet,0.0,0,48,0.0,0.0
D,all,D3,48,48,coverage,1.0,48,48,1.0,1.0
D,all,D3,48,48,abstention,0.0,0,48,0.0,0.0
D,all,D3,48,48,decision_coverage,1.0,48,48,1.0,1.0
D,all,D3,48,48,accuracy,0.0,0,48,0.0,0.0
D,all,D4,48,48,VAR,,0,0,,
D,all,D4,48,48,VRR,,0,0,,
D,all,D4,48,48,VIR,,0,0,,
D,all,D4,48,48,IAR,,0,0,,
D,all,D4,48,48,IDR,,0,0,,
D,all,D4,48,48,IDR_indet,0.0,0,48,0.0,0.0
D,all,D4,48,48,coverage,1.0,48,48,1.0,1.0
D,all,D4,48,48,abstention,0.0,0,48,0.0,0.0
D,all,D4,48,48,decision_coverage,1.0,48,48,1.0,1.0
D,all,D4,48,48,accuracy,0.0,0,48,0.0,0.0
D,all,I1,48,48,VAR,,0,0,,
D,all,I1,48,48,VRR,,0,0,,
D,all,I1,48,48,VIR,,0,0,,
D,all,I1,48,48,IAR,1.0,48,48,1.0,1.0
D,all,I1,48,48,IDR,0.0,0,48,0.0,0.0
D,all,I1,48,48,IDR_indet,,0,0,,
D,all,I1,48,48,coverage,1.0,48,48,1.0,1.0
D,all,I1,48,48,abstention,0.0,0,48,0.0,0.0
D,all,I1,48,48,decision_coverage,1.0,48,48,1.0,1.0
D,all,I1,48,48,accuracy,0.0,0,48,0.0,0.0
D,all,I10,48,48,VAR,,0,0,,
D,all,I10,48,48,VRR,,0,0,,
D,all,I10,48,48,VIR,,0,0,,
D,all,I10,48,48,IAR,1.0,48,48,1.0,1.0
D,all,I10,48,48,IDR,0.0,0,48,0.0,0.0
D,all,I10,48,48,IDR_indet,,0,0,,
D,all,I10,48,48,coverage,1.0,48,48,1.0,1.0
D,all,I10,48,48,abstention,0.0,0,48,0.0,0.0
D,all,I10,48,48,decision_coverage,1.0,48,48,1.0,1.0
D,all,I10,48,48,accuracy,0.0,0,48,0.0,0.0
D,all,I2,96,96,VAR,,0,0,,
D,all,I2,96,96,VRR,,0,0,,
D,all,I2,96,96,VIR,,0,0,,
D,all,I2,96,96,IAR,1.0,96,96,1.0,1.0
D,all,I2,96,96,IDR,0.0,0,96,0.0,0.0
D,all,I2,96,96,IDR_indet,,0,0,,
D,all,I2,96,96,coverage,1.0,96,96,1.0,1.0
D,all,I2,96,96,abstention,0.0,0,96,0.0,0.0
D,all,I2,96,96,decision_coverage,1.0,96,96,1.0,1.0
D,all,I2,96,96,accuracy,0.0,0,96,0.0,0.0
D,all,I3,96,96,VAR,,0,0,,
D,all,I3,96,96,VRR,,0,0,,
D,all,I3,96,96,VIR,,0,0,,
D,all,I3,96,96,IAR,1.0,96,96,1.0,1.0
D,all,I3,96,96,IDR,0.0,0,96,0.0,0.0
D,all,I3,96,96,IDR_indet,,0,0,,
D,all,I3,96,96,coverage,1.0,96,96,1.0,1.0
D,all,I3,96,96,abstention,0.0,0,96,0.0,0.0
D,all,I3,96,96,decision_coverage,1.0,96,96,1.0,1.0
D,all,I3,96,96,accuracy,0.0,0,96,0.0,0.0
D,all,I4,48,48,VAR,,0,0,,
D,all,I4,48,48,VRR,,0,0,,
D,all,I4,48,48,VIR,,0,0,,
D,all,I4,48,48,IAR,1.0,48,48,1.0,1.0
D,all,I4,48,48,IDR,0.0,0,48,0.0,0.0
D,all,I4,48,48,IDR_indet,,0,0,,
D,all,I4,48,48,coverage,1.0,48,48,1.0,1.0
D,all,I4,48,48,abstention,0.0,0,48,0.0,0.0
D,all,I4,48,48,decision_coverage,1.0,48,48,1.0,1.0
D,all,I4,48,48,accuracy,0.0,0,48,0.0,0.0
D,all,I5,72,72,VAR,,0,0,,
D,all,I5,72,72,VRR,,0,0,,
D,all,I5,72,72,VIR,,0,0,,
D,all,I5,72,72,IAR,1.0,72,72,1.0,1.0
D,all,I5,72,72,IDR,0.0,0,72,0.0,0.0
D,all,I5,72,72,IDR_indet,,0,0,,
D,all,I5,72,72,coverage,1.0,72,72,1.0,1.0
D,all,I5,72,72,abstention,0.0,0,72,0.0,0.0
D,all,I5,72,72,decision_coverage,1.0,72,72,1.0,1.0
D,all,I5,72,72,accuracy,0.0,0,72,0.0,0.0
D,all,I6,48,48,VAR,,0,0,,
D,all,I6,48,48,VRR,,0,0,,
D,all,I6,48,48,VIR,,0,0,,
D,all,I6,48,48,IAR,1.0,48,48,1.0,1.0
D,all,I6,48,48,IDR,0.0,0,48,0.0,0.0
D,all,I6,48,48,IDR_indet,,0,0,,
D,all,I6,48,48,coverage,1.0,48,48,1.0,1.0
D,all,I6,48,48,abstention,0.0,0,48,0.0,0.0
D,all,I6,48,48,decision_coverage,1.0,48,48,1.0,1.0
D,all,I6,48,48,accuracy,0.0,0,48,0.0,0.0
D,all,I7,48,48,VAR,,0,0,,
D,all,I7,48,48,VRR,,0,0,,
D,all,I7,48,48,VIR,,0,0,,
D,all,I7,48,48,IAR,1.0,48,48,1.0,1.0
D,all,I7,48,48,IDR,0.0,0,48,0.0,0.0
D,all,I7,48,48,IDR_indet,,0,0,,
D,all,I7,48,48,coverage,1.0,48,48,1.0,1.0
D,all,I7,48,48,abstention,0.0,0,48,0.0,0.0
D,all,I7,48,48,decision_coverage,1.0,48,48,1.0,1.0
D,all,I7,48,48,accuracy,0.0,0,48,0.0,0.0
D,all,I8,48,48,VAR,,0,0,,
D,all,I8,48,48,VRR,,0,0,,
D,all,I8,48,48,VIR,,0,0,,
D,all,I8,48,48,IAR,0.0,0,48,0.0,0.0
D,all,I8,48,48,IDR,1.0,48,48,1.0,1.0
D,all,I8,48,48,IDR_indet,,0,0,,
D,all,I8,48,48,coverage,1.0,48,48,1.0,1.0
D,all,I8,48,48,abstention,0.0,0,48,0.0,0.0
D,all,I8,48,48,decision_coverage,1.0,48,48,1.0,1.0
D,all,I8,48,48,accuracy,1.0,48,48,1.0,1.0
D,all,I9,120,120,VAR,,0,0,,
D,all,I9,120,120,VRR,,0,0,,
D,all,I9,120,120,VIR,,0,0,,
D,all,I9,120,120,IAR,0.0,0,120,0.0,0.0
D,all,I9,120,120,IDR,1.0,120,120,1.0,1.0
D,all,I9,120,120,IDR_indet,,0,0,,
D,all,I9,120,120,coverage,1.0,120,120,1.0,1.0
D,all,I9,120,120,abstention,0.0,0,120,0.0,0.0
D,all,I9,120,120,decision_coverage,1.0,120,120,1.0,1.0
D,all,I9,120,120,accuracy,1.0,120,120,1.0,1.0
D,all,L1,24,24,VAR,1.0,24,24,1.0,1.0
D,all,L1,24,24,VRR,0.0,0,24,0.0,0.0
D,all,L1,24,24,VIR,0.0,0,24,0.0,0.0
D,all,L1,24,24,IAR,,0,0,,
D,all,L1,24,24,IDR,,0,0,,
D,all,L1,24,24,IDR_indet,,0,0,,
D,all,L1,24,24,coverage,1.0,24,24,1.0,1.0
D,all,L1,24,24,abstention,0.0,0,24,0.0,0.0
D,all,L1,24,24,decision_coverage,1.0,24,24,1.0,1.0
D,all,L1,24,24,accuracy,1.0,24,24,1.0,1.0
D,all,L10,24,24,VAR,1.0,24,24,1.0,1.0
D,all,L10,24,24,VRR,0.0,0,24,0.0,0.0
D,all,L10,24,24,VIR,0.0,0,24,0.0,0.0
D,all,L10,24,24,IAR,,0,0,,
D,all,L10,24,24,IDR,,0,0,,
D,all,L10,24,24,IDR_indet,,0,0,,
D,all,L10,24,24,coverage,1.0,24,24,1.0,1.0
D,all,L10,24,24,abstention,0.0,0,24,0.0,0.0
D,all,L10,24,24,decision_coverage,1.0,24,24,1.0,1.0
D,all,L10,24,24,accuracy,1.0,24,24,1.0,1.0
D,all,L2,24,24,VAR,1.0,24,24,1.0,1.0
D,all,L2,24,24,VRR,0.0,0,24,0.0,0.0
D,all,L2,24,24,VIR,0.0,0,24,0.0,0.0
D,all,L2,24,24,IAR,,0,0,,
D,all,L2,24,24,IDR,,0,0,,
D,all,L2,24,24,IDR_indet,,0,0,,
D,all,L2,24,24,coverage,1.0,24,24,1.0,1.0
D,all,L2,24,24,abstention,0.0,0,24,0.0,0.0
D,all,L2,24,24,decision_coverage,1.0,24,24,1.0,1.0
D,all,L2,24,24,accuracy,1.0,24,24,1.0,1.0
D,all,L3,24,24,VAR,1.0,24,24,1.0,1.0
D,all,L3,24,24,VRR,0.0,0,24,0.0,0.0
D,all,L3,24,24,VIR,0.0,0,24,0.0,0.0
D,all,L3,24,24,IAR,,0,0,,
D,all,L3,24,24,IDR,,0,0,,
D,all,L3,24,24,IDR_indet,,0,0,,
D,all,L3,24,24,coverage,1.0,24,24,1.0,1.0
D,all,L3,24,24,abstention,0.0,0,24,0.0,0.0
D,all,L3,24,24,decision_coverage,1.0,24,24,1.0,1.0
D,all,L3,24,24,accuracy,1.0,24,24,1.0,1.0
D,all,L4,24,24,VAR,1.0,24,24,1.0,1.0
D,all,L4,24,24,VRR,0.0,0,24,0.0,0.0
D,all,L4,24,24,VIR,0.0,0,24,0.0,0.0
D,all,L4,24,24,IAR,,0,0,,
D,all,L4,24,24,IDR,,0,0,,
D,all,L4,24,24,IDR_indet,,0,0,,
D,all,L4,24,24,coverage,1.0,24,24,1.0,1.0
D,all,L4,24,24,abstention,0.0,0,24,0.0,0.0
D,all,L4,24,24,decision_coverage,1.0,24,24,1.0,1.0
D,all,L4,24,24,accuracy,1.0,24,24,1.0,1.0
D,all,L5,24,24,VAR,1.0,24,24,1.0,1.0
D,all,L5,24,24,VRR,0.0,0,24,0.0,0.0
D,all,L5,24,24,VIR,0.0,0,24,0.0,0.0
D,all,L5,24,24,IAR,,0,0,,
D,all,L5,24,24,IDR,,0,0,,
D,all,L5,24,24,IDR_indet,,0,0,,
D,all,L5,24,24,coverage,1.0,24,24,1.0,1.0
D,all,L5,24,24,abstention,0.0,0,24,0.0,0.0
D,all,L5,24,24,decision_coverage,1.0,24,24,1.0,1.0
D,all,L5,24,24,accuracy,1.0,24,24,1.0,1.0
D,all,L6,24,24,VAR,1.0,24,24,1.0,1.0
D,all,L6,24,24,VRR,0.0,0,24,0.0,0.0
D,all,L6,24,24,VIR,0.0,0,24,0.0,0.0
D,all,L6,24,24,IAR,,0,0,,
D,all,L6,24,24,IDR,,0,0,,
D,all,L6,24,24,IDR_indet,,0,0,,
D,all,L6,24,24,coverage,1.0,24,24,1.0,1.0
D,all,L6,24,24,abstention,0.0,0,24,0.0,0.0
D,all,L6,24,24,decision_coverage,1.0,24,24,1.0,1.0
D,all,L6,24,24,accuracy,1.0,24,24,1.0,1.0
D,all,L7,24,24,VAR,1.0,24,24,1.0,1.0
D,all,L7,24,24,VRR,0.0,0,24,0.0,0.0
D,all,L7,24,24,VIR,0.0,0,24,0.0,0.0
D,all,L7,24,24,IAR,,0,0,,
D,all,L7,24,24,IDR,,0,0,,
D,all,L7,24,24,IDR_indet,,0,0,,
D,all,L7,24,24,coverage,1.0,24,24,1.0,1.0
D,all,L7,24,24,abstention,0.0,0,24,0.0,0.0
D,all,L7,24,24,decision_coverage,1.0,24,24,1.0,1.0
D,all,L7,24,24,accuracy,1.0,24,24,1.0,1.0
D,all,L8,24,24,VAR,1.0,24,24,1.0,1.0
D,all,L8,24,24,VRR,0.0,0,24,0.0,0.0
D,all,L8,24,24,VIR,0.0,0,24,0.0,0.0
D,all,L8,24,24,IAR,,0,0,,
D,all,L8,24,24,IDR,,0,0,,
D,all,L8,24,24,IDR_indet,,0,0,,
D,all,L8,24,24,coverage,1.0,24,24,1.0,1.0
D,all,L8,24,24,abstention,0.0,0,24,0.0,0.0
D,all,L8,24,24,decision_coverage,1.0,24,24,1.0,1.0
D,all,L8,24,24,accuracy,1.0,24,24,1.0,1.0
D,all,L9,24,24,VAR,1.0,24,24,1.0,1.0
D,all,L9,24,24,VRR,0.0,0,24,0.0,0.0
D,all,L9,24,24,VIR,0.0,0,24,0.0,0.0
D,all,L9,24,24,IAR,,0,0,,
D,all,L9,24,24,IDR,,0,0,,
D,all,L9,24,24,IDR_indet,,0,0,,
D,all,L9,24,24,coverage,1.0,24,24,1.0,1.0
D,all,L9,24,24,abstention,0.0,0,24,0.0,0.0
D,all,L9,24,24,decision_coverage,1.0,24,24,1.0,1.0
D,all,L9,24,24,accuracy,1.0,24,24,1.0,1.0
E,canonical,D1,24,24,VAR,,0,0,,
E,canonical,D1,24,24,VRR,,0,0,,
E,canonical,D1,24,24,VIR,,0,0,,
E,canonical,D1,24,24,IAR,,0,0,,
E,canonical,D1,24,24,IDR,,0,0,,
E,canonical,D1,24,24,IDR_indet,1.0,24,24,1.0,1.0
E,canonical,D1,24,24,coverage,1.0,24,24,1.0,1.0
E,canonical,D1,24,24,abstention,1.0,24,24,1.0,1.0
E,canonical,D1,24,24,decision_coverage,0.0,0,24,0.0,0.0
E,canonical,D1,24,24,accuracy,1.0,24,24,1.0,1.0
E,canonical,D2,24,24,VAR,,0,0,,
E,canonical,D2,24,24,VRR,,0,0,,
E,canonical,D2,24,24,VIR,,0,0,,
E,canonical,D2,24,24,IAR,,0,0,,
E,canonical,D2,24,24,IDR,,0,0,,
E,canonical,D2,24,24,IDR_indet,1.0,24,24,1.0,1.0
E,canonical,D2,24,24,coverage,1.0,24,24,1.0,1.0
E,canonical,D2,24,24,abstention,1.0,24,24,1.0,1.0
E,canonical,D2,24,24,decision_coverage,0.0,0,24,0.0,0.0
E,canonical,D2,24,24,accuracy,1.0,24,24,1.0,1.0
E,canonical,D3,24,24,VAR,,0,0,,
E,canonical,D3,24,24,VRR,,0,0,,
E,canonical,D3,24,24,VIR,,0,0,,
E,canonical,D3,24,24,IAR,,0,0,,
E,canonical,D3,24,24,IDR,,0,0,,
E,canonical,D3,24,24,IDR_indet,1.0,24,24,1.0,1.0
E,canonical,D3,24,24,coverage,1.0,24,24,1.0,1.0
E,canonical,D3,24,24,abstention,1.0,24,24,1.0,1.0
E,canonical,D3,24,24,decision_coverage,0.0,0,24,0.0,0.0
E,canonical,D3,24,24,accuracy,1.0,24,24,1.0,1.0
E,canonical,D4,24,24,VAR,,0,0,,
E,canonical,D4,24,24,VRR,,0,0,,
E,canonical,D4,24,24,VIR,,0,0,,
E,canonical,D4,24,24,IAR,,0,0,,
E,canonical,D4,24,24,IDR,,0,0,,
E,canonical,D4,24,24,IDR_indet,1.0,24,24,1.0,1.0
E,canonical,D4,24,24,coverage,1.0,24,24,1.0,1.0
E,canonical,D4,24,24,abstention,1.0,24,24,1.0,1.0
E,canonical,D4,24,24,decision_coverage,0.0,0,24,0.0,0.0
E,canonical,D4,24,24,accuracy,1.0,24,24,1.0,1.0
E,canonical,I1,24,24,VAR,,0,0,,
E,canonical,I1,24,24,VRR,,0,0,,
E,canonical,I1,24,24,VIR,,0,0,,
E,canonical,I1,24,24,IAR,0.0,0,24,0.0,0.0
E,canonical,I1,24,24,IDR,1.0,24,24,1.0,1.0
E,canonical,I1,24,24,IDR_indet,,0,0,,
E,canonical,I1,24,24,coverage,1.0,24,24,1.0,1.0
E,canonical,I1,24,24,abstention,0.0,0,24,0.0,0.0
E,canonical,I1,24,24,decision_coverage,1.0,24,24,1.0,1.0
E,canonical,I1,24,24,accuracy,1.0,24,24,1.0,1.0
E,canonical,I10,24,24,VAR,,0,0,,
E,canonical,I10,24,24,VRR,,0,0,,
E,canonical,I10,24,24,VIR,,0,0,,
E,canonical,I10,24,24,IAR,0.0,0,24,0.0,0.0
E,canonical,I10,24,24,IDR,1.0,24,24,1.0,1.0
E,canonical,I10,24,24,IDR_indet,,0,0,,
E,canonical,I10,24,24,coverage,1.0,24,24,1.0,1.0
E,canonical,I10,24,24,abstention,0.0,0,24,0.0,0.0
E,canonical,I10,24,24,decision_coverage,1.0,24,24,1.0,1.0
E,canonical,I10,24,24,accuracy,1.0,24,24,1.0,1.0
E,canonical,I2,24,24,VAR,,0,0,,
E,canonical,I2,24,24,VRR,,0,0,,
E,canonical,I2,24,24,VIR,,0,0,,
E,canonical,I2,24,24,IAR,0.0,0,24,0.0,0.0
E,canonical,I2,24,24,IDR,1.0,24,24,1.0,1.0
E,canonical,I2,24,24,IDR_indet,,0,0,,
E,canonical,I2,24,24,coverage,1.0,24,24,1.0,1.0
E,canonical,I2,24,24,abstention,0.0,0,24,0.0,0.0
E,canonical,I2,24,24,decision_coverage,1.0,24,24,1.0,1.0
E,canonical,I2,24,24,accuracy,1.0,24,24,1.0,1.0
E,canonical,I3,24,24,VAR,,0,0,,
E,canonical,I3,24,24,VRR,,0,0,,
E,canonical,I3,24,24,VIR,,0,0,,
E,canonical,I3,24,24,IAR,0.0,0,24,0.0,0.0
E,canonical,I3,24,24,IDR,1.0,24,24,1.0,1.0
E,canonical,I3,24,24,IDR_indet,,0,0,,
E,canonical,I3,24,24,coverage,1.0,24,24,1.0,1.0
E,canonical,I3,24,24,abstention,0.0,0,24,0.0,0.0
E,canonical,I3,24,24,decision_coverage,1.0,24,24,1.0,1.0
E,canonical,I3,24,24,accuracy,1.0,24,24,1.0,1.0
E,canonical,I4,24,24,VAR,,0,0,,
E,canonical,I4,24,24,VRR,,0,0,,
E,canonical,I4,24,24,VIR,,0,0,,
E,canonical,I4,24,24,IAR,0.0,0,24,0.0,0.0
E,canonical,I4,24,24,IDR,1.0,24,24,1.0,1.0
E,canonical,I4,24,24,IDR_indet,,0,0,,
E,canonical,I4,24,24,coverage,1.0,24,24,1.0,1.0
E,canonical,I4,24,24,abstention,0.0,0,24,0.0,0.0
E,canonical,I4,24,24,decision_coverage,1.0,24,24,1.0,1.0
E,canonical,I4,24,24,accuracy,1.0,24,24,1.0,1.0
E,canonical,I5,24,24,VAR,,0,0,,
E,canonical,I5,24,24,VRR,,0,0,,
E,canonical,I5,24,24,VIR,,0,0,,
E,canonical,I5,24,24,IAR,0.0,0,24,0.0,0.0
E,canonical,I5,24,24,IDR,1.0,24,24,1.0,1.0
E,canonical,I5,24,24,IDR_indet,,0,0,,
E,canonical,I5,24,24,coverage,1.0,24,24,1.0,1.0
E,canonical,I5,24,24,abstention,0.0,0,24,0.0,0.0
E,canonical,I5,24,24,decision_coverage,1.0,24,24,1.0,1.0
E,canonical,I5,24,24,accuracy,1.0,24,24,1.0,1.0
E,canonical,I6,24,24,VAR,,0,0,,
E,canonical,I6,24,24,VRR,,0,0,,
E,canonical,I6,24,24,VIR,,0,0,,
E,canonical,I6,24,24,IAR,0.0,0,24,0.0,0.0
E,canonical,I6,24,24,IDR,1.0,24,24,1.0,1.0
E,canonical,I6,24,24,IDR_indet,,0,0,,
E,canonical,I6,24,24,coverage,1.0,24,24,1.0,1.0
E,canonical,I6,24,24,abstention,0.0,0,24,0.0,0.0
E,canonical,I6,24,24,decision_coverage,1.0,24,24,1.0,1.0
E,canonical,I6,24,24,accuracy,1.0,24,24,1.0,1.0
E,canonical,I7,24,24,VAR,,0,0,,
E,canonical,I7,24,24,VRR,,0,0,,
E,canonical,I7,24,24,VIR,,0,0,,
E,canonical,I7,24,24,IAR,0.0,0,24,0.0,0.0
E,canonical,I7,24,24,IDR,1.0,24,24,1.0,1.0
E,canonical,I7,24,24,IDR_indet,,0,0,,
E,canonical,I7,24,24,coverage,1.0,24,24,1.0,1.0
E,canonical,I7,24,24,abstention,0.0,0,24,0.0,0.0
E,canonical,I7,24,24,decision_coverage,1.0,24,24,1.0,1.0
E,canonical,I7,24,24,accuracy,1.0,24,24,1.0,1.0
E,canonical,I8,24,24,VAR,,0,0,,
E,canonical,I8,24,24,VRR,,0,0,,
E,canonical,I8,24,24,VIR,,0,0,,
E,canonical,I8,24,24,IAR,0.0,0,24,0.0,0.0
E,canonical,I8,24,24,IDR,1.0,24,24,1.0,1.0
E,canonical,I8,24,24,IDR_indet,,0,0,,
E,canonical,I8,24,24,coverage,1.0,24,24,1.0,1.0
E,canonical,I8,24,24,abstention,0.0,0,24,0.0,0.0
E,canonical,I8,24,24,decision_coverage,1.0,24,24,1.0,1.0
E,canonical,I8,24,24,accuracy,1.0,24,24,1.0,1.0
E,canonical,I9,24,24,VAR,,0,0,,
E,canonical,I9,24,24,VRR,,0,0,,
E,canonical,I9,24,24,VIR,,0,0,,
E,canonical,I9,24,24,IAR,0.0,0,24,0.0,0.0
E,canonical,I9,24,24,IDR,1.0,24,24,1.0,1.0
E,canonical,I9,24,24,IDR_indet,,0,0,,
E,canonical,I9,24,24,coverage,1.0,24,24,1.0,1.0
E,canonical,I9,24,24,abstention,0.0,0,24,0.0,0.0
E,canonical,I9,24,24,decision_coverage,1.0,24,24,1.0,1.0
E,canonical,I9,24,24,accuracy,1.0,24,24,1.0,1.0
E,canonical,L1,24,24,VAR,1.0,24,24,1.0,1.0
E,canonical,L1,24,24,VRR,0.0,0,24,0.0,0.0
E,canonical,L1,24,24,VIR,0.0,0,24,0.0,0.0
E,canonical,L1,24,24,IAR,,0,0,,
E,canonical,L1,24,24,IDR,,0,0,,
E,canonical,L1,24,24,IDR_indet,,0,0,,
E,canonical,L1,24,24,coverage,1.0,24,24,1.0,1.0
E,canonical,L1,24,24,abstention,0.0,0,24,0.0,0.0
E,canonical,L1,24,24,decision_coverage,1.0,24,24,1.0,1.0
E,canonical,L1,24,24,accuracy,1.0,24,24,1.0,1.0
E,canonical,L10,24,24,VAR,1.0,24,24,1.0,1.0
E,canonical,L10,24,24,VRR,0.0,0,24,0.0,0.0
E,canonical,L10,24,24,VIR,0.0,0,24,0.0,0.0
E,canonical,L10,24,24,IAR,,0,0,,
E,canonical,L10,24,24,IDR,,0,0,,
E,canonical,L10,24,24,IDR_indet,,0,0,,
E,canonical,L10,24,24,coverage,1.0,24,24,1.0,1.0
E,canonical,L10,24,24,abstention,0.0,0,24,0.0,0.0
E,canonical,L10,24,24,decision_coverage,1.0,24,24,1.0,1.0
E,canonical,L10,24,24,accuracy,1.0,24,24,1.0,1.0
E,canonical,L2,24,24,VAR,1.0,24,24,1.0,1.0
E,canonical,L2,24,24,VRR,0.0,0,24,0.0,0.0
E,canonical,L2,24,24,VIR,0.0,0,24,0.0,0.0
E,canonical,L2,24,24,IAR,,0,0,,
E,canonical,L2,24,24,IDR,,0,0,,
E,canonical,L2,24,24,IDR_indet,,0,0,,
E,canonical,L2,24,24,coverage,1.0,24,24,1.0,1.0
E,canonical,L2,24,24,abstention,0.0,0,24,0.0,0.0
E,canonical,L2,24,24,decision_coverage,1.0,24,24,1.0,1.0
E,canonical,L2,24,24,accuracy,1.0,24,24,1.0,1.0
E,canonical,L3,24,24,VAR,1.0,24,24,1.0,1.0
E,canonical,L3,24,24,VRR,0.0,0,24,0.0,0.0
E,canonical,L3,24,24,VIR,0.0,0,24,0.0,0.0
E,canonical,L3,24,24,IAR,,0,0,,
E,canonical,L3,24,24,IDR,,0,0,,
E,canonical,L3,24,24,IDR_indet,,0,0,,
E,canonical,L3,24,24,coverage,1.0,24,24,1.0,1.0
E,canonical,L3,24,24,abstention,0.0,0,24,0.0,0.0
E,canonical,L3,24,24,decision_coverage,1.0,24,24,1.0,1.0
E,canonical,L3,24,24,accuracy,1.0,24,24,1.0,1.0
E,canonical,L4,24,24,VAR,1.0,24,24,1.0,1.0
E,canonical,L4,24,24,VRR,0.0,0,24,0.0,0.0
E,canonical,L4,24,24,VIR,0.0,0,24,0.0,0.0
E,canonical,L4,24,24,IAR,,0,0,,
E,canonical,L4,24,24,IDR,,0,0,,
E,canonical,L4,24,24,IDR_indet,,0,0,,
E,canonical,L4,24,24,coverage,1.0,24,24,1.0,1.0
E,canonical,L4,24,24,abstention,0.0,0,24,0.0,0.0
E,canonical,L4,24,24,decision_coverage,1.0,24,24,1.0,1.0
E,canonical,L4,24,24,accuracy,1.0,24,24,1.0,1.0
E,canonical,L5,24,24,VAR,1.0,24,24,1.0,1.0
E,canonical,L5,24,24,VRR,0.0,0,24,0.0,0.0
E,canonical,L5,24,24,VIR,0.0,0,24,0.0,0.0
E,canonical,L5,24,24,IAR,,0,0,,
E,canonical,L5,24,24,IDR,,0,0,,
E,canonical,L5,24,24,IDR_indet,,0,0,,
E,canonical,L5,24,24,coverage,1.0,24,24,1.0,1.0
E,canonical,L5,24,24,abstention,0.0,0,24,0.0,0.0
E,canonical,L5,24,24,decision_coverage,1.0,24,24,1.0,1.0
E,canonical,L5,24,24,accuracy,1.0,24,24,1.0,1.0
E,canonical,L6,24,24,VAR,1.0,24,24,1.0,1.0
E,canonical,L6,24,24,VRR,0.0,0,24,0.0,0.0
E,canonical,L6,24,24,VIR,0.0,0,24,0.0,0.0
E,canonical,L6,24,24,IAR,,0,0,,
E,canonical,L6,24,24,IDR,,0,0,,
E,canonical,L6,24,24,IDR_indet,,0,0,,
E,canonical,L6,24,24,coverage,1.0,24,24,1.0,1.0
E,canonical,L6,24,24,abstention,0.0,0,24,0.0,0.0
E,canonical,L6,24,24,decision_coverage,1.0,24,24,1.0,1.0
E,canonical,L6,24,24,accuracy,1.0,24,24,1.0,1.0
E,canonical,L7,24,24,VAR,1.0,24,24,1.0,1.0
E,canonical,L7,24,24,VRR,0.0,0,24,0.0,0.0
E,canonical,L7,24,24,VIR,0.0,0,24,0.0,0.0
E,canonical,L7,24,24,IAR,,0,0,,
E,canonical,L7,24,24,IDR,,0,0,,
E,canonical,L7,24,24,IDR_indet,,0,0,,
E,canonical,L7,24,24,coverage,1.0,24,24,1.0,1.0
E,canonical,L7,24,24,abstention,0.0,0,24,0.0,0.0
E,canonical,L7,24,24,decision_coverage,1.0,24,24,1.0,1.0
E,canonical,L7,24,24,accuracy,1.0,24,24,1.0,1.0
E,canonical,L8,24,24,VAR,1.0,24,24,1.0,1.0
E,canonical,L8,24,24,VRR,0.0,0,24,0.0,0.0
E,canonical,L8,24,24,VIR,0.0,0,24,0.0,0.0
E,canonical,L8,24,24,IAR,,0,0,,
E,canonical,L8,24,24,IDR,,0,0,,
E,canonical,L8,24,24,IDR_indet,,0,0,,
E,canonical,L8,24,24,coverage,1.0,24,24,1.0,1.0
E,canonical,L8,24,24,abstention,0.0,0,24,0.0,0.0
E,canonical,L8,24,24,decision_coverage,1.0,24,24,1.0,1.0
E,canonical,L8,24,24,accuracy,1.0,24,24,1.0,1.0
E,canonical,L9,24,24,VAR,1.0,24,24,1.0,1.0
E,canonical,L9,24,24,VRR,0.0,0,24,0.0,0.0
E,canonical,L9,24,24,VIR,0.0,0,24,0.0,0.0
E,canonical,L9,24,24,IAR,,0,0,,
E,canonical,L9,24,24,IDR,,0,0,,
E,canonical,L9,24,24,IDR_indet,,0,0,,
E,canonical,L9,24,24,coverage,1.0,24,24,1.0,1.0
E,canonical,L9,24,24,abstention,0.0,0,24,0.0,0.0
E,canonical,L9,24,24,decision_coverage,1.0,24,24,1.0,1.0
E,canonical,L9,24,24,accuracy,1.0,24,24,1.0,1.0
E,single_fault,D1,72,72,VAR,,0,0,,
E,single_fault,D1,72,72,VRR,,0,0,,
E,single_fault,D1,72,72,VIR,,0,0,,
E,single_fault,D1,72,72,IAR,,0,0,,
E,single_fault,D1,72,72,IDR,,0,0,,
E,single_fault,D1,72,72,IDR_indet,1.0,72,72,1.0,1.0
E,single_fault,D1,72,72,coverage,1.0,72,72,1.0,1.0
E,single_fault,D1,72,72,abstention,1.0,72,72,1.0,1.0
E,single_fault,D1,72,72,decision_coverage,0.0,0,72,0.0,0.0
E,single_fault,D1,72,72,accuracy,1.0,72,72,1.0,1.0
E,single_fault,D2,24,24,VAR,,0,0,,
E,single_fault,D2,24,24,VRR,,0,0,,
E,single_fault,D2,24,24,VIR,,0,0,,
E,single_fault,D2,24,24,IAR,,0,0,,
E,single_fault,D2,24,24,IDR,,0,0,,
E,single_fault,D2,24,24,IDR_indet,1.0,24,24,1.0,1.0
E,single_fault,D2,24,24,coverage,1.0,24,24,1.0,1.0
E,single_fault,D2,24,24,abstention,1.0,24,24,1.0,1.0
E,single_fault,D2,24,24,decision_coverage,0.0,0,24,0.0,0.0
E,single_fault,D2,24,24,accuracy,1.0,24,24,1.0,1.0
E,single_fault,D3,24,24,VAR,,0,0,,
E,single_fault,D3,24,24,VRR,,0,0,,
E,single_fault,D3,24,24,VIR,,0,0,,
E,single_fault,D3,24,24,IAR,,0,0,,
E,single_fault,D3,24,24,IDR,,0,0,,
E,single_fault,D3,24,24,IDR_indet,1.0,24,24,1.0,1.0
E,single_fault,D3,24,24,coverage,1.0,24,24,1.0,1.0
E,single_fault,D3,24,24,abstention,1.0,24,24,1.0,1.0
E,single_fault,D3,24,24,decision_coverage,0.0,0,24,0.0,0.0
E,single_fault,D3,24,24,accuracy,1.0,24,24,1.0,1.0
E,single_fault,D4,24,24,VAR,,0,0,,
E,single_fault,D4,24,24,VRR,,0,0,,
E,single_fault,D4,24,24,VIR,,0,0,,
E,single_fault,D4,24,24,IAR,,0,0,,
E,single_fault,D4,24,24,IDR,,0,0,,
E,single_fault,D4,24,24,IDR_indet,1.0,24,24,1.0,1.0
E,single_fault,D4,24,24,coverage,1.0,24,24,1.0,1.0
E,single_fault,D4,24,24,abstention,1.0,24,24,1.0,1.0
E,single_fault,D4,24,24,decision_coverage,0.0,0,24,0.0,0.0
E,single_fault,D4,24,24,accuracy,1.0,24,24,1.0,1.0
E,single_fault,I1,24,24,VAR,,0,0,,
E,single_fault,I1,24,24,VRR,,0,0,,
E,single_fault,I1,24,24,VIR,,0,0,,
E,single_fault,I1,24,24,IAR,0.0,0,24,0.0,0.0
E,single_fault,I1,24,24,IDR,1.0,24,24,1.0,1.0
E,single_fault,I1,24,24,IDR_indet,,0,0,,
E,single_fault,I1,24,24,coverage,1.0,24,24,1.0,1.0
E,single_fault,I1,24,24,abstention,0.0,0,24,0.0,0.0
E,single_fault,I1,24,24,decision_coverage,1.0,24,24,1.0,1.0
E,single_fault,I1,24,24,accuracy,1.0,24,24,1.0,1.0
E,single_fault,I10,24,24,VAR,,0,0,,
E,single_fault,I10,24,24,VRR,,0,0,,
E,single_fault,I10,24,24,VIR,,0,0,,
E,single_fault,I10,24,24,IAR,0.0,0,24,0.0,0.0
E,single_fault,I10,24,24,IDR,1.0,24,24,1.0,1.0
E,single_fault,I10,24,24,IDR_indet,,0,0,,
E,single_fault,I10,24,24,coverage,1.0,24,24,1.0,1.0
E,single_fault,I10,24,24,abstention,0.0,0,24,0.0,0.0
E,single_fault,I10,24,24,decision_coverage,1.0,24,24,1.0,1.0
E,single_fault,I10,24,24,accuracy,1.0,24,24,1.0,1.0
E,single_fault,I2,48,48,VAR,,0,0,,
E,single_fault,I2,48,48,VRR,,0,0,,
E,single_fault,I2,48,48,VIR,,0,0,,
E,single_fault,I2,48,48,IAR,0.0,0,48,0.0,0.0
E,single_fault,I2,48,48,IDR,1.0,48,48,1.0,1.0
E,single_fault,I2,48,48,IDR_indet,,0,0,,
E,single_fault,I2,48,48,coverage,1.0,48,48,1.0,1.0
E,single_fault,I2,48,48,abstention,0.0,0,48,0.0,0.0
E,single_fault,I2,48,48,decision_coverage,1.0,48,48,1.0,1.0
E,single_fault,I2,48,48,accuracy,1.0,48,48,1.0,1.0
E,single_fault,I3,24,24,VAR,,0,0,,
E,single_fault,I3,24,24,VRR,,0,0,,
E,single_fault,I3,24,24,VIR,,0,0,,
E,single_fault,I3,24,24,IAR,0.0,0,24,0.0,0.0
E,single_fault,I3,24,24,IDR,1.0,24,24,1.0,1.0
E,single_fault,I3,24,24,IDR_indet,,0,0,,
E,single_fault,I3,24,24,coverage,1.0,24,24,1.0,1.0
E,single_fault,I3,24,24,abstention,0.0,0,24,0.0,0.0
E,single_fault,I3,24,24,decision_coverage,1.0,24,24,1.0,1.0
E,single_fault,I3,24,24,accuracy,1.0,24,24,1.0,1.0
E,single_fault,I4,24,24,VAR,,0,0,,
E,single_fault,I4,24,24,VRR,,0,0,,
E,single_fault,I4,24,24,VIR,,0,0,,
E,single_fault,I4,24,24,IAR,0.0,0,24,0.0,0.0
E,single_fault,I4,24,24,IDR,1.0,24,24,1.0,1.0
E,single_fault,I4,24,24,IDR_indet,,0,0,,
E,single_fault,I4,24,24,coverage,1.0,24,24,1.0,1.0
E,single_fault,I4,24,24,abstention,0.0,0,24,0.0,0.0
E,single_fault,I4,24,24,decision_coverage,1.0,24,24,1.0,1.0
E,single_fault,I4,24,24,accuracy,1.0,24,24,1.0,1.0
E,single_fault,I5,24,24,VAR,,0,0,,
E,single_fault,I5,24,24,VRR,,0,0,,
E,single_fault,I5,24,24,VIR,,0,0,,
E,single_fault,I5,24,24,IAR,0.0,0,24,0.0,0.0
E,single_fault,I5,24,24,IDR,1.0,24,24,1.0,1.0
E,single_fault,I5,24,24,IDR_indet,,0,0,,
E,single_fault,I5,24,24,coverage,1.0,24,24,1.0,1.0
E,single_fault,I5,24,24,abstention,0.0,0,24,0.0,0.0
E,single_fault,I5,24,24,decision_coverage,1.0,24,24,1.0,1.0
E,single_fault,I5,24,24,accuracy,1.0,24,24,1.0,1.0
E,single_fault,I6,24,24,VAR,,0,0,,
E,single_fault,I6,24,24,VRR,,0,0,,
E,single_fault,I6,24,24,VIR,,0,0,,
E,single_fault,I6,24,24,IAR,0.0,0,24,0.0,0.0
E,single_fault,I6,24,24,IDR,1.0,24,24,1.0,1.0
E,single_fault,I6,24,24,IDR_indet,,0,0,,
E,single_fault,I6,24,24,coverage,1.0,24,24,1.0,1.0
E,single_fault,I6,24,24,abstention,0.0,0,24,0.0,0.0
E,single_fault,I6,24,24,decision_coverage,1.0,24,24,1.0,1.0
E,single_fault,I6,24,24,accuracy,1.0,24,24,1.0,1.0
E,single_fault,I7,24,24,VAR,,0,0,,
E,single_fault,I7,24,24,VRR,,0,0,,
E,single_fault,I7,24,24,VIR,,0,0,,
E,single_fault,I7,24,24,IAR,0.0,0,24,0.0,0.0
E,single_fault,I7,24,24,IDR,1.0,24,24,1.0,1.0
E,single_fault,I7,24,24,IDR_indet,,0,0,,
E,single_fault,I7,24,24,coverage,1.0,24,24,1.0,1.0
E,single_fault,I7,24,24,abstention,0.0,0,24,0.0,0.0
E,single_fault,I7,24,24,decision_coverage,1.0,24,24,1.0,1.0
E,single_fault,I7,24,24,accuracy,1.0,24,24,1.0,1.0
E,single_fault,I8,24,24,VAR,,0,0,,
E,single_fault,I8,24,24,VRR,,0,0,,
E,single_fault,I8,24,24,VIR,,0,0,,
E,single_fault,I8,24,24,IAR,0.0,0,24,0.0,0.0
E,single_fault,I8,24,24,IDR,1.0,24,24,1.0,1.0
E,single_fault,I8,24,24,IDR_indet,,0,0,,
E,single_fault,I8,24,24,coverage,1.0,24,24,1.0,1.0
E,single_fault,I8,24,24,abstention,0.0,0,24,0.0,0.0
E,single_fault,I8,24,24,decision_coverage,1.0,24,24,1.0,1.0
E,single_fault,I8,24,24,accuracy,1.0,24,24,1.0,1.0
E,single_fault,I9,96,96,VAR,,0,0,,
E,single_fault,I9,96,96,VRR,,0,0,,
E,single_fault,I9,96,96,VIR,,0,0,,
E,single_fault,I9,96,96,IAR,0.0,0,96,0.0,0.0
E,single_fault,I9,96,96,IDR,1.0,96,96,1.0,1.0
E,single_fault,I9,96,96,IDR_indet,,0,0,,
E,single_fault,I9,96,96,coverage,1.0,96,96,1.0,1.0
E,single_fault,I9,96,96,abstention,0.0,0,96,0.0,0.0
E,single_fault,I9,96,96,decision_coverage,1.0,96,96,1.0,1.0
E,single_fault,I9,96,96,accuracy,1.0,96,96,1.0,1.0
E,compound_fault,I2,24,24,VAR,,0,0,,
E,compound_fault,I2,24,24,VRR,,0,0,,
E,compound_fault,I2,24,24,VIR,,0,0,,
E,compound_fault,I2,24,24,IAR,0.0,0,24,0.0,0.0
E,compound_fault,I2,24,24,IDR,1.0,24,24,1.0,1.0
E,compound_fault,I2,24,24,IDR_indet,,0,0,,
E,compound_fault,I2,24,24,coverage,1.0,24,24,1.0,1.0
E,compound_fault,I2,24,24,abstention,0.0,0,24,0.0,0.0
E,compound_fault,I2,24,24,decision_coverage,1.0,24,24,1.0,1.0
E,compound_fault,I2,24,24,accuracy,1.0,24,24,1.0,1.0
E,compound_fault,I3,48,48,VAR,,0,0,,
E,compound_fault,I3,48,48,VRR,,0,0,,
E,compound_fault,I3,48,48,VIR,,0,0,,
E,compound_fault,I3,48,48,IAR,0.0,0,48,0.0,0.0
E,compound_fault,I3,48,48,IDR,1.0,48,48,1.0,1.0
E,compound_fault,I3,48,48,IDR_indet,,0,0,,
E,compound_fault,I3,48,48,coverage,1.0,48,48,1.0,1.0
E,compound_fault,I3,48,48,abstention,0.0,0,48,0.0,0.0
E,compound_fault,I3,48,48,decision_coverage,1.0,48,48,1.0,1.0
E,compound_fault,I3,48,48,accuracy,1.0,48,48,1.0,1.0
E,compound_fault,I5,24,24,VAR,,0,0,,
E,compound_fault,I5,24,24,VRR,,0,0,,
E,compound_fault,I5,24,24,VIR,,0,0,,
E,compound_fault,I5,24,24,IAR,0.0,0,24,0.0,0.0
E,compound_fault,I5,24,24,IDR,1.0,24,24,1.0,1.0
E,compound_fault,I5,24,24,IDR_indet,,0,0,,
E,compound_fault,I5,24,24,coverage,1.0,24,24,1.0,1.0
E,compound_fault,I5,24,24,abstention,0.0,0,24,0.0,0.0
E,compound_fault,I5,24,24,decision_coverage,1.0,24,24,1.0,1.0
E,compound_fault,I5,24,24,accuracy,1.0,24,24,1.0,1.0
E,all,D1,96,96,VAR,,0,0,,
E,all,D1,96,96,VRR,,0,0,,
E,all,D1,96,96,VIR,,0,0,,
E,all,D1,96,96,IAR,,0,0,,
E,all,D1,96,96,IDR,,0,0,,
E,all,D1,96,96,IDR_indet,1.0,96,96,1.0,1.0
E,all,D1,96,96,coverage,1.0,96,96,1.0,1.0
E,all,D1,96,96,abstention,1.0,96,96,1.0,1.0
E,all,D1,96,96,decision_coverage,0.0,0,96,0.0,0.0
E,all,D1,96,96,accuracy,1.0,96,96,1.0,1.0
E,all,D2,48,48,VAR,,0,0,,
E,all,D2,48,48,VRR,,0,0,,
E,all,D2,48,48,VIR,,0,0,,
E,all,D2,48,48,IAR,,0,0,,
E,all,D2,48,48,IDR,,0,0,,
E,all,D2,48,48,IDR_indet,1.0,48,48,1.0,1.0
E,all,D2,48,48,coverage,1.0,48,48,1.0,1.0
E,all,D2,48,48,abstention,1.0,48,48,1.0,1.0
E,all,D2,48,48,decision_coverage,0.0,0,48,0.0,0.0
E,all,D2,48,48,accuracy,1.0,48,48,1.0,1.0
E,all,D3,48,48,VAR,,0,0,,
E,all,D3,48,48,VRR,,0,0,,
E,all,D3,48,48,VIR,,0,0,,
E,all,D3,48,48,IAR,,0,0,,
E,all,D3,48,48,IDR,,0,0,,
E,all,D3,48,48,IDR_indet,1.0,48,48,1.0,1.0
E,all,D3,48,48,coverage,1.0,48,48,1.0,1.0
E,all,D3,48,48,abstention,1.0,48,48,1.0,1.0
E,all,D3,48,48,decision_coverage,0.0,0,48,0.0,0.0
E,all,D3,48,48,accuracy,1.0,48,48,1.0,1.0
E,all,D4,48,48,VAR,,0,0,,
E,all,D4,48,48,VRR,,0,0,,
E,all,D4,48,48,VIR,,0,0,,
E,all,D4,48,48,IAR,,0,0,,
E,all,D4,48,48,IDR,,0,0,,
E,all,D4,48,48,IDR_indet,1.0,48,48,1.0,1.0
E,all,D4,48,48,coverage,1.0,48,48,1.0,1.0
E,all,D4,48,48,abstention,1.0,48,48,1.0,1.0
E,all,D4,48,48,decision_coverage,0.0,0,48,0.0,0.0
E,all,D4,48,48,accuracy,1.0,48,48,1.0,1.0
E,all,I1,48,48,VAR,,0,0,,
E,all,I1,48,48,VRR,,0,0,,
E,all,I1,48,48,VIR,,0,0,,
E,all,I1,48,48,IAR,0.0,0,48,0.0,0.0
E,all,I1,48,48,IDR,1.0,48,48,1.0,1.0
E,all,I1,48,48,IDR_indet,,0,0,,
E,all,I1,48,48,coverage,1.0,48,48,1.0,1.0
E,all,I1,48,48,abstention,0.0,0,48,0.0,0.0
E,all,I1,48,48,decision_coverage,1.0,48,48,1.0,1.0
E,all,I1,48,48,accuracy,1.0,48,48,1.0,1.0
E,all,I10,48,48,VAR,,0,0,,
E,all,I10,48,48,VRR,,0,0,,
E,all,I10,48,48,VIR,,0,0,,
E,all,I10,48,48,IAR,0.0,0,48,0.0,0.0
E,all,I10,48,48,IDR,1.0,48,48,1.0,1.0
E,all,I10,48,48,IDR_indet,,0,0,,
E,all,I10,48,48,coverage,1.0,48,48,1.0,1.0
E,all,I10,48,48,abstention,0.0,0,48,0.0,0.0
E,all,I10,48,48,decision_coverage,1.0,48,48,1.0,1.0
E,all,I10,48,48,accuracy,1.0,48,48,1.0,1.0
E,all,I2,96,96,VAR,,0,0,,
E,all,I2,96,96,VRR,,0,0,,
E,all,I2,96,96,VIR,,0,0,,
E,all,I2,96,96,IAR,0.0,0,96,0.0,0.0
E,all,I2,96,96,IDR,1.0,96,96,1.0,1.0
E,all,I2,96,96,IDR_indet,,0,0,,
E,all,I2,96,96,coverage,1.0,96,96,1.0,1.0
E,all,I2,96,96,abstention,0.0,0,96,0.0,0.0
E,all,I2,96,96,decision_coverage,1.0,96,96,1.0,1.0
E,all,I2,96,96,accuracy,1.0,96,96,1.0,1.0
E,all,I3,96,96,VAR,,0,0,,
E,all,I3,96,96,VRR,,0,0,,
E,all,I3,96,96,VIR,,0,0,,
E,all,I3,96,96,IAR,0.0,0,96,0.0,0.0
E,all,I3,96,96,IDR,1.0,96,96,1.0,1.0
E,all,I3,96,96,IDR_indet,,0,0,,
E,all,I3,96,96,coverage,1.0,96,96,1.0,1.0
E,all,I3,96,96,abstention,0.0,0,96,0.0,0.0
E,all,I3,96,96,decision_coverage,1.0,96,96,1.0,1.0
E,all,I3,96,96,accuracy,1.0,96,96,1.0,1.0
E,all,I4,48,48,VAR,,0,0,,
E,all,I4,48,48,VRR,,0,0,,
E,all,I4,48,48,VIR,,0,0,,
E,all,I4,48,48,IAR,0.0,0,48,0.0,0.0
E,all,I4,48,48,IDR,1.0,48,48,1.0,1.0
E,all,I4,48,48,IDR_indet,,0,0,,
E,all,I4,48,48,coverage,1.0,48,48,1.0,1.0
E,all,I4,48,48,abstention,0.0,0,48,0.0,0.0
E,all,I4,48,48,decision_coverage,1.0,48,48,1.0,1.0
E,all,I4,48,48,accuracy,1.0,48,48,1.0,1.0
E,all,I5,72,72,VAR,,0,0,,
E,all,I5,72,72,VRR,,0,0,,
E,all,I5,72,72,VIR,,0,0,,
E,all,I5,72,72,IAR,0.0,0,72,0.0,0.0
E,all,I5,72,72,IDR,1.0,72,72,1.0,1.0
E,all,I5,72,72,IDR_indet,,0,0,,
E,all,I5,72,72,coverage,1.0,72,72,1.0,1.0
E,all,I5,72,72,abstention,0.0,0,72,0.0,0.0
E,all,I5,72,72,decision_coverage,1.0,72,72,1.0,1.0
E,all,I5,72,72,accuracy,1.0,72,72,1.0,1.0
E,all,I6,48,48,VAR,,0,0,,
E,all,I6,48,48,VRR,,0,0,,
E,all,I6,48,48,VIR,,0,0,,
E,all,I6,48,48,IAR,0.0,0,48,0.0,0.0
E,all,I6,48,48,IDR,1.0,48,48,1.0,1.0
E,all,I6,48,48,IDR_indet,,0,0,,
E,all,I6,48,48,coverage,1.0,48,48,1.0,1.0
E,all,I6,48,48,abstention,0.0,0,48,0.0,0.0
E,all,I6,48,48,decision_coverage,1.0,48,48,1.0,1.0
E,all,I6,48,48,accuracy,1.0,48,48,1.0,1.0
E,all,I7,48,48,VAR,,0,0,,
E,all,I7,48,48,VRR,,0,0,,
E,all,I7,48,48,VIR,,0,0,,
E,all,I7,48,48,IAR,0.0,0,48,0.0,0.0
E,all,I7,48,48,IDR,1.0,48,48,1.0,1.0
E,all,I7,48,48,IDR_indet,,0,0,,
E,all,I7,48,48,coverage,1.0,48,48,1.0,1.0
E,all,I7,48,48,abstention,0.0,0,48,0.0,0.0
E,all,I7,48,48,decision_coverage,1.0,48,48,1.0,1.0
E,all,I7,48,48,accuracy,1.0,48,48,1.0,1.0
E,all,I8,48,48,VAR,,0,0,,
E,all,I8,48,48,VRR,,0,0,,
E,all,I8,48,48,VIR,,0,0,,
E,all,I8,48,48,IAR,0.0,0,48,0.0,0.0
E,all,I8,48,48,IDR,1.0,48,48,1.0,1.0
E,all,I8,48,48,IDR_indet,,0,0,,
E,all,I8,48,48,coverage,1.0,48,48,1.0,1.0
E,all,I8,48,48,abstention,0.0,0,48,0.0,0.0
E,all,I8,48,48,decision_coverage,1.0,48,48,1.0,1.0
E,all,I8,48,48,accuracy,1.0,48,48,1.0,1.0
E,all,I9,120,120,VAR,,0,0,,
E,all,I9,120,120,VRR,,0,0,,
E,all,I9,120,120,VIR,,0,0,,
E,all,I9,120,120,IAR,0.0,0,120,0.0,0.0
E,all,I9,120,120,IDR,1.0,120,120,1.0,1.0
E,all,I9,120,120,IDR_indet,,0,0,,
E,all,I9,120,120,coverage,1.0,120,120,1.0,1.0
E,all,I9,120,120,abstention,0.0,0,120,0.0,0.0
E,all,I9,120,120,decision_coverage,1.0,120,120,1.0,1.0
E,all,I9,120,120,accuracy,1.0,120,120,1.0,1.0
E,all,L1,24,24,VAR,1.0,24,24,1.0,1.0
E,all,L1,24,24,VRR,0.0,0,24,0.0,0.0
E,all,L1,24,24,VIR,0.0,0,24,0.0,0.0
E,all,L1,24,24,IAR,,0,0,,
E,all,L1,24,24,IDR,,0,0,,
E,all,L1,24,24,IDR_indet,,0,0,,
E,all,L1,24,24,coverage,1.0,24,24,1.0,1.0
E,all,L1,24,24,abstention,0.0,0,24,0.0,0.0
E,all,L1,24,24,decision_coverage,1.0,24,24,1.0,1.0
E,all,L1,24,24,accuracy,1.0,24,24,1.0,1.0
E,all,L10,24,24,VAR,1.0,24,24,1.0,1.0
E,all,L10,24,24,VRR,0.0,0,24,0.0,0.0
E,all,L10,24,24,VIR,0.0,0,24,0.0,0.0
E,all,L10,24,24,IAR,,0,0,,
E,all,L10,24,24,IDR,,0,0,,
E,all,L10,24,24,IDR_indet,,0,0,,
E,all,L10,24,24,coverage,1.0,24,24,1.0,1.0
E,all,L10,24,24,abstention,0.0,0,24,0.0,0.0
E,all,L10,24,24,decision_coverage,1.0,24,24,1.0,1.0
E,all,L10,24,24,accuracy,1.0,24,24,1.0,1.0
E,all,L2,24,24,VAR,1.0,24,24,1.0,1.0
E,all,L2,24,24,VRR,0.0,0,24,0.0,0.0
E,all,L2,24,24,VIR,0.0,0,24,0.0,0.0
E,all,L2,24,24,IAR,,0,0,,
E,all,L2,24,24,IDR,,0,0,,
E,all,L2,24,24,IDR_indet,,0,0,,
E,all,L2,24,24,coverage,1.0,24,24,1.0,1.0
E,all,L2,24,24,abstention,0.0,0,24,0.0,0.0
E,all,L2,24,24,decision_coverage,1.0,24,24,1.0,1.0
E,all,L2,24,24,accuracy,1.0,24,24,1.0,1.0
E,all,L3,24,24,VAR,1.0,24,24,1.0,1.0
E,all,L3,24,24,VRR,0.0,0,24,0.0,0.0
E,all,L3,24,24,VIR,0.0,0,24,0.0,0.0
E,all,L3,24,24,IAR,,0,0,,
E,all,L3,24,24,IDR,,0,0,,
E,all,L3,24,24,IDR_indet,,0,0,,
E,all,L3,24,24,coverage,1.0,24,24,1.0,1.0
E,all,L3,24,24,abstention,0.0,0,24,0.0,0.0
E,all,L3,24,24,decision_coverage,1.0,24,24,1.0,1.0
E,all,L3,24,24,accuracy,1.0,24,24,1.0,1.0
E,all,L4,24,24,VAR,1.0,24,24,1.0,1.0
E,all,L4,24,24,VRR,0.0,0,24,0.0,0.0
E,all,L4,24,24,VIR,0.0,0,24,0.0,0.0
E,all,L4,24,24,IAR,,0,0,,
E,all,L4,24,24,IDR,,0,0,,
E,all,L4,24,24,IDR_indet,,0,0,,
E,all,L4,24,24,coverage,1.0,24,24,1.0,1.0
E,all,L4,24,24,abstention,0.0,0,24,0.0,0.0
E,all,L4,24,24,decision_coverage,1.0,24,24,1.0,1.0
E,all,L4,24,24,accuracy,1.0,24,24,1.0,1.0
E,all,L5,24,24,VAR,1.0,24,24,1.0,1.0
E,all,L5,24,24,VRR,0.0,0,24,0.0,0.0
E,all,L5,24,24,VIR,0.0,0,24,0.0,0.0
E,all,L5,24,24,IAR,,0,0,,
E,all,L5,24,24,IDR,,0,0,,
E,all,L5,24,24,IDR_indet,,0,0,,
E,all,L5,24,24,coverage,1.0,24,24,1.0,1.0
E,all,L5,24,24,abstention,0.0,0,24,0.0,0.0
E,all,L5,24,24,decision_coverage,1.0,24,24,1.0,1.0
E,all,L5,24,24,accuracy,1.0,24,24,1.0,1.0
E,all,L6,24,24,VAR,1.0,24,24,1.0,1.0
E,all,L6,24,24,VRR,0.0,0,24,0.0,0.0
E,all,L6,24,24,VIR,0.0,0,24,0.0,0.0
E,all,L6,24,24,IAR,,0,0,,
E,all,L6,24,24,IDR,,0,0,,
E,all,L6,24,24,IDR_indet,,0,0,,
E,all,L6,24,24,coverage,1.0,24,24,1.0,1.0
E,all,L6,24,24,abstention,0.0,0,24,0.0,0.0
E,all,L6,24,24,decision_coverage,1.0,24,24,1.0,1.0
E,all,L6,24,24,accuracy,1.0,24,24,1.0,1.0
E,all,L7,24,24,VAR,1.0,24,24,1.0,1.0
E,all,L7,24,24,VRR,0.0,0,24,0.0,0.0
E,all,L7,24,24,VIR,0.0,0,24,0.0,0.0
E,all,L7,24,24,IAR,,0,0,,
E,all,L7,24,24,IDR,,0,0,,
E,all,L7,24,24,IDR_indet,,0,0,,
E,all,L7,24,24,coverage,1.0,24,24,1.0,1.0
E,all,L7,24,24,abstention,0.0,0,24,0.0,0.0
E,all,L7,24,24,decision_coverage,1.0,24,24,1.0,1.0
E,all,L7,24,24,accuracy,1.0,24,24,1.0,1.0
E,all,L8,24,24,VAR,1.0,24,24,1.0,1.0
E,all,L8,24,24,VRR,0.0,0,24,0.0,0.0
E,all,L8,24,24,VIR,0.0,0,24,0.0,0.0
E,all,L8,24,24,IAR,,0,0,,
E,all,L8,24,24,IDR,,0,0,,
E,all,L8,24,24,IDR_indet,,0,0,,
E,all,L8,24,24,coverage,1.0,24,24,1.0,1.0
E,all,L8,24,24,abstention,0.0,0,24,0.0,0.0
E,all,L8,24,24,decision_coverage,1.0,24,24,1.0,1.0
E,all,L8,24,24,accuracy,1.0,24,24,1.0,1.0
E,all,L9,24,24,VAR,1.0,24,24,1.0,1.0
E,all,L9,24,24,VRR,0.0,0,24,0.0,0.0
E,all,L9,24,24,VIR,0.0,0,24,0.0,0.0
E,all,L9,24,24,IAR,,0,0,,
E,all,L9,24,24,IDR,,0,0,,
E,all,L9,24,24,IDR_indet,,0,0,,
E,all,L9,24,24,coverage,1.0,24,24,1.0,1.0
E,all,L9,24,24,abstention,0.0,0,24,0.0,0.0
E,all,L9,24,24,decision_coverage,1.0,24,24,1.0,1.0
E,all,L9,24,24,accuracy,1.0,24,24,1.0,1.0
F,canonical,D1,24,24,VAR,,0,0,,
F,canonical,D1,24,24,VRR,,0,0,,
F,canonical,D1,24,24,VIR,,0,0,,
F,canonical,D1,24,24,IAR,,0,0,,
F,canonical,D1,24,24,IDR,,0,0,,
F,canonical,D1,24,24,IDR_indet,1.0,24,24,1.0,1.0
F,canonical,D1,24,24,coverage,1.0,24,24,1.0,1.0
F,canonical,D1,24,24,abstention,1.0,24,24,1.0,1.0
F,canonical,D1,24,24,decision_coverage,0.0,0,24,0.0,0.0
F,canonical,D1,24,24,accuracy,1.0,24,24,1.0,1.0
F,canonical,D2,24,24,VAR,,0,0,,
F,canonical,D2,24,24,VRR,,0,0,,
F,canonical,D2,24,24,VIR,,0,0,,
F,canonical,D2,24,24,IAR,,0,0,,
F,canonical,D2,24,24,IDR,,0,0,,
F,canonical,D2,24,24,IDR_indet,1.0,24,24,1.0,1.0
F,canonical,D2,24,24,coverage,1.0,24,24,1.0,1.0
F,canonical,D2,24,24,abstention,1.0,24,24,1.0,1.0
F,canonical,D2,24,24,decision_coverage,0.0,0,24,0.0,0.0
F,canonical,D2,24,24,accuracy,1.0,24,24,1.0,1.0
F,canonical,D3,24,24,VAR,,0,0,,
F,canonical,D3,24,24,VRR,,0,0,,
F,canonical,D3,24,24,VIR,,0,0,,
F,canonical,D3,24,24,IAR,,0,0,,
F,canonical,D3,24,24,IDR,,0,0,,
F,canonical,D3,24,24,IDR_indet,1.0,24,24,1.0,1.0
F,canonical,D3,24,24,coverage,1.0,24,24,1.0,1.0
F,canonical,D3,24,24,abstention,1.0,24,24,1.0,1.0
F,canonical,D3,24,24,decision_coverage,0.0,0,24,0.0,0.0
F,canonical,D3,24,24,accuracy,1.0,24,24,1.0,1.0
F,canonical,D4,24,24,VAR,,0,0,,
F,canonical,D4,24,24,VRR,,0,0,,
F,canonical,D4,24,24,VIR,,0,0,,
F,canonical,D4,24,24,IAR,,0,0,,
F,canonical,D4,24,24,IDR,,0,0,,
F,canonical,D4,24,24,IDR_indet,1.0,24,24,1.0,1.0
F,canonical,D4,24,24,coverage,1.0,24,24,1.0,1.0
F,canonical,D4,24,24,abstention,1.0,24,24,1.0,1.0
F,canonical,D4,24,24,decision_coverage,0.0,0,24,0.0,0.0
F,canonical,D4,24,24,accuracy,1.0,24,24,1.0,1.0
F,canonical,I1,24,24,VAR,,0,0,,
F,canonical,I1,24,24,VRR,,0,0,,
F,canonical,I1,24,24,VIR,,0,0,,
F,canonical,I1,24,24,IAR,0.0,0,24,0.0,0.0
F,canonical,I1,24,24,IDR,1.0,24,24,1.0,1.0
F,canonical,I1,24,24,IDR_indet,,0,0,,
F,canonical,I1,24,24,coverage,1.0,24,24,1.0,1.0
F,canonical,I1,24,24,abstention,0.0,0,24,0.0,0.0
F,canonical,I1,24,24,decision_coverage,1.0,24,24,1.0,1.0
F,canonical,I1,24,24,accuracy,1.0,24,24,1.0,1.0
F,canonical,I10,24,24,VAR,,0,0,,
F,canonical,I10,24,24,VRR,,0,0,,
F,canonical,I10,24,24,VIR,,0,0,,
F,canonical,I10,24,24,IAR,0.0,0,24,0.0,0.0
F,canonical,I10,24,24,IDR,1.0,24,24,1.0,1.0
F,canonical,I10,24,24,IDR_indet,,0,0,,
F,canonical,I10,24,24,coverage,1.0,24,24,1.0,1.0
F,canonical,I10,24,24,abstention,0.0,0,24,0.0,0.0
F,canonical,I10,24,24,decision_coverage,1.0,24,24,1.0,1.0
F,canonical,I10,24,24,accuracy,1.0,24,24,1.0,1.0
F,canonical,I2,24,24,VAR,,0,0,,
F,canonical,I2,24,24,VRR,,0,0,,
F,canonical,I2,24,24,VIR,,0,0,,
F,canonical,I2,24,24,IAR,0.0,0,24,0.0,0.0
F,canonical,I2,24,24,IDR,1.0,24,24,1.0,1.0
F,canonical,I2,24,24,IDR_indet,,0,0,,
F,canonical,I2,24,24,coverage,1.0,24,24,1.0,1.0
F,canonical,I2,24,24,abstention,0.0,0,24,0.0,0.0
F,canonical,I2,24,24,decision_coverage,1.0,24,24,1.0,1.0
F,canonical,I2,24,24,accuracy,1.0,24,24,1.0,1.0
F,canonical,I3,24,24,VAR,,0,0,,
F,canonical,I3,24,24,VRR,,0,0,,
F,canonical,I3,24,24,VIR,,0,0,,
F,canonical,I3,24,24,IAR,0.0,0,24,0.0,0.0
F,canonical,I3,24,24,IDR,1.0,24,24,1.0,1.0
F,canonical,I3,24,24,IDR_indet,,0,0,,
F,canonical,I3,24,24,coverage,1.0,24,24,1.0,1.0
F,canonical,I3,24,24,abstention,0.0,0,24,0.0,0.0
F,canonical,I3,24,24,decision_coverage,1.0,24,24,1.0,1.0
F,canonical,I3,24,24,accuracy,1.0,24,24,1.0,1.0
F,canonical,I4,24,24,VAR,,0,0,,
F,canonical,I4,24,24,VRR,,0,0,,
F,canonical,I4,24,24,VIR,,0,0,,
F,canonical,I4,24,24,IAR,0.0,0,24,0.0,0.0
F,canonical,I4,24,24,IDR,1.0,24,24,1.0,1.0
F,canonical,I4,24,24,IDR_indet,,0,0,,
F,canonical,I4,24,24,coverage,1.0,24,24,1.0,1.0
F,canonical,I4,24,24,abstention,0.0,0,24,0.0,0.0
F,canonical,I4,24,24,decision_coverage,1.0,24,24,1.0,1.0
F,canonical,I4,24,24,accuracy,1.0,24,24,1.0,1.0
F,canonical,I5,24,24,VAR,,0,0,,
F,canonical,I5,24,24,VRR,,0,0,,
F,canonical,I5,24,24,VIR,,0,0,,
F,canonical,I5,24,24,IAR,0.0,0,24,0.0,0.0
F,canonical,I5,24,24,IDR,1.0,24,24,1.0,1.0
F,canonical,I5,24,24,IDR_indet,,0,0,,
F,canonical,I5,24,24,coverage,1.0,24,24,1.0,1.0
F,canonical,I5,24,24,abstention,0.0,0,24,0.0,0.0
F,canonical,I5,24,24,decision_coverage,1.0,24,24,1.0,1.0
F,canonical,I5,24,24,accuracy,1.0,24,24,1.0,1.0
F,canonical,I6,24,24,VAR,,0,0,,
F,canonical,I6,24,24,VRR,,0,0,,
F,canonical,I6,24,24,VIR,,0,0,,
F,canonical,I6,24,24,IAR,0.0,0,24,0.0,0.0
F,canonical,I6,24,24,IDR,1.0,24,24,1.0,1.0
F,canonical,I6,24,24,IDR_indet,,0,0,,
F,canonical,I6,24,24,coverage,1.0,24,24,1.0,1.0
F,canonical,I6,24,24,abstention,0.0,0,24,0.0,0.0
F,canonical,I6,24,24,decision_coverage,1.0,24,24,1.0,1.0
F,canonical,I6,24,24,accuracy,1.0,24,24,1.0,1.0
F,canonical,I7,24,24,VAR,,0,0,,
F,canonical,I7,24,24,VRR,,0,0,,
F,canonical,I7,24,24,VIR,,0,0,,
F,canonical,I7,24,24,IAR,0.0,0,24,0.0,0.0
F,canonical,I7,24,24,IDR,1.0,24,24,1.0,1.0
F,canonical,I7,24,24,IDR_indet,,0,0,,
F,canonical,I7,24,24,coverage,1.0,24,24,1.0,1.0
F,canonical,I7,24,24,abstention,0.0,0,24,0.0,0.0
F,canonical,I7,24,24,decision_coverage,1.0,24,24,1.0,1.0
F,canonical,I7,24,24,accuracy,1.0,24,24,1.0,1.0
F,canonical,I8,24,24,VAR,,0,0,,
F,canonical,I8,24,24,VRR,,0,0,,
F,canonical,I8,24,24,VIR,,0,0,,
F,canonical,I8,24,24,IAR,0.0,0,24,0.0,0.0
F,canonical,I8,24,24,IDR,1.0,24,24,1.0,1.0
F,canonical,I8,24,24,IDR_indet,,0,0,,
F,canonical,I8,24,24,coverage,1.0,24,24,1.0,1.0
F,canonical,I8,24,24,abstention,0.0,0,24,0.0,0.0
F,canonical,I8,24,24,decision_coverage,1.0,24,24,1.0,1.0
F,canonical,I8,24,24,accuracy,1.0,24,24,1.0,1.0
F,canonical,I9,24,24,VAR,,0,0,,
F,canonical,I9,24,24,VRR,,0,0,,
F,canonical,I9,24,24,VIR,,0,0,,
F,canonical,I9,24,24,IAR,0.0,0,24,0.0,0.0
F,canonical,I9,24,24,IDR,1.0,24,24,1.0,1.0
F,canonical,I9,24,24,IDR_indet,,0,0,,
F,canonical,I9,24,24,coverage,1.0,24,24,1.0,1.0
F,canonical,I9,24,24,abstention,0.0,0,24,0.0,0.0
F,canonical,I9,24,24,decision_coverage,1.0,24,24,1.0,1.0
F,canonical,I9,24,24,accuracy,1.0,24,24,1.0,1.0
F,canonical,L1,24,24,VAR,1.0,24,24,1.0,1.0
F,canonical,L1,24,24,VRR,0.0,0,24,0.0,0.0
F,canonical,L1,24,24,VIR,0.0,0,24,0.0,0.0
F,canonical,L1,24,24,IAR,,0,0,,
F,canonical,L1,24,24,IDR,,0,0,,
F,canonical,L1,24,24,IDR_indet,,0,0,,
F,canonical,L1,24,24,coverage,1.0,24,24,1.0,1.0
F,canonical,L1,24,24,abstention,0.0,0,24,0.0,0.0
F,canonical,L1,24,24,decision_coverage,1.0,24,24,1.0,1.0
F,canonical,L1,24,24,accuracy,1.0,24,24,1.0,1.0
F,canonical,L10,24,24,VAR,1.0,24,24,1.0,1.0
F,canonical,L10,24,24,VRR,0.0,0,24,0.0,0.0
F,canonical,L10,24,24,VIR,0.0,0,24,0.0,0.0
F,canonical,L10,24,24,IAR,,0,0,,
F,canonical,L10,24,24,IDR,,0,0,,
F,canonical,L10,24,24,IDR_indet,,0,0,,
F,canonical,L10,24,24,coverage,1.0,24,24,1.0,1.0
F,canonical,L10,24,24,abstention,0.0,0,24,0.0,0.0
F,canonical,L10,24,24,decision_coverage,1.0,24,24,1.0,1.0
F,canonical,L10,24,24,accuracy,1.0,24,24,1.0,1.0
F,canonical,L2,24,24,VAR,1.0,24,24,1.0,1.0
F,canonical,L2,24,24,VRR,0.0,0,24,0.0,0.0
F,canonical,L2,24,24,VIR,0.0,0,24,0.0,0.0
F,canonical,L2,24,24,IAR,,0,0,,
F,canonical,L2,24,24,IDR,,0,0,,
F,canonical,L2,24,24,IDR_indet,,0,0,,
F,canonical,L2,24,24,coverage,1.0,24,24,1.0,1.0
F,canonical,L2,24,24,abstention,0.0,0,24,0.0,0.0
F,canonical,L2,24,24,decision_coverage,1.0,24,24,1.0,1.0
F,canonical,L2,24,24,accuracy,1.0,24,24,1.0,1.0
F,canonical,L3,24,24,VAR,1.0,24,24,1.0,1.0
F,canonical,L3,24,24,VRR,0.0,0,24,0.0,0.0
F,canonical,L3,24,24,VIR,0.0,0,24,0.0,0.0
F,canonical,L3,24,24,IAR,,0,0,,
F,canonical,L3,24,24,IDR,,0,0,,
F,canonical,L3,24,24,IDR_indet,,0,0,,
F,canonical,L3,24,24,coverage,1.0,24,24,1.0,1.0
F,canonical,L3,24,24,abstention,0.0,0,24,0.0,0.0
F,canonical,L3,24,24,decision_coverage,1.0,24,24,1.0,1.0
F,canonical,L3,24,24,accuracy,1.0,24,24,1.0,1.0
F,canonical,L4,24,24,VAR,1.0,24,24,1.0,1.0
F,canonical,L4,24,24,VRR,0.0,0,24,0.0,0.0
F,canonical,L4,24,24,VIR,0.0,0,24,0.0,0.0
F,canonical,L4,24,24,IAR,,0,0,,
F,canonical,L4,24,24,IDR,,0,0,,
F,canonical,L4,24,24,IDR_indet,,0,0,,
F,canonical,L4,24,24,coverage,1.0,24,24,1.0,1.0
F,canonical,L4,24,24,abstention,0.0,0,24,0.0,0.0
F,canonical,L4,24,24,decision_coverage,1.0,24,24,1.0,1.0
F,canonical,L4,24,24,accuracy,1.0,24,24,1.0,1.0
F,canonical,L5,24,24,VAR,1.0,24,24,1.0,1.0
F,canonical,L5,24,24,VRR,0.0,0,24,0.0,0.0
F,canonical,L5,24,24,VIR,0.0,0,24,0.0,0.0
F,canonical,L5,24,24,IAR,,0,0,,
F,canonical,L5,24,24,IDR,,0,0,,
F,canonical,L5,24,24,IDR_indet,,0,0,,
F,canonical,L5,24,24,coverage,1.0,24,24,1.0,1.0
F,canonical,L5,24,24,abstention,0.0,0,24,0.0,0.0
F,canonical,L5,24,24,decision_coverage,1.0,24,24,1.0,1.0
F,canonical,L5,24,24,accuracy,1.0,24,24,1.0,1.0
F,canonical,L6,24,24,VAR,1.0,24,24,1.0,1.0
F,canonical,L6,24,24,VRR,0.0,0,24,0.0,0.0
F,canonical,L6,24,24,VIR,0.0,0,24,0.0,0.0
F,canonical,L6,24,24,IAR,,0,0,,
F,canonical,L6,24,24,IDR,,0,0,,
F,canonical,L6,24,24,IDR_indet,,0,0,,
F,canonical,L6,24,24,coverage,1.0,24,24,1.0,1.0
F,canonical,L6,24,24,abstention,0.0,0,24,0.0,0.0
F,canonical,L6,24,24,decision_coverage,1.0,24,24,1.0,1.0
F,canonical,L6,24,24,accuracy,1.0,24,24,1.0,1.0
F,canonical,L7,24,24,VAR,1.0,24,24,1.0,1.0
F,canonical,L7,24,24,VRR,0.0,0,24,0.0,0.0
F,canonical,L7,24,24,VIR,0.0,0,24,0.0,0.0
F,canonical,L7,24,24,IAR,,0,0,,
F,canonical,L7,24,24,IDR,,0,0,,
F,canonical,L7,24,24,IDR_indet,,0,0,,
F,canonical,L7,24,24,coverage,1.0,24,24,1.0,1.0
F,canonical,L7,24,24,abstention,0.0,0,24,0.0,0.0
F,canonical,L7,24,24,decision_coverage,1.0,24,24,1.0,1.0
F,canonical,L7,24,24,accuracy,1.0,24,24,1.0,1.0
F,canonical,L8,24,24,VAR,1.0,24,24,1.0,1.0
F,canonical,L8,24,24,VRR,0.0,0,24,0.0,0.0
F,canonical,L8,24,24,VIR,0.0,0,24,0.0,0.0
F,canonical,L8,24,24,IAR,,0,0,,
F,canonical,L8,24,24,IDR,,0,0,,
F,canonical,L8,24,24,IDR_indet,,0,0,,
F,canonical,L8,24,24,coverage,1.0,24,24,1.0,1.0
F,canonical,L8,24,24,abstention,0.0,0,24,0.0,0.0
F,canonical,L8,24,24,decision_coverage,1.0,24,24,1.0,1.0
F,canonical,L8,24,24,accuracy,1.0,24,24,1.0,1.0
F,canonical,L9,24,24,VAR,1.0,24,24,1.0,1.0
F,canonical,L9,24,24,VRR,0.0,0,24,0.0,0.0
F,canonical,L9,24,24,VIR,0.0,0,24,0.0,0.0
F,canonical,L9,24,24,IAR,,0,0,,
F,canonical,L9,24,24,IDR,,0,0,,
F,canonical,L9,24,24,IDR_indet,,0,0,,
F,canonical,L9,24,24,coverage,1.0,24,24,1.0,1.0
F,canonical,L9,24,24,abstention,0.0,0,24,0.0,0.0
F,canonical,L9,24,24,decision_coverage,1.0,24,24,1.0,1.0
F,canonical,L9,24,24,accuracy,1.0,24,24,1.0,1.0
F,single_fault,D1,72,72,VAR,,0,0,,
F,single_fault,D1,72,72,VRR,,0,0,,
F,single_fault,D1,72,72,VIR,,0,0,,
F,single_fault,D1,72,72,IAR,,0,0,,
F,single_fault,D1,72,72,IDR,,0,0,,
F,single_fault,D1,72,72,IDR_indet,1.0,72,72,1.0,1.0
F,single_fault,D1,72,72,coverage,1.0,72,72,1.0,1.0
F,single_fault,D1,72,72,abstention,1.0,72,72,1.0,1.0
F,single_fault,D1,72,72,decision_coverage,0.0,0,72,0.0,0.0
F,single_fault,D1,72,72,accuracy,1.0,72,72,1.0,1.0
F,single_fault,D2,24,24,VAR,,0,0,,
F,single_fault,D2,24,24,VRR,,0,0,,
F,single_fault,D2,24,24,VIR,,0,0,,
F,single_fault,D2,24,24,IAR,,0,0,,
F,single_fault,D2,24,24,IDR,,0,0,,
F,single_fault,D2,24,24,IDR_indet,1.0,24,24,1.0,1.0
F,single_fault,D2,24,24,coverage,1.0,24,24,1.0,1.0
F,single_fault,D2,24,24,abstention,1.0,24,24,1.0,1.0
F,single_fault,D2,24,24,decision_coverage,0.0,0,24,0.0,0.0
F,single_fault,D2,24,24,accuracy,1.0,24,24,1.0,1.0
F,single_fault,D3,24,24,VAR,,0,0,,
F,single_fault,D3,24,24,VRR,,0,0,,
F,single_fault,D3,24,24,VIR,,0,0,,
F,single_fault,D3,24,24,IAR,,0,0,,
F,single_fault,D3,24,24,IDR,,0,0,,
F,single_fault,D3,24,24,IDR_indet,1.0,24,24,1.0,1.0
F,single_fault,D3,24,24,coverage,1.0,24,24,1.0,1.0
F,single_fault,D3,24,24,abstention,1.0,24,24,1.0,1.0
F,single_fault,D3,24,24,decision_coverage,0.0,0,24,0.0,0.0
F,single_fault,D3,24,24,accuracy,1.0,24,24,1.0,1.0
F,single_fault,D4,24,24,VAR,,0,0,,
F,single_fault,D4,24,24,VRR,,0,0,,
F,single_fault,D4,24,24,VIR,,0,0,,
F,single_fault,D4,24,24,IAR,,0,0,,
F,single_fault,D4,24,24,IDR,,0,0,,
F,single_fault,D4,24,24,IDR_indet,1.0,24,24,1.0,1.0
F,single_fault,D4,24,24,coverage,1.0,24,24,1.0,1.0
F,single_fault,D4,24,24,abstention,1.0,24,24,1.0,1.0
F,single_fault,D4,24,24,decision_coverage,0.0,0,24,0.0,0.0
F,single_fault,D4,24,24,accuracy,1.0,24,24,1.0,1.0
F,single_fault,I1,24,24,VAR,,0,0,,
F,single_fault,I1,24,24,VRR,,0,0,,
F,single_fault,I1,24,24,VIR,,0,0,,
F,single_fault,I1,24,24,IAR,0.0,0,24,0.0,0.0
F,single_fault,I1,24,24,IDR,1.0,24,24,1.0,1.0
F,single_fault,I1,24,24,IDR_indet,,0,0,,
F,single_fault,I1,24,24,coverage,1.0,24,24,1.0,1.0
F,single_fault,I1,24,24,abstention,0.0,0,24,0.0,0.0
F,single_fault,I1,24,24,decision_coverage,1.0,24,24,1.0,1.0
F,single_fault,I1,24,24,accuracy,1.0,24,24,1.0,1.0
F,single_fault,I10,24,24,VAR,,0,0,,
F,single_fault,I10,24,24,VRR,,0,0,,
F,single_fault,I10,24,24,VIR,,0,0,,
F,single_fault,I10,24,24,IAR,0.0,0,24,0.0,0.0
F,single_fault,I10,24,24,IDR,1.0,24,24,1.0,1.0
F,single_fault,I10,24,24,IDR_indet,,0,0,,
F,single_fault,I10,24,24,coverage,1.0,24,24,1.0,1.0
F,single_fault,I10,24,24,abstention,0.0,0,24,0.0,0.0
F,single_fault,I10,24,24,decision_coverage,1.0,24,24,1.0,1.0
F,single_fault,I10,24,24,accuracy,1.0,24,24,1.0,1.0
F,single_fault,I2,48,48,VAR,,0,0,,
F,single_fault,I2,48,48,VRR,,0,0,,
F,single_fault,I2,48,48,VIR,,0,0,,
F,single_fault,I2,48,48,IAR,0.0,0,48,0.0,0.0
F,single_fault,I2,48,48,IDR,1.0,48,48,1.0,1.0
F,single_fault,I2,48,48,IDR_indet,,0,0,,
F,single_fault,I2,48,48,coverage,1.0,48,48,1.0,1.0
F,single_fault,I2,48,48,abstention,0.0,0,48,0.0,0.0
F,single_fault,I2,48,48,decision_coverage,1.0,48,48,1.0,1.0
F,single_fault,I2,48,48,accuracy,1.0,48,48,1.0,1.0
F,single_fault,I3,24,24,VAR,,0,0,,
F,single_fault,I3,24,24,VRR,,0,0,,
F,single_fault,I3,24,24,VIR,,0,0,,
F,single_fault,I3,24,24,IAR,0.0,0,24,0.0,0.0
F,single_fault,I3,24,24,IDR,1.0,24,24,1.0,1.0
F,single_fault,I3,24,24,IDR_indet,,0,0,,
F,single_fault,I3,24,24,coverage,1.0,24,24,1.0,1.0
F,single_fault,I3,24,24,abstention,0.0,0,24,0.0,0.0
F,single_fault,I3,24,24,decision_coverage,1.0,24,24,1.0,1.0
F,single_fault,I3,24,24,accuracy,1.0,24,24,1.0,1.0
F,single_fault,I4,24,24,VAR,,0,0,,
F,single_fault,I4,24,24,VRR,,0,0,,
F,single_fault,I4,24,24,VIR,,0,0,,
F,single_fault,I4,24,24,IAR,0.0,0,24,0.0,0.0
F,single_fault,I4,24,24,IDR,1.0,24,24,1.0,1.0
F,single_fault,I4,24,24,IDR_indet,,0,0,,
F,single_fault,I4,24,24,coverage,1.0,24,24,1.0,1.0
F,single_fault,I4,24,24,abstention,0.0,0,24,0.0,0.0
F,single_fault,I4,24,24,decision_coverage,1.0,24,24,1.0,1.0
F,single_fault,I4,24,24,accuracy,1.0,24,24,1.0,1.0
F,single_fault,I5,24,24,VAR,,0,0,,
F,single_fault,I5,24,24,VRR,,0,0,,
F,single_fault,I5,24,24,VIR,,0,0,,
F,single_fault,I5,24,24,IAR,0.0,0,24,0.0,0.0
F,single_fault,I5,24,24,IDR,1.0,24,24,1.0,1.0
F,single_fault,I5,24,24,IDR_indet,,0,0,,
F,single_fault,I5,24,24,coverage,1.0,24,24,1.0,1.0
F,single_fault,I5,24,24,abstention,0.0,0,24,0.0,0.0
F,single_fault,I5,24,24,decision_coverage,1.0,24,24,1.0,1.0
F,single_fault,I5,24,24,accuracy,1.0,24,24,1.0,1.0
F,single_fault,I6,24,24,VAR,,0,0,,
F,single_fault,I6,24,24,VRR,,0,0,,
F,single_fault,I6,24,24,VIR,,0,0,,
F,single_fault,I6,24,24,IAR,0.0,0,24,0.0,0.0
F,single_fault,I6,24,24,IDR,1.0,24,24,1.0,1.0
F,single_fault,I6,24,24,IDR_indet,,0,0,,
F,single_fault,I6,24,24,coverage,1.0,24,24,1.0,1.0
F,single_fault,I6,24,24,abstention,0.0,0,24,0.0,0.0
F,single_fault,I6,24,24,decision_coverage,1.0,24,24,1.0,1.0
F,single_fault,I6,24,24,accuracy,1.0,24,24,1.0,1.0
F,single_fault,I7,24,24,VAR,,0,0,,
F,single_fault,I7,24,24,VRR,,0,0,,
F,single_fault,I7,24,24,VIR,,0,0,,
F,single_fault,I7,24,24,IAR,0.0,0,24,0.0,0.0
F,single_fault,I7,24,24,IDR,1.0,24,24,1.0,1.0
F,single_fault,I7,24,24,IDR_indet,,0,0,,
F,single_fault,I7,24,24,coverage,1.0,24,24,1.0,1.0
F,single_fault,I7,24,24,abstention,0.0,0,24,0.0,0.0
F,single_fault,I7,24,24,decision_coverage,1.0,24,24,1.0,1.0
F,single_fault,I7,24,24,accuracy,1.0,24,24,1.0,1.0
F,single_fault,I8,24,24,VAR,,0,0,,
F,single_fault,I8,24,24,VRR,,0,0,,
F,single_fault,I8,24,24,VIR,,0,0,,
F,single_fault,I8,24,24,IAR,0.0,0,24,0.0,0.0
F,single_fault,I8,24,24,IDR,1.0,24,24,1.0,1.0
F,single_fault,I8,24,24,IDR_indet,,0,0,,
F,single_fault,I8,24,24,coverage,1.0,24,24,1.0,1.0
F,single_fault,I8,24,24,abstention,0.0,0,24,0.0,0.0
F,single_fault,I8,24,24,decision_coverage,1.0,24,24,1.0,1.0
F,single_fault,I8,24,24,accuracy,1.0,24,24,1.0,1.0
F,single_fault,I9,96,96,VAR,,0,0,,
F,single_fault,I9,96,96,VRR,,0,0,,
F,single_fault,I9,96,96,VIR,,0,0,,
F,single_fault,I9,96,96,IAR,0.0,0,96,0.0,0.0
F,single_fault,I9,96,96,IDR,1.0,96,96,1.0,1.0
F,single_fault,I9,96,96,IDR_indet,,0,0,,
F,single_fault,I9,96,96,coverage,1.0,96,96,1.0,1.0
F,single_fault,I9,96,96,abstention,0.0,0,96,0.0,0.0
F,single_fault,I9,96,96,decision_coverage,1.0,96,96,1.0,1.0
F,single_fault,I9,96,96,accuracy,1.0,96,96,1.0,1.0
F,compound_fault,I2,24,24,VAR,,0,0,,
F,compound_fault,I2,24,24,VRR,,0,0,,
F,compound_fault,I2,24,24,VIR,,0,0,,
F,compound_fault,I2,24,24,IAR,0.0,0,24,0.0,0.0
F,compound_fault,I2,24,24,IDR,1.0,24,24,1.0,1.0
F,compound_fault,I2,24,24,IDR_indet,,0,0,,
F,compound_fault,I2,24,24,coverage,1.0,24,24,1.0,1.0
F,compound_fault,I2,24,24,abstention,0.0,0,24,0.0,0.0
F,compound_fault,I2,24,24,decision_coverage,1.0,24,24,1.0,1.0
F,compound_fault,I2,24,24,accuracy,1.0,24,24,1.0,1.0
F,compound_fault,I3,48,48,VAR,,0,0,,
F,compound_fault,I3,48,48,VRR,,0,0,,
F,compound_fault,I3,48,48,VIR,,0,0,,
F,compound_fault,I3,48,48,IAR,0.0,0,48,0.0,0.0
F,compound_fault,I3,48,48,IDR,1.0,48,48,1.0,1.0
F,compound_fault,I3,48,48,IDR_indet,,0,0,,
F,compound_fault,I3,48,48,coverage,1.0,48,48,1.0,1.0
F,compound_fault,I3,48,48,abstention,0.0,0,48,0.0,0.0
F,compound_fault,I3,48,48,decision_coverage,1.0,48,48,1.0,1.0
F,compound_fault,I3,48,48,accuracy,1.0,48,48,1.0,1.0
F,compound_fault,I5,24,24,VAR,,0,0,,
F,compound_fault,I5,24,24,VRR,,0,0,,
F,compound_fault,I5,24,24,VIR,,0,0,,
F,compound_fault,I5,24,24,IAR,0.0,0,24,0.0,0.0
F,compound_fault,I5,24,24,IDR,1.0,24,24,1.0,1.0
F,compound_fault,I5,24,24,IDR_indet,,0,0,,
F,compound_fault,I5,24,24,coverage,1.0,24,24,1.0,1.0
F,compound_fault,I5,24,24,abstention,0.0,0,24,0.0,0.0
F,compound_fault,I5,24,24,decision_coverage,1.0,24,24,1.0,1.0
F,compound_fault,I5,24,24,accuracy,1.0,24,24,1.0,1.0
F,all,D1,96,96,VAR,,0,0,,
F,all,D1,96,96,VRR,,0,0,,
F,all,D1,96,96,VIR,,0,0,,
F,all,D1,96,96,IAR,,0,0,,
F,all,D1,96,96,IDR,,0,0,,
F,all,D1,96,96,IDR_indet,1.0,96,96,1.0,1.0
F,all,D1,96,96,coverage,1.0,96,96,1.0,1.0
F,all,D1,96,96,abstention,1.0,96,96,1.0,1.0
F,all,D1,96,96,decision_coverage,0.0,0,96,0.0,0.0
F,all,D1,96,96,accuracy,1.0,96,96,1.0,1.0
F,all,D2,48,48,VAR,,0,0,,
F,all,D2,48,48,VRR,,0,0,,
F,all,D2,48,48,VIR,,0,0,,
F,all,D2,48,48,IAR,,0,0,,
F,all,D2,48,48,IDR,,0,0,,
F,all,D2,48,48,IDR_indet,1.0,48,48,1.0,1.0
F,all,D2,48,48,coverage,1.0,48,48,1.0,1.0
F,all,D2,48,48,abstention,1.0,48,48,1.0,1.0
F,all,D2,48,48,decision_coverage,0.0,0,48,0.0,0.0
F,all,D2,48,48,accuracy,1.0,48,48,1.0,1.0
F,all,D3,48,48,VAR,,0,0,,
F,all,D3,48,48,VRR,,0,0,,
F,all,D3,48,48,VIR,,0,0,,
F,all,D3,48,48,IAR,,0,0,,
F,all,D3,48,48,IDR,,0,0,,
F,all,D3,48,48,IDR_indet,1.0,48,48,1.0,1.0
F,all,D3,48,48,coverage,1.0,48,48,1.0,1.0
F,all,D3,48,48,abstention,1.0,48,48,1.0,1.0
F,all,D3,48,48,decision_coverage,0.0,0,48,0.0,0.0
F,all,D3,48,48,accuracy,1.0,48,48,1.0,1.0
F,all,D4,48,48,VAR,,0,0,,
F,all,D4,48,48,VRR,,0,0,,
F,all,D4,48,48,VIR,,0,0,,
F,all,D4,48,48,IAR,,0,0,,
F,all,D4,48,48,IDR,,0,0,,
F,all,D4,48,48,IDR_indet,1.0,48,48,1.0,1.0
F,all,D4,48,48,coverage,1.0,48,48,1.0,1.0
F,all,D4,48,48,abstention,1.0,48,48,1.0,1.0
F,all,D4,48,48,decision_coverage,0.0,0,48,0.0,0.0
F,all,D4,48,48,accuracy,1.0,48,48,1.0,1.0
F,all,I1,48,48,VAR,,0,0,,
F,all,I1,48,48,VRR,,0,0,,
F,all,I1,48,48,VIR,,0,0,,
F,all,I1,48,48,IAR,0.0,0,48,0.0,0.0
F,all,I1,48,48,IDR,1.0,48,48,1.0,1.0
F,all,I1,48,48,IDR_indet,,0,0,,
F,all,I1,48,48,coverage,1.0,48,48,1.0,1.0
F,all,I1,48,48,abstention,0.0,0,48,0.0,0.0
F,all,I1,48,48,decision_coverage,1.0,48,48,1.0,1.0
F,all,I1,48,48,accuracy,1.0,48,48,1.0,1.0
F,all,I10,48,48,VAR,,0,0,,
F,all,I10,48,48,VRR,,0,0,,
F,all,I10,48,48,VIR,,0,0,,
F,all,I10,48,48,IAR,0.0,0,48,0.0,0.0
F,all,I10,48,48,IDR,1.0,48,48,1.0,1.0
F,all,I10,48,48,IDR_indet,,0,0,,
F,all,I10,48,48,coverage,1.0,48,48,1.0,1.0
F,all,I10,48,48,abstention,0.0,0,48,0.0,0.0
F,all,I10,48,48,decision_coverage,1.0,48,48,1.0,1.0
F,all,I10,48,48,accuracy,1.0,48,48,1.0,1.0
F,all,I2,96,96,VAR,,0,0,,
F,all,I2,96,96,VRR,,0,0,,
F,all,I2,96,96,VIR,,0,0,,
F,all,I2,96,96,IAR,0.0,0,96,0.0,0.0
F,all,I2,96,96,IDR,1.0,96,96,1.0,1.0
F,all,I2,96,96,IDR_indet,,0,0,,
F,all,I2,96,96,coverage,1.0,96,96,1.0,1.0
F,all,I2,96,96,abstention,0.0,0,96,0.0,0.0
F,all,I2,96,96,decision_coverage,1.0,96,96,1.0,1.0
F,all,I2,96,96,accuracy,1.0,96,96,1.0,1.0
F,all,I3,96,96,VAR,,0,0,,
F,all,I3,96,96,VRR,,0,0,,
F,all,I3,96,96,VIR,,0,0,,
F,all,I3,96,96,IAR,0.0,0,96,0.0,0.0
F,all,I3,96,96,IDR,1.0,96,96,1.0,1.0
F,all,I3,96,96,IDR_indet,,0,0,,
F,all,I3,96,96,coverage,1.0,96,96,1.0,1.0
F,all,I3,96,96,abstention,0.0,0,96,0.0,0.0
F,all,I3,96,96,decision_coverage,1.0,96,96,1.0,1.0
F,all,I3,96,96,accuracy,1.0,96,96,1.0,1.0
F,all,I4,48,48,VAR,,0,0,,
F,all,I4,48,48,VRR,,0,0,,
F,all,I4,48,48,VIR,,0,0,,
F,all,I4,48,48,IAR,0.0,0,48,0.0,0.0
F,all,I4,48,48,IDR,1.0,48,48,1.0,1.0
F,all,I4,48,48,IDR_indet,,0,0,,
F,all,I4,48,48,coverage,1.0,48,48,1.0,1.0
F,all,I4,48,48,abstention,0.0,0,48,0.0,0.0
F,all,I4,48,48,decision_coverage,1.0,48,48,1.0,1.0
F,all,I4,48,48,accuracy,1.0,48,48,1.0,1.0
F,all,I5,72,72,VAR,,0,0,,
F,all,I5,72,72,VRR,,0,0,,
F,all,I5,72,72,VIR,,0,0,,
F,all,I5,72,72,IAR,0.0,0,72,0.0,0.0
F,all,I5,72,72,IDR,1.0,72,72,1.0,1.0
F,all,I5,72,72,IDR_indet,,0,0,,
F,all,I5,72,72,coverage,1.0,72,72,1.0,1.0
F,all,I5,72,72,abstention,0.0,0,72,0.0,0.0
F,all,I5,72,72,decision_coverage,1.0,72,72,1.0,1.0
F,all,I5,72,72,accuracy,1.0,72,72,1.0,1.0
F,all,I6,48,48,VAR,,0,0,,
F,all,I6,48,48,VRR,,0,0,,
F,all,I6,48,48,VIR,,0,0,,
F,all,I6,48,48,IAR,0.0,0,48,0.0,0.0
F,all,I6,48,48,IDR,1.0,48,48,1.0,1.0
F,all,I6,48,48,IDR_indet,,0,0,,
F,all,I6,48,48,coverage,1.0,48,48,1.0,1.0
F,all,I6,48,48,abstention,0.0,0,48,0.0,0.0
F,all,I6,48,48,decision_coverage,1.0,48,48,1.0,1.0
F,all,I6,48,48,accuracy,1.0,48,48,1.0,1.0
F,all,I7,48,48,VAR,,0,0,,
F,all,I7,48,48,VRR,,0,0,,
F,all,I7,48,48,VIR,,0,0,,
F,all,I7,48,48,IAR,0.0,0,48,0.0,0.0
F,all,I7,48,48,IDR,1.0,48,48,1.0,1.0
F,all,I7,48,48,IDR_indet,,0,0,,
F,all,I7,48,48,coverage,1.0,48,48,1.0,1.0
F,all,I7,48,48,abstention,0.0,0,48,0.0,0.0
F,all,I7,48,48,decision_coverage,1.0,48,48,1.0,1.0
F,all,I7,48,48,accuracy,1.0,48,48,1.0,1.0
F,all,I8,48,48,VAR,,0,0,,
F,all,I8,48,48,VRR,,0,0,,
F,all,I8,48,48,VIR,,0,0,,
F,all,I8,48,48,IAR,0.0,0,48,0.0,0.0
F,all,I8,48,48,IDR,1.0,48,48,1.0,1.0
F,all,I8,48,48,IDR_indet,,0,0,,
F,all,I8,48,48,coverage,1.0,48,48,1.0,1.0
F,all,I8,48,48,abstention,0.0,0,48,0.0,0.0
F,all,I8,48,48,decision_coverage,1.0,48,48,1.0,1.0
F,all,I8,48,48,accuracy,1.0,48,48,1.0,1.0
F,all,I9,120,120,VAR,,0,0,,
F,all,I9,120,120,VRR,,0,0,,
F,all,I9,120,120,VIR,,0,0,,
F,all,I9,120,120,IAR,0.0,0,120,0.0,0.0
F,all,I9,120,120,IDR,1.0,120,120,1.0,1.0
F,all,I9,120,120,IDR_indet,,0,0,,
F,all,I9,120,120,coverage,1.0,120,120,1.0,1.0
F,all,I9,120,120,abstention,0.0,0,120,0.0,0.0
F,all,I9,120,120,decision_coverage,1.0,120,120,1.0,1.0
F,all,I9,120,120,accuracy,1.0,120,120,1.0,1.0
F,all,L1,24,24,VAR,1.0,24,24,1.0,1.0
F,all,L1,24,24,VRR,0.0,0,24,0.0,0.0
F,all,L1,24,24,VIR,0.0,0,24,0.0,0.0
F,all,L1,24,24,IAR,,0,0,,
F,all,L1,24,24,IDR,,0,0,,
F,all,L1,24,24,IDR_indet,,0,0,,
F,all,L1,24,24,coverage,1.0,24,24,1.0,1.0
F,all,L1,24,24,abstention,0.0,0,24,0.0,0.0
F,all,L1,24,24,decision_coverage,1.0,24,24,1.0,1.0
F,all,L1,24,24,accuracy,1.0,24,24,1.0,1.0
F,all,L10,24,24,VAR,1.0,24,24,1.0,1.0
F,all,L10,24,24,VRR,0.0,0,24,0.0,0.0
F,all,L10,24,24,VIR,0.0,0,24,0.0,0.0
F,all,L10,24,24,IAR,,0,0,,
F,all,L10,24,24,IDR,,0,0,,
F,all,L10,24,24,IDR_indet,,0,0,,
F,all,L10,24,24,coverage,1.0,24,24,1.0,1.0
F,all,L10,24,24,abstention,0.0,0,24,0.0,0.0
F,all,L10,24,24,decision_coverage,1.0,24,24,1.0,1.0
F,all,L10,24,24,accuracy,1.0,24,24,1.0,1.0
F,all,L2,24,24,VAR,1.0,24,24,1.0,1.0
F,all,L2,24,24,VRR,0.0,0,24,0.0,0.0
F,all,L2,24,24,VIR,0.0,0,24,0.0,0.0
F,all,L2,24,24,IAR,,0,0,,
F,all,L2,24,24,IDR,,0,0,,
F,all,L2,24,24,IDR_indet,,0,0,,
F,all,L2,24,24,coverage,1.0,24,24,1.0,1.0
F,all,L2,24,24,abstention,0.0,0,24,0.0,0.0
F,all,L2,24,24,decision_coverage,1.0,24,24,1.0,1.0
F,all,L2,24,24,accuracy,1.0,24,24,1.0,1.0
F,all,L3,24,24,VAR,1.0,24,24,1.0,1.0
F,all,L3,24,24,VRR,0.0,0,24,0.0,0.0
F,all,L3,24,24,VIR,0.0,0,24,0.0,0.0
F,all,L3,24,24,IAR,,0,0,,
F,all,L3,24,24,IDR,,0,0,,
F,all,L3,24,24,IDR_indet,,0,0,,
F,all,L3,24,24,coverage,1.0,24,24,1.0,1.0
F,all,L3,24,24,abstention,0.0,0,24,0.0,0.0
F,all,L3,24,24,decision_coverage,1.0,24,24,1.0,1.0
F,all,L3,24,24,accuracy,1.0,24,24,1.0,1.0
F,all,L4,24,24,VAR,1.0,24,24,1.0,1.0
F,all,L4,24,24,VRR,0.0,0,24,0.0,0.0
F,all,L4,24,24,VIR,0.0,0,24,0.0,0.0
F,all,L4,24,24,IAR,,0,0,,
F,all,L4,24,24,IDR,,0,0,,
F,all,L4,24,24,IDR_indet,,0,0,,
F,all,L4,24,24,coverage,1.0,24,24,1.0,1.0
F,all,L4,24,24,abstention,0.0,0,24,0.0,0.0
F,all,L4,24,24,decision_coverage,1.0,24,24,1.0,1.0
F,all,L4,24,24,accuracy,1.0,24,24,1.0,1.0
F,all,L5,24,24,VAR,1.0,24,24,1.0,1.0
F,all,L5,24,24,VRR,0.0,0,24,0.0,0.0
F,all,L5,24,24,VIR,0.0,0,24,0.0,0.0
F,all,L5,24,24,IAR,,0,0,,
F,all,L5,24,24,IDR,,0,0,,
F,all,L5,24,24,IDR_indet,,0,0,,
F,all,L5,24,24,coverage,1.0,24,24,1.0,1.0
F,all,L5,24,24,abstention,0.0,0,24,0.0,0.0
F,all,L5,24,24,decision_coverage,1.0,24,24,1.0,1.0
F,all,L5,24,24,accuracy,1.0,24,24,1.0,1.0
F,all,L6,24,24,VAR,1.0,24,24,1.0,1.0
F,all,L6,24,24,VRR,0.0,0,24,0.0,0.0
F,all,L6,24,24,VIR,0.0,0,24,0.0,0.0
F,all,L6,24,24,IAR,,0,0,,
F,all,L6,24,24,IDR,,0,0,,
F,all,L6,24,24,IDR_indet,,0,0,,
F,all,L6,24,24,coverage,1.0,24,24,1.0,1.0
F,all,L6,24,24,abstention,0.0,0,24,0.0,0.0
F,all,L6,24,24,decision_coverage,1.0,24,24,1.0,1.0
F,all,L6,24,24,accuracy,1.0,24,24,1.0,1.0
F,all,L7,24,24,VAR,1.0,24,24,1.0,1.0
F,all,L7,24,24,VRR,0.0,0,24,0.0,0.0
F,all,L7,24,24,VIR,0.0,0,24,0.0,0.0
F,all,L7,24,24,IAR,,0,0,,
F,all,L7,24,24,IDR,,0,0,,
F,all,L7,24,24,IDR_indet,,0,0,,
F,all,L7,24,24,coverage,1.0,24,24,1.0,1.0
F,all,L7,24,24,abstention,0.0,0,24,0.0,0.0
F,all,L7,24,24,decision_coverage,1.0,24,24,1.0,1.0
F,all,L7,24,24,accuracy,1.0,24,24,1.0,1.0
F,all,L8,24,24,VAR,1.0,24,24,1.0,1.0
F,all,L8,24,24,VRR,0.0,0,24,0.0,0.0
F,all,L8,24,24,VIR,0.0,0,24,0.0,0.0
F,all,L8,24,24,IAR,,0,0,,
F,all,L8,24,24,IDR,,0,0,,
F,all,L8,24,24,IDR_indet,,0,0,,
F,all,L8,24,24,coverage,1.0,24,24,1.0,1.0
F,all,L8,24,24,abstention,0.0,0,24,0.0,0.0
F,all,L8,24,24,decision_coverage,1.0,24,24,1.0,1.0
F,all,L8,24,24,accuracy,1.0,24,24,1.0,1.0
F,all,L9,24,24,VAR,1.0,24,24,1.0,1.0
F,all,L9,24,24,VRR,0.0,0,24,0.0,0.0
F,all,L9,24,24,VIR,0.0,0,24,0.0,0.0
F,all,L9,24,24,IAR,,0,0,,
F,all,L9,24,24,IDR,,0,0,,
F,all,L9,24,24,IDR_indet,,0,0,,
F,all,L9,24,24,coverage,1.0,24,24,1.0,1.0
F,all,L9,24,24,abstention,0.0,0,24,0.0,0.0
F,all,L9,24,24,decision_coverage,1.0,24,24,1.0,1.0
F,all,L9,24,24,accuracy,1.0,24,24,1.0,1.0
