case_id,metric,unit,count,median,p95,p99,min,max
m1-d0-a0-h0-b16-r16-native,authority_check_ns,ns,300,189875.0,199174.35,204792.07999999996,186166,215750
m1-d0-a0-h0-b16-r16-native,core_digest_ns,ns,300,44708.0,49173.25,54167.26,41500,62375
m1-d0-a0-h0-b16-r16-native,effective_I_bel_ns,ns,300,44375.0,46671.15,51210.09,43042,55625
m1-d0-a0-h0-b16-r16-native,effective_I_hist_ns,ns,300,875.0,1083.0,1250.8399999999992,583,1541
m1-d0-a0-h0-b16-r16-native,effective_I_norm_ns,ns,300,24917.0,26425.300000000003,32130.419999999995,22875,43417
m1-d0-a0-h0-b16-r16-native,effective_I_rel_ns,ns,300,19500.0,20291.0,24380.409999999996,18084,29334
m1-d0-a0-h0-b16-r16-native,effective_I_temp_ns,ns,300,1458.0,1750.0,2125.41,917,2583
m1-d0-a0-h0-b16-r16-native,native_I_bel_ns,ns,300,44375.0,46671.15,51210.09,43042,55625
m1-d0-a0-h0-b16-r16-native,native_I_hist_ns,ns,300,875.0,1083.0,1250.8399999999992,583,1541
m1-d0-a0-h0-b16-r16-native,native_I_norm_ns,ns,300,24917.0,26425.300000000003,32130.419999999995,22875,43417
m1-d0-a0-h0-b16-r16-native,native_I_rel_ns,ns,300,19500.0,20291.0,24380.409999999996,18084,29334
m1-d0-a0-h0-b16-r16-native,native_I_temp_ns,ns,300,1458.0,1750.0,2125.41,917,2583
m1-d0-a0-h0-b16-r16-native,proposal_digest_ns,ns,300,41084.0,43635.450000000004,47377.08,38542,51958
m1-d0-a0-h0-b16-r16-native,provenance_check_ns,ns,300,1500.0,1833.0,2166.4199999999996,959,7459
m1-d0-a0-h0-b16-r16-native,receipt_signature_check_ns,ns,300,164166.5,170968.4,175352.58,162000,177708
m1-d0-a0-h0-b16-r16-native,signature_primitive_ns,ns,600,149333.5,155966.35,163960.5,148000,173000
m1-d0-a0-h0-b16-r16-native,signature_primitive_sum_ns,ns,300,298771.0,309653.25,318906.67,296291,325416
m1-d0-a0-h0-b16-r16-native,stage_1_lineage_ns,ns,300,1381333.0,1425027.7,1447663.8399999999,1355416,1461416
m1-d0-a0-h0-b16-r16-native,stage_2_authority_ns,ns,300,191583.0,203768.75,209147.08,189542,213458
m1-d0-a0-h0-b16-r16-native,stage_3_provenance_ns,ns,300,2500.0,2917.0,3292.829999999999,2291,3459
m1-d0-a0-h0-b16-r16-native,stage_4_state_application_ns,ns,300,1241645.5,1291187.1500000001,1338640.0899999999,1215042,1479625
m1-d0-a0-h0-b16-r16-native,stage_5_semantics_ns,ns,300,97500.0,103224.65000000001,112246.90999999996,95292,119208
m1-d0-a0-h0-b16-r16-native,state_application_ns,ns,300,486729.0,521333.65,540153.4199999999,477083,617459
m1-d0-a0-h0-b16-r16-native,state_hash_candidate_ns,ns,300,374270.5,392313.95,419781.67,366250,430125
m1-d0-a0-h0-b16-r16-native,state_hash_predecessor_ns,ns,300,374229.0,391460.1,404089.67,366292,425125
m1-d0-a0-h0-b16-r16-native,total_cct_ns,ns,300,3690208.0,3778728.85,3827953.84,3617000,3992583
m1-d0-a0-h0-b16-r16-native,total_process_cpu_ns,ns,300,3691000.0,3776050.0,3824259.9999999995,3618000,3956000
m1-d0-a0-h1024-b1024-r1024-native,authority_check_ns,ns,300,239083.5,286925.0,352327.4099999995,190292,458625
m1-d0-a0-h1024-b1024-r1024-native,core_digest_ns,ns,300,58646.0,95256.25,114187.9099999996,44833,536042
m1-d0-a0-h1024-b1024-r1024-native,effective_I_bel_ns,ns,300,2756937.5,2868499.7,3045003.6599999997,2661666,4633916
m1-d0-a0-h1024-b1024-r1024-native,effective_I_hist_ns,ns,300,26731125.0,49380545.550000004,54565509.5,26106416,74004250
m1-d0-a0-h1024-b1024-r1024-native,effective_I_norm_ns,ns,300,32437.5,60581.55000000001,83198.24999999997,23542,279083
m1-d0-a0-h1024-b1024-r1024-native,effective_I_rel_ns,ns,300,1160125.0,1211922.9,1508270.4199999995,1126875,2571417
m1-d0-a0-h1024-b1024-r1024-native,effective_I_temp_ns,ns,300,19905416.5,21516548.25,21829892.829999987,17810750,35471125
m1-d0-a0-h1024-b1024-r1024-native,native_I_bel_ns,ns,300,2756937.5,2868499.7,3045003.6599999997,2661666,4633916
m1-d0-a0-h1024-b1024-r1024-native,native_I_hist_ns,ns,300,26731125.0,49380545.550000004,54565509.5,26106416,74004250
m1-d0-a0-h1024-b1024-r1024-native,native_I_norm_ns,ns,300,32437.5,60581.55000000001,83198.24999999997,23542,279083
m1-d0-a0-h1024-b1024-r1024-native,native_I_rel_ns,ns,300,1160125.0,1211922.9,1508270.4199999995,1126875,2571417
m1-d0-a0-h1024-b1024-r1024-native,native_I_temp_ns,ns,300,19905416.5,21516548.25,21829892.829999987,17810750,35471125
m1-d0-a0-h1024-b1024-r1024-native,proposal_digest_ns,ns,300,57687.5,86939.90000000001,119835.17999999985,39583,207000
m1-d0-a0-h1024-b1024-r1024-native,provenance_check_ns,ns,300,4500.0,7676.450000000003,11092.329999999993,1250,35834
m1-d0-a0-h1024-b1024-r1024-native,receipt_signature_check_ns,ns,300,197062.5,232168.1,287107.32999999996,162958,513791
m1-d0-a0-h1024-b1024-r1024-native,signature_primitive_ns,ns,600,163229.5,172814.89999999997,184756.25,154958,284583
m1-d0-a0-h1024-b1024-r1024-native,signature_primitive_sum_ns,ns,300,326167.0,345683.35000000003,363477.82999999984,313459,448916
m1-d0-a0-h1024-b1024-r1024-native,stage_1_lineage_ns,ns,300,132342771.0,138940139.55,151670393.24999994,106514875,163119500
m1-d0-a0-h1024-b1024-r1024-native,stage_2_authority_ns,ns,300,244625.0,286085.4,351170.83999999985,208583,393500
m1-d0-a0-h1024-b1024-r1024-native,stage_3_provenance_ns,ns,300,4750.0,5506.250000000002,6544.759999999997,4083,7584
m1-d0-a0-h1024-b1024-r1024-native,stage_4_state_application_ns,ns,300,143598104.5,166186435.45,170703970.84,139035833,197123208
m1-d0-a0-h1024-b1024-r1024-native,stage_5_semantics_ns,ns,300,50750250.0,73564922.95,75833691.34,48576375,76448417
m1-d0-a0-h1024-b1024-r1024-native,state_application_ns,ns,300,47309958.0,77842289.30000001,95838247.5,45017291,103834958
m1-d0-a0-h1024-b1024-r1024-native,state_hash_candidate_ns,ns,300,36927250.0,63203858.3,66781924.589999974,35150416,88589250
m1-d0-a0-h1024-b1024-r1024-native,state_hash_predecessor_ns,ns,300,36792312.5,65369983.65,78891058.08999987,35051375,146557917
m1-d0-a0-h1024-b1024-r1024-native,total_cct_ns,ns,300,420969604.5,439103871.15000004,453763985.0,390428792,489939750
m1-d0-a0-h1024-b1024-r1024-native,total_process_cpu_ns,ns,300,420830000.0,436351650.0,449138510.0,390414000,480283000
m1-d0-a0-h1024-b16-r16-native,authority_check_ns,ns,300,214584.0,268714.5500000001,506374.90999999957,188375,791334
m1-d0-a0-h1024-b16-r16-native,core_digest_ns,ns,300,52958.5,81954.45000000001,120513.57999999994,43500,211000
m1-d0-a0-h1024-b16-r16-native,effective_I_bel_ns,ns,300,47687.5,59252.05,64467.99999999999,43125,209042
m1-d0-a0-h1024-b16-r16-native,effective_I_hist_ns,ns,300,26575416.0,28549007.700000003,29846280.82999999,25852584,33141250
m1-d0-a0-h1024-b16-r16-native,effective_I_norm_ns,ns,300,29125.0,50661.05000000002,64908.74999999997,23208,80458
m1-d0-a0-h1024-b16-r16-native,effective_I_rel_ns,ns,300,22375.0,31589.25,40045.75,18459,114458
m1-d0-a0-h1024-b16-r16-native,effective_I_temp_ns,ns,300,19231312.5,20787487.5,36677633.74999993,17685750,49442500
m1-d0-a0-h1024-b16-r16-native,native_I_bel_ns,ns,300,47687.5,59252.05,64467.99999999999,43125,209042
m1-d0-a0-h1024-b16-r16-native,native_I_hist_ns,ns,300,26575416.0,28549007.700000003,29846280.82999999,25852584,33141250
m1-d0-a0-h1024-b16-r16-native,native_I_norm_ns,ns,300,29125.0,50661.05000000002,64908.74999999997,23208,80458
m1-d0-a0-h1024-b16-r16-native,native_I_rel_ns,ns,300,22375.0,31589.25,40045.75,18459,114458
m1-d0-a0-h1024-b16-r16-native,native_I_temp_ns,ns,300,19231312.5,20787487.5,36677633.74999993,17685750,49442500
m1-d0-a0-h1024-b16-r16-native,proposal_digest_ns,ns,300,48292.0,91400.0,105627.92,40334,173625
m1-d0-a0-h1024-b16-r16-native,provenance_check_ns,ns,300,3458.0,6633.300000000002,9000.42,1000,15875
m1-d0-a0-h1024-b16-r16-native,receipt_signature_check_ns,ns,300,184687.0,225351.80000000002,394627.8299999987,164625,684458
m1-d0-a0-h1024-b16-r16-native,signature_primitive_ns,ns,600,160791.0,173333.0,184124.7499999999,151125,457750
m1-d0-a0-h1024-b16-r16-native,signature_primitive_sum_ns,ns,300,319583.5,347132.2,377212.2599999979,306458,625666
m1-d0-a0-h1024-b16-r16-native,stage_1_lineage_ns,ns,300,52304875.0,77306268.45,79153318.0,50620375,106337334
m1-d0-a0-h1024-b16-r16-native,stage_2_authority_ns,ns,300,227771.0,275244.4,351225.91999999736,197417,788417
m1-d0-a0-h1024-b16-r16-native,stage_3_provenance_ns,ns,300,4625.0,5593.450000000003,8009.999999999991,3166,12250
m1-d0-a0-h1024-b16-r16-native,stage_4_state_application_ns,ns,300,56671771.0,82529258.35000001,84077406.99999991,54928417,105851000
m1-d0-a0-h1024-b16-r16-native,stage_5_semantics_ns,ns,300,46160646.0,47618432.7,49696970.74999998,44286667,70046250
m1-d0-a0-h1024-b16-r16-native,state_application_ns,ns,300,21928291.5,47007881.6,48638422.25,21194417,51512167
m1-d0-a0-h1024-b16-r16-native,state_hash_candidate_ns,ns,300,17190938.0,42001729.2,42941294.25,16687292,51585792
m1-d0-a0-h1024-b16-r16-native,state_hash_predecessor_ns,ns,300,17202125.5,40570793.45,42540932.08,16755083,43630208
m1-d0-a0-h1024-b16-r16-native,total_cct_ns,ns,300,212796354.0,220127691.35000002,243929850.24,184774000,247429167
m1-d0-a0-h1024-b16-r16-native,total_process_cpu_ns,ns,300,212754000.0,219309950.0,236106390.0,184775000,241464000
m1-d0-a0-h16-b0-r16-native,authority_check_ns,ns,300,191812.5,204760.45,222837.59,187625,233666
m1-d0-a0-h16-b0-r16-native,core_digest_ns,ns,300,44834.0,50137.5,55965.659999999996,41958,68417
m1-d0-a0-h16-b0-r16-native,effective_I_bel_ns,ns,300,709.0,917.0,1042.0,458,1375
m1-d0-a0-h16-b0-r16-native,effective_I_hist_ns,ns,300,350500.5,384991.95,398012.4999999999,341875,430458
m1-d0-a0-h16-b0-r16-native,effective_I_norm_ns,ns,300,25167.0,28419.05,33836.329999999994,23292,39708
m1-d0-a0-h16-b0-r16-native,effective_I_rel_ns,ns,300,19708.0,22044.05,23920.749999999996,18375,25041
m1-d0-a0-h16-b0-r16-native,effective_I_temp_ns,ns,300,6375.0,7336.05,8084.829999999999,4916,15666
m1-d0-a0-h16-b0-r16-native,native_I_bel_ns,ns,300,709.0,917.0,1042.0,458,1375
m1-d0-a0-h16-b0-r16-native,native_I_hist_ns,ns,300,350500.5,384991.95,398012.4999999999,341875,430458
m1-d0-a0-h16-b0-r16-native,native_I_norm_ns,ns,300,25167.0,28419.05,33836.329999999994,23292,39708
m1-d0-a0-h16-b0-r16-native,native_I_rel_ns,ns,300,19708.0,22044.05,23920.749999999996,18375,25041
m1-d0-a0-h16-b0-r16-native,native_I_temp_ns,ns,300,6375.0,7336.05,8084.829999999999,4916,15666
m1-d0-a0-h16-b0-r16-native,proposal_digest_ns,ns,300,41250.0,46812.8,50669.34,38584,53500
m1-d0-a0-h16-b0-r16-native,provenance_check_ns,ns,300,1500.0,1919.0500000000004,2210.6599999999985,1000,3375
m1-d0-a0-h16-b0-r16-native,receipt_signature_check_ns,ns,300,163584.0,180683.65,190917.25,160833,200000
m1-d0-a0-h16-b0-r16-native,signature_primitive_ns,ns,600,150542.0,157925.35,194930.82999999984,147250,454125
m1-d0-a0-h16-b0-r16-native,signature_primitive_sum_ns,ns,300,300374.5,313135.4,378743.82999999827,297417,848541
m1-d0-a0-h16-b0-r16-native,stage_1_lineage_ns,ns,300,1693583.5,1787279.5,2019379.8199999912,1653417,3729000
m1-d0-a0-h16-b0-r16-native,stage_2_authority_ns,ns,300,193875.0,204460.1,242755.0,191208,624125
m1-d0-a0-h16-b0-r16-native,stage_3_provenance_ns,ns,300,2583.0,3419.1000000000004,5045.589999999996,2375,8958
m1-d0-a0-h16-b0-r16-native,stage_4_state_application_ns,ns,300,1600645.5,1664608.35,1985460.5899999896,1540417,22375416
m1-d0-a0-h16-b0-r16-native,stage_5_semantics_ns,ns,300,409312.0,441008.3,585415.4199999988,400916,1059959
m1-d0-a0-h16-b0-r16-native,state_application_ns,ns,300,628708.5,701689.9,736997.5799999997,603125,805542
m1-d0-a0-h16-b0-r16-native,state_hash_candidate_ns,ns,300,478166.5,522152.4000000001,554127.5,470875,605083
m1-d0-a0-h16-b0-r16-native,state_hash_predecessor_ns,ns,300,478312.5,519216.65,552720.4199999997,469041,623125
m1-d0-a0-h16-b0-r16-native,total_cct_ns,ns,300,4874416.5,5059239.55,7582598.749999983,4748417,25683916
m1-d0-a0-h16-b0-r16-native,total_process_cpu_ns,ns,300,4873000.0,5043600.0,6707689.999999977,4749000,25650000
m1-d0-a0-h16-b1024-r16-native,authority_check_ns,ns,300,201312.5,236435.7,240940.16999999998,186917,584792
m1-d0-a0-h16-b1024-r16-native,core_digest_ns,ns,300,49187.5,66004.15,75932.82999999999,42583,141250
m1-d0-a0-h16-b1024-r16-native,effective_I_bel_ns,ns,300,2734479.5,2805866.35,2910773.3299999638,2664167,7139708
m1-d0-a0-h16-b1024-r16-native,effective_I_hist_ns,ns,300,356000.5,374075.35000000003,412580.32999999996,343291,940625
m1-d0-a0-h16-b1024-r16-native,effective_I_norm_ns,ns,300,27562.5,37677.4,44542.08999999996,23250,129250
m1-d0-a0-h16-b1024-r16-native,effective_I_rel_ns,ns,300,21104.0,25931.550000000003,28162.16999999993,18250,73500
m1-d0-a0-h16-b1024-r16-native,effective_I_temp_ns,ns,300,8792.0,13502.050000000001,16527.499999999975,5125,35750
m1-d0-a0-h16-b1024-r16-native,native_I_bel_ns,ns,300,2734479.5,2805866.35,2910773.3299999638,2664167,7139708
m1-d0-a0-h16-b1024-r16-native,native_I_hist_ns,ns,300,356000.5,374075.35000000003,412580.32999999996,343291,940625
m1-d0-a0-h16-b1024-r16-native,native_I_norm_ns,ns,300,27562.5,37677.4,44542.08999999996,23250,129250
m1-d0-a0-h16-b1024-r16-native,native_I_rel_ns,ns,300,21104.0,25931.550000000003,28162.16999999993,18250,73500
m1-d0-a0-h16-b1024-r16-native,native_I_temp_ns,ns,300,8792.0,13502.050000000001,16527.499999999975,5125,35750
m1-d0-a0-h16-b1024-r16-native,proposal_digest_ns,ns,300,44937.0,61096.15000000001,79392.49999999953,38958,178208
m1-d0-a0-h16-b1024-r16-native,provenance_check_ns,ns,300,2667.0,4877.1,5958.839999999999,1125,7375
m1-d0-a0-h16-b1024-r16-native,receipt_signature_check_ns,ns,300,168375.0,198256.25,210793.66,160375,1046500
m1-d0-a0-h16-b1024-r16-native,signature_primitive_ns,ns,600,155937.5,166756.25,176805.18,147250,281500
m1-d0-a0-h16-b1024-r16-native,signature_primitive_sum_ns,ns,300,311875.5,329470.55,338961.17,297375,437459
m1-d0-a0-h16-b1024-r16-native,stage_1_lineage_ns,ns,300,32846271.0,57415435.75,58107363.74999999,31815708,73335750
m1-d0-a0-h16-b1024-r16-native,stage_2_authority_ns,ns,300,208375.0,249993.4,267545.9199999999,193666,400834
m1-d0-a0-h16-b1024-r16-native,stage_3_provenance_ns,ns,300,4375.0,5252.05,6085.5099999999975,2916,11208
m1-d0-a0-h16-b1024-r16-native,stage_4_state_application_ns,ns,300,35700958.5,60729395.5,61609137.589999996,34666625,62184625
m1-d0-a0-h16-b1024-r16-native,stage_5_semantics_ns,ns,300,3162020.5,3281262.5,3334616.0099999993,3089084,3646959
m1-d0-a0-h16-b1024-r16-native,state_application_ns,ns,300,13941958.0,38309010.4,39570014.08,13547500,41788500
m1-d0-a0-h16-b1024-r16-native,state_hash_candidate_ns,ns,300,10811375.0,33605730.900000006,35313357.089999996,10505375,36529708
m1-d0-a0-h16-b1024-r16-native,state_hash_predecessor_ns,ns,300,10814396.0,34255064.550000004,35472308.42,10475333,35957000
m1-d0-a0-h16-b1024-r16-native,total_cct_ns,ns,300,115376791.5,119359806.25,120866210.49999993,91092667,151471750
m1-d0-a0-h16-b1024-r16-native,total_process_cpu_ns,ns,300,115331500.0,119269850.0,120854709.99999994,91094000,146944000
m1-d0-a0-h16-b16-r0-native,authority_check_ns,ns,300,190104.5,204578.55000000002,228264.66999999995,185375,247708
m1-d0-a0-h16-b16-r0-native,core_digest_ns,ns,300,45229.0,49168.15,52276.66999999998,42042,71791
m1-d0-a0-h16-b16-r0-native,effective_I_bel_ns,ns,300,44750.0,47889.600000000006,51091.74999999999,43250,55875
m1-d0-a0-h16-b16-r0-native,effective_I_hist_ns,ns,300,351812.5,371723.2,422065.4199999999,341416,469500
m1-d0-a0-h16-b16-r0-native,effective_I_norm_ns,ns,300,25187.5,27212.2,31295.329999999998,22666,37917
m1-d0-a0-h16-b16-r0-native,effective_I_rel_ns,ns,300,792.0,1167.0,1751.6599999999985,500,21417
m1-d0-a0-h16-b16-r0-native,effective_I_temp_ns,ns,300,6417.0,7714.250000000002,8916.84,5041,10459
m1-d0-a0-h16-b16-r0-native,native_I_bel_ns,ns,300,44750.0,47889.600000000006,51091.74999999999,43250,55875
m1-d0-a0-h16-b16-r0-native,native_I_hist_ns,ns,300,351812.5,371723.2,422065.4199999999,341416,469500
m1-d0-a0-h16-b16-r0-native,native_I_norm_ns,ns,300,25187.5,27212.2,31295.329999999998,22666,37917
m1-d0-a0-h16-b16-r0-native,native_I_rel_ns,ns,300,792.0,1167.0,1751.6599999999985,500,21417
m1-d0-a0-h16-b16-r0-native,native_I_temp_ns,ns,300,6417.0,7714.250000000002,8916.84,5041,10459
m1-d0-a0-h16-b16-r0-native,proposal_digest_ns,ns,300,41541.5,46558.65,58576.579999999965,38584,87375
m1-d0-a0-h16-b16-r0-native,provenance_check_ns,ns,300,1542.0,2171.150000000001,2918.249999999999,958,3167
m1-d0-a0-h16-b16-r0-native,receipt_signature_check_ns,ns,300,163729.5,175925.35,187436.15999999997,161875,238250
m1-d0-a0-h16-b16-r0-native,signature_primitive_ns,ns,600,149084.0,170601.74999999997,297352.49999999977,147375,642292
m1-d0-a0-h16-b16-r0-native,signature_primitive_sum_ns,ns,300,298833.0,357095.2,626028.4199999995,295917,959917
m1-d0-a0-h16-b16-r0-native,stage_1_lineage_ns,ns,300,1776770.5,2354480.9500000007,3389457.1699999995,1734000,5531208
m1-d0-a0-h16-b16-r0-native,stage_2_authority_ns,ns,300,192166.0,236789.9000000001,599641.4899999987,189250,3531875
m1-d0-a0-h16-b16-r0-native,stage_3_provenance_ns,ns,300,2583.5,5541.05,8743.419999999967,2333,44167
m1-d0-a0-h16-b16-r0-native,stage_4_state_application_ns,ns,300,1692500.5,2199906.25,4283383.839999996,1625750,26182167
m1-d0-a0-h16-b16-r0-native,stage_5_semantics_ns,ns,300,436666.5,551160.4,1261371.9999999993,423417,1562584
m1-d0-a0-h16-b16-r0-native,state_application_ns,ns,300,658729.0,700796.15,724423.5099999999,632250,781584
m1-d0-a0-h16-b16-r0-native,state_hash_candidate_ns,ns,300,507020.5,534041.65,556785.1699999999,493291,583209
m1-d0-a0-h16-b16-r0-native,state_hash_predecessor_ns,ns,300,506292.0,535922.9,577781.5799999997,492209,743500
m1-d0-a0-h16-b16-r0-native,total_cct_ns,ns,300,5141145.5,7065081.900000005,9648449.909999955,4991958,29651583
m1-d0-a0-h16-b16-r0-native,total_process_cpu_ns,ns,300,5139500.0,6761650.000000002,9125549.99999999,4992000,29652000
m1-d0-a0-h16-b16-r1024-native,authority_check_ns,ns,300,199771.0,248059.80000000002,270378.7499999999,185875,463959
m1-d0-a0-h16-b16-r1024-native,core_digest_ns,ns,300,49125.0,69670.2,84382.58999999995,43292,190875
m1-d0-a0-h16-b16-r1024-native,effective_I_bel_ns,ns,300,45895.5,53699.350000000006,57798.33999999995,43250,176625
m1-d0-a0-h16-b16-r1024-native,effective_I_hist_ns,ns,300,355000.0,384649.7,403090.4199999999,341250,419875
m1-d0-a0-h16-b16-r1024-native,effective_I_norm_ns,ns,300,27458.5,36381.25,42459.409999999996,23209,45416
m1-d0-a0-h16-b16-r1024-native,effective_I_rel_ns,ns,300,1149645.5,1207469.4,1509190.0799999984,1113583,4183833
m1-d0-a0-h16-b16-r1024-native,effective_I_temp_ns,ns,300,8562.5,13792.0,17255.409999999996,5792,25375
m1-d0-a0-h16-b16-r1024-native,native_I_bel_ns,ns,300,45895.5,53699.350000000006,57798.33999999995,43250,176625
m1-d0-a0-h16-b16-r1024-native,native_I_hist_ns,ns,300,355000.0,384649.7,403090.4199999999,341250,419875
m1-d0-a0-h16-b16-r1024-native,native_I_norm_ns,ns,300,27458.5,36381.25,42459.409999999996,23209,45416
m1-d0-a0-h16-b16-r1024-native,native_I_rel_ns,ns,300,1149645.5,1207469.4,1509190.0799999984,1113583,4183833
m1-d0-a0-h16-b16-r1024-native,native_I_temp_ns,ns,300,8562.5,13792.0,17255.409999999996,5792,25375
m1-d0-a0-h16-b16-r1024-native,proposal_digest_ns,ns,300,45000.0,68535.40000000001,106862.82999999993,38916,195875
m1-d0-a0-h16-b16-r1024-native,provenance_check_ns,ns,300,2604.5,5208.05,6463.419999999995,1083,7375
m1-d0-a0-h16-b16-r1024-native,receipt_signature_check_ns,ns,300,170833.0,204612.15,216529.6699999998,162042,239291
m1-d0-a0-h16-b16-r1024-native,signature_primitive_ns,ns,600,157375.0,175547.3,256009.57999999862,148375,707875
m1-d0-a0-h16-b16-r1024-native,signature_primitive_sum_ns,ns,300,313521.5,350631.2,581624.2499999993,298251,1150959
m1-d0-a0-h16-b16-r1024-native,stage_1_lineage_ns,ns,300,27551374.5,52772728.85,59014801.33999994,26501459,92170084
m1-d0-a0-h16-b16-r1024-native,stage_2_authority_ns,ns,300,207416.5,279347.95,664387.2599999998,193500,737000
m1-d0-a0-h16-b16-r1024-native,stage_3_provenance_ns,ns,300,4459.0,5917.0,10304.759999999987,2916,63208
m1-d0-a0-h16-b16-r1024-native,stage_4_state_application_ns,ns,300,30229667.0,56377268.150000006,78655978.15999998,28883333,100977000
m1-d0-a0-h16-b16-r1024-native,stage_5_semantics_ns,ns,300,1608750.0,1886516.6500000004,2664563.749999999,1547042,4845542
m1-d0-a0-h16-b16-r1024-native,state_application_ns,ns,300,11758979.5,36296451.45,37727263.75,11369250,38616375
m1-d0-a0-h16-b16-r1024-native,state_hash_candidate_ns,ns,300,9066125.0,32452146.150000002,33678605.5,8797083,33932292
m1-d0-a0-h16-b16-r1024-native,state_hash_predecessor_ns,ns,300,9061083.5,32281330.6,34441488.0,8789417,41968875
m1-d0-a0-h16-b16-r1024-native,total_cct_ns,ns,300,100883959.0,124739655.65,152894519.16999993,74968667,171016834
m1-d0-a0-h16-b16-r1024-native,total_process_cpu_ns,ns,300,100759500.0,119926600.00000001,133108109.99999994,74969000,153886000
m1-d0-a0-h16-b16-r16-native,authority_check_ns,ns,300,190458.0,201233.95,209310.74999999997,186875,214875
m1-d0-a0-h16-b16-r16-native,core_digest_ns,ns,300,45250.0,48550.3,55666.84,42250,57417
m1-d0-a0-h16-b16-r16-native,effective_I_bel_ns,ns,300,44459.0,46170.200000000004,49128.75,42792,55333
m1-d0-a0-h16-b16-r16-native,effective_I_hist_ns,ns,300,350625.0,364467.3,381849.25,341875,396125
m1-d0-a0-h16-b16-r16-native,effective_I_norm_ns,ns,300,25333.0,27419.05,31899.999999999978,23333,34958
m1-d0-a0-h16-b16-r16-native,effective_I_rel_ns,ns,300,19666.0,21895.850000000006,24756.249999999993,18292,29542
m1-d0-a0-h16-b16-r16-native,effective_I_temp_ns,ns,300,6541.0,7125.0,8376.669999999998,5166,9167
m1-d0-a0-h16-b16-r16-native,native_I_bel_ns,ns,300,44459.0,46170.200000000004,49128.75,42792,55333
m1-d0-a0-h16-b16-r16-native,native_I_hist_ns,ns,300,350625.0,364467.3,381849.25,341875,396125
m1-d0-a0-h16-b16-r16-native,native_I_norm_ns,ns,300,25333.0,27419.05,31899.999999999978,23333,34958
m1-d0-a0-h16-b16-r16-native,native_I_rel_ns,ns,300,19666.0,21895.850000000006,24756.249999999993,18292,29542
m1-d0-a0-h16-b16-r16-native,native_I_temp_ns,ns,300,6541.0,7125.0,8376.669999999998,5166,9167
m1-d0-a0-h16-b16-r16-native,proposal_digest_ns,ns,300,41375.0,45014.55,49833.42,38708,52542
m1-d0-a0-h16-b16-r16-native,provenance_check_ns,ns,300,1542.0,2000.0,2459.259999999999,875,3500
m1-d0-a0-h16-b16-r16-native,receipt_signature_check_ns,ns,300,164750.0,174808.65,184867.24999999994,162708,198916
m1-d0-a0-h16-b16-r16-native,signature_primitive_ns,ns,600,150041.0,158672.25,167709.25,148458,212833
m1-d0-a0-h16-b16-r16-native,signature_primitive_sum_ns,ns,300,300145.5,313937.85,321421.43,298041,365374
m1-d0-a0-h16-b16-r16-native,stage_1_lineage_ns,ns,300,2156937.5,2217916.05,2275339.0799999996,2125958,2361500
m1-d0-a0-h16-b16-r16-native,stage_2_authority_ns,ns,300,192541.5,205833.05,217203.24999999997,190292,417250
m1-d0-a0-h16-b16-r16-native,stage_3_provenance_ns,ns,300,2541.0,2961.0500000000006,3960.079999999998,2333,5125
m1-d0-a0-h16-b16-r16-native,stage_4_state_application_ns,ns,300,2118000.5,2181026.75,2233784.25,2080625,2640292
m1-d0-a0-h16-b16-r16-native,stage_5_semantics_ns,ns,300,450666.5,471936.85,513723.57999999996,442542,663833
m1-d0-a0-h16-b16-r16-native,state_application_ns,ns,300,841624.5,874722.9500000001,905899.9099999997,800958,24934250
m1-d0-a0-h16-b16-r16-native,state_hash_candidate_ns,ns,300,635167.0,664554.5,682275.9199999999,621792,700167
m1-d0-a0-h16-b16-r16-native,state_hash_predecessor_ns,ns,300,634896.0,660263.1,678440.33,621875,689625
m1-d0-a0-h16-b16-r16-native,total_cct_ns,ns,300,6210312.5,6351914.25,6439393.25,6128250,7490791
m1-d0-a0-h16-b16-r16-native,total_process_cpu_ns,ns,300,6210500.0,6349300.0,6437080.0,6128000,7218000
m1-d0-a0-h16-b16-r256-native,authority_check_ns,ns,300,192750.0,232809.80000000002,271722.9199999999,187167,540792
m1-d0-a0-h16-b16-r256-native,core_digest_ns,ns,300,46375.0,58485.100000000006,75974.24999999987,42042,184875
m1-d0-a0-h16-b16-r256-native,effective_I_bel_ns,ns,300,45042.0,50393.75000000001,95572.49999999983,43500,198709
m1-d0-a0-h16-b16-r256-native,effective_I_hist_ns,ns,300,353542.0,372138.95,441057.5799999992,340209,1129834
m1-d0-a0-h16-b16-r256-native,effective_I_norm_ns,ns,300,26084.0,30629.15,40244.66999999997,23166,85792
m1-d0-a0-h16-b16-r256-native,effective_I_rel_ns,ns,300,289270.5,305393.4,408678.91999999713,283458,797958
m1-d0-a0-h16-b16-r256-native,effective_I_temp_ns,ns,300,6708.5,10718.450000000003,15027.4099999999,5000,48458
m1-d0-a0-h16-b16-r256-native,native_I_bel_ns,ns,300,45042.0,50393.75000000001,95572.49999999983,43500,198709
m1-d0-a0-h16-b16-r256-native,native_I_hist_ns,ns,300,353542.0,372138.95,441057.5799999992,340209,1129834
m1-d0-a0-h16-b16-r256-native,native_I_norm_ns,ns,300,26084.0,30629.15,40244.66999999997,23166,85792
m1-d0-a0-h16-b16-r256-native,native_I_rel_ns,ns,300,289270.5,305393.4,408678.91999999713,283458,797958
m1-d0-a0-h16-b16-r256-native,native_I_temp_ns,ns,300,6708.5,10718.450000000003,15027.4099999999,5000,48458
m1-d0-a0-h16-b16-r256-native,proposal_digest_ns,ns,300,42958.0,51810.75000000001,69213.33999999912,38791,346666
m1-d0-a0-h16-b16-r256-native,provenance_check_ns,ns,300,1667.0,3583.05,5886.24999999999,958,53209
m1-d0-a0-h16-b16-r256-native,receipt_signature_check_ns,ns,300,165458.0,183253.85,212401.90999999948,162250,556041
m1-d0-a0-h16-b16-r256-native,signature_primitive_ns,ns,600,151271.0,165756.25,183712.75,145917,489250
m1-d0-a0-h16-b16-r256-native,signature_primitive_sum_ns,ns,300,303791.5,329692.8,357256.9099999993,297584,669708
m1-d0-a0-h16-b16-r256-native,stage_1_lineage_ns,ns,300,8104104.5,8919449.35,13943745.169999843,7913833,35072958
m1-d0-a0-h16-b16-r256-native,stage_2_authority_ns,ns,300,196687.5,231825.35,266890.41999999963,191250,708958
m1-d0-a0-h16-b16-r256-native,stage_3_provenance_ns,ns,300,3041.5,4920.200000000001,5560.749999999983,2417,12125
m1-d0-a0-h16-b16-r256-native,stage_4_state_application_ns,ns,300,8676604.0,9535335.700000001,29469007.499999978,8423417,32556375
m1-d0-a0-h16-b16-r256-native,stage_5_semantics_ns,ns,300,729729.0,778281.2500000001,825414.58,708917,2460375
m1-d0-a0-h16-b16-r256-native,state_application_ns,ns,300,3423875.0,3625083.65,8660199.409999868,3334334,31973167
m1-d0-a0-h16-b16-r256-native,state_hash_candidate_ns,ns,300,2616750.0,2837322.9000000004,3382545.329999982,2555250,27037208
m1-d0-a0-h16-b16-r256-native,state_hash_predecessor_ns,ns,300,2616063.0,2764164.6000000006,4795142.079999995,2559458,26470750
m1-d0-a0-h16-b16-r256-native,total_cct_ns,ns,300,22985958.5,37872200.60000006,46896898.75,22449916,51179583
m1-d0-a0-h16-b16-r256-native,total_process_cpu_ns,ns,300,22979000.0,35693450.00000009,46897010.0,22450000,50673000
m1-d0-a0-h16-b16-r64-native,authority_check_ns,ns,300,187458.5,196752.40000000002,204854.33999999994,182833,248292
m1-d0-a0-h16-b16-r64-native,core_digest_ns,ns,300,45666.5,50500.0,55003.34,42333,71583
m1-d0-a0-h16-b16-r64-native,effective_I_bel_ns,ns,300,44750.0,48506.25,52382.49999999999,43250,60875
m1-d0-a0-h16-b16-r64-native,effective_I_hist_ns,ns,300,351292.0,361045.85000000003,376753.75,342833,395958
m1-d0-a0-h16-b16-r64-native,effective_I_norm_ns,ns,300,25770.5,27960.100000000002,33006.66999999999,23125,37375
m1-d0-a0-h16-b16-r64-native,effective_I_rel_ns,ns,300,73041.0,76583.0,83053.24999999999,71541,87250
m1-d0-a0-h16-b16-r64-native,effective_I_temp_ns,ns,300,6542.0,7762.500000000003,9001.249999999998,4917,11625
m1-d0-a0-h16-b16-r64-native,native_I_bel_ns,ns,300,44750.0,48506.25,52382.49999999999,43250,60875
m1-d0-a0-h16-b16-r64-native,native_I_hist_ns,ns,300,351292.0,361045.85000000003,376753.75,342833,395958
m1-d0-a0-h16-b16-r64-native,native_I_norm_ns,ns,300,25770.5,27960.100000000002,33006.66999999999,23125,37375
m1-d0-a0-h16-b16-r64-native,native_I_rel_ns,ns,300,73041.0,76583.0,83053.24999999999,71541,87250
m1-d0-a0-h16-b16-r64-native,native_I_temp_ns,ns,300,6542.0,7762.500000000003,9001.249999999998,4917,11625
m1-d0-a0-h16-b16-r64-native,proposal_digest_ns,ns,300,42375.0,46002.05,53380.409999999996,38500,65625
m1-d0-a0-h16-b16-r64-native,provenance_check_ns,ns,300,1625.0,2000.0,2504.9999999999955,916,7958
m1-d0-a0-h16-b16-r64-native,receipt_signature_check_ns,ns,300,163416.0,172220.55,180170.18,161167,191333
m1-d0-a0-h16-b16-r64-native,signature_primitive_ns,ns,600,147750.0,155708.05,166009.58,145250,173167
m1-d0-a0-h16-b16-r64-native,signature_primitive_sum_ns,ns,300,295167.0,308124.7,317885.26,292584,323416
m1-d0-a0-h16-b16-r64-native,stage_1_lineage_ns,ns,300,3398687.5,3492287.8000000003,3538952.59,3335208,3693917
m1-d0-a0-h16-b16-r64-native,stage_2_authority_ns,ns,300,189833.5,202927.4,213930.33,187042,224500
m1-d0-a0-h16-b16-r64-native,stage_3_provenance_ns,ns,300,2625.0,3416.05,4167.259999999998,2375,9208
m1-d0-a0-h16-b16-r64-native,stage_4_state_application_ns,ns,300,3430104.0,3524697.3,3559151.1599999997,3362417,26084917
m1-d0-a0-h16-b16-r64-native,stage_5_semantics_ns,ns,300,508770.5,530223.55,562251.49,499417,584792
m1-d0-a0-h16-b16-r64-native,state_application_ns,ns,300,1332604.0,1380141.6500000001,1433340.0,1308250,1467375
m1-d0-a0-h16-b16-r64-native,state_hash_candidate_ns,ns,300,1040271.0,1077012.5,1122198.66,1021375,1127500
m1-d0-a0-h16-b16-r64-native,state_hash_predecessor_ns,ns,300,1043583.5,1075994.05,1108921.58,1022958,1142417
m1-d0-a0-h16-b16-r64-native,total_cct_ns,ns,300,9654770.5,9856755.9,11362861.66999981,9493583,33279208
m1-d0-a0-h16-b16-r64-native,total_process_cpu_ns,ns,300,9655000.0,9841500.0,11133989.999999808,9494000,33270000
m1-d0-a0-h16-b256-r16-native,authority_check_ns,ns,300,188417.0,208626.75,222024.40999999995,182625,234083
m1-d0-a0-h16-b256-r16-native,core_digest_ns,ns,300,46042.0,50724.700000000004,55085.09,42083,62416
m1-d0-a0-h16-b256-r16-native,effective_I_bel_ns,ns,300,686541.5,715069.05,749296.01,671416,752791
m1-d0-a0-h16-b256-r16-native,effective_I_hist_ns,ns,300,351292.0,370883.0,392443.7499999998,339625,417917
m1-d0-a0-h16-b256-r16-native,effective_I_norm_ns,ns,300,25917.0,29458.0,33422.829999999994,23416,42042
m1-d0-a0-h16-b256-r16-native,effective_I_rel_ns,ns,300,19833.0,21970.550000000003,24295.749999999996,18416,31625
m1-d0-a0-h16-b256-r16-native,effective_I_temp_ns,ns,300,6708.0,8919.050000000001,12542.83,5000,17250
m1-d0-a0-h16-b256-r16-native,native_I_bel_ns,ns,300,686541.5,715069.05,749296.01,671416,752791
m1-d0-a0-h16-b256-r16-native,native_I_hist_ns,ns,300,351292.0,370883.0,392443.7499999998,339625,417917
m1-d0-a0-h16-b256-r16-native,native_I_norm_ns,ns,300,25917.0,29458.0,33422.829999999994,23416,42042
m1-d0-a0-h16-b256-r16-native,native_I_rel_ns,ns,300,19833.0,21970.550000000003,24295.749999999996,18416,31625
m1-d0-a0-h16-b256-r16-native,native_I_temp_ns,ns,300,6708.0,8919.050000000001,12542.83,5000,17250
m1-d0-a0-h16-b256-r16-native,proposal_digest_ns,ns,300,42292.0,49789.600000000006,60076.579999999965,38583,68791
m1-d0-a0-h16-b256-r16-native,provenance_check_ns,ns,300,1708.0,2627.1000000000004,3210.6599999999985,1000,3458
m1-d0-a0-h16-b256-r16-native,receipt_signature_check_ns,ns,300,167250.0,179264.6,185204.49999999997,164084,195875
m1-d0-a0-h16-b256-r16-native,signature_primitive_ns,ns,600,151416.5,169262.5,186841.08,145208,783834
m1-d0-a0-h16-b256-r16-native,signature_primitive_sum_ns,ns,300,302833.5,332932.55,351188.25,295501,1216459
m1-d0-a0-h16-b256-r16-native,stage_1_lineage_ns,ns,300,9363999.5,10190152.1,24233096.15999994,9136667,34443875
m1-d0-a0-h16-b256-r16-native,stage_2_authority_ns,ns,300,192854.0,219768.75,246597.4999999999,187709,626250
m1-d0-a0-h16-b256-r16-native,stage_3_provenance_ns,ns,300,3125.0,4377.05,4922.409999999995,2458,9292
m1-d0-a0-h16-b256-r16-native,stage_4_state_application_ns,ns,300,10028521.0,11030870.850000001,33538698.089999996,9732500,34568958
m1-d0-a0-h16-b256-r16-native,stage_5_semantics_ns,ns,300,1109666.5,1191043.75,1241966.7499999998,1081584,1336541
m1-d0-a0-h16-b256-r16-native,state_application_ns,ns,300,3905042.0,4040147.9,4294613.75,3818584,27666000
m1-d0-a0-h16-b256-r16-native,state_hash_candidate_ns,ns,300,3008729.5,3110349.65,3540547.4999998044,2936917,27557459
m1-d0-a0-h16-b256-r16-native,state_hash_predecessor_ns,ns,300,3009563.0,3109523.25,3249470.51,2933459,23530500
m1-d0-a0-h16-b256-r16-native,total_cct_ns,ns,300,26787500.0,33915131.55000001,51300648.839999996,26187875,55519583
m1-d0-a0-h16-b256-r16-native,total_process_cpu_ns,ns,300,26783000.0,32185650.000000026,50910620.0,26189000,51981000
m1-d0-a0-h16-b64-r16-native,authority_check_ns,ns,300,191625.0,204285.4,214892.16999999995,187416,228333
m1-d0-a0-h16-b64-r16-native,core_digest_ns,ns,300,45666.5,48502.1,54431.15999999999,42166,156208
m1-d0-a0-h16-b64-r16-native,effective_I_bel_ns,ns,300,172417.0,180616.35,186955.73999999996,169167,196459
m1-d0-a0-h16-b64-r16-native,effective_I_hist_ns,ns,300,350854.5,360712.2,375663.5099999999,340333,393542
m1-d0-a0-h16-b64-r16-native,effective_I_norm_ns,ns,300,25541.5,28294.05,32584.25,22833,33125
m1-d0-a0-h16-b64-r16-native,effective_I_rel_ns,ns,300,19708.0,20500.0,24042.26,18459,26041
m1-d0-a0-h16-b64-r16-native,effective_I_temp_ns,ns,300,6542.0,7292.0,8208.0,5042,9542
m1-d0-a0-h16-b64-r16-native,native_I_bel_ns,ns,300,172417.0,180616.35,186955.73999999996,169167,196459
m1-d0-a0-h16-b64-r16-native,native_I_hist_ns,ns,300,350854.5,360712.2,375663.5099999999,340333,393542
m1-d0-a0-h16-b64-r16-native,native_I_norm_ns,ns,300,25541.5,28294.05,32584.25,22833,33125
m1-d0-a0-h16-b64-r16-native,native_I_rel_ns,ns,300,19708.0,20500.0,24042.26,18459,26041
m1-d0-a0-h16-b64-r16-native,native_I_temp_ns,ns,300,6542.0,7292.0,8208.0,5042,9542
m1-d0-a0-h16-b64-r16-native,proposal_digest_ns,ns,300,42084.0,44847.600000000006,48631.24999999999,38292,51083
m1-d0-a0-h16-b64-r16-native,provenance_check_ns,ns,300,1584.0,2000.0,2583.01,1042,3166
m1-d0-a0-h16-b64-r16-native,receipt_signature_check_ns,ns,300,164416.5,172087.2,178985.08999999997,162167,184125
m1-d0-a0-h16-b64-r16-native,signature_primitive_ns,ns,600,150042.0,158086.05,169383.83999999997,148000,445125
m1-d0-a0-h16-b64-r16-native,signature_primitive_sum_ns,ns,300,299792.0,312927.4,323860.66,297625,884959
m1-d0-a0-h16-b64-r16-native,stage_1_lineage_ns,ns,300,3623458.5,3716947.6,3765897.5,3562166,7282208
m1-d0-a0-h16-b64-r16-native,stage_2_authority_ns,ns,300,193604.5,206295.2,222097.16999999998,191000,621250
m1-d0-a0-h16-b64-r16-native,stage_3_provenance_ns,ns,300,2583.0,3292.0,4097.999999999986,2416,10250
m1-d0-a0-h16-b64-r16-native,stage_4_state_application_ns,ns,300,3684062.5,3788464.6,3873152.2599999923,3634083,28455208
m1-d0-a0-h16-b64-r16-native,stage_5_semantics_ns,ns,300,581959.0,609028.85,666561.25,572167,2489625
m1-d0-a0-h16-b64-r16-native,state_application_ns,ns,300,1439000.0,1472159.8,1498007.8299999998,1410417,1534500
m1-d0-a0-h16-b64-r16-native,state_hash_candidate_ns,ns,300,1125687.5,1154499.7,1170058.3299999998,1092584,1198667
m1-d0-a0-h16-b64-r16-native,state_hash_predecessor_ns,ns,300,1125687.5,1151689.55,1168790.92,1098541,1218125
m1-d0-a0-h16-b64-r16-native,total_cct_ns,ns,300,10369021.0,10547227.1,15813094.169999918,10213583,35117083
m1-d0-a0-h16-b64-r16-native,total_process_cpu_ns,ns,300,10367500.0,10544000.0,15701849.999999942,10214000,35117000
m1-d0-a0-h256-b16-r16-native,authority_check_ns,ns,300,198104.0,249120.5,307839.4099999996,186708,606417
m1-d0-a0-h256-b16-r16-native,core_digest_ns,ns,300,47771.0,64691.05,123151.66999999997,42167,244083
m1-d0-a0-h256-b16-r16-native,effective_I_bel_ns,ns,300,45667.0,52718.450000000004,64224.579999999565,43417,211583
m1-d0-a0-h256-b16-r16-native,effective_I_hist_ns,ns,300,5852500.0,6164704.45,9049620.239999972,5728083,16538250
m1-d0-a0-h256-b16-r16-native,effective_I_norm_ns,ns,300,27000.0,33941.05,45841.24999999992,23542,107625
m1-d0-a0-h256-b16-r16-native,effective_I_rel_ns,ns,300,20396.0,27714.25,53624.259999999966,17709,79541
m1-d0-a0-h256-b16-r16-native,effective_I_temp_ns,ns,300,1036021.0,1114446.15,1347151.1699999997,920208,1721042
m1-d0-a0-h256-b16-r16-native,native_I_bel_ns,ns,300,45667.0,52718.450000000004,64224.579999999565,43417,211583
m1-d0-a0-h256-b16-r16-native,native_I_hist_ns,ns,300,5852500.0,6164704.45,9049620.239999972,5728083,16538250
m1-d0-a0-h256-b16-r16-native,native_I_norm_ns,ns,300,27000.0,33941.05,45841.24999999992,23542,107625
m1-d0-a0-h256-b16-r16-native,native_I_rel_ns,ns,300,20396.0,27714.25,53624.259999999966,17709,79541
m1-d0-a0-h256-b16-r16-native,native_I_temp_ns,ns,300,1036021.0,1114446.15,1347151.1699999997,920208,1721042
m1-d0-a0-h256-b16-r16-native,proposal_digest_ns,ns,300,43979.0,66258.35,84765.82999999999,38916,165416
m1-d0-a0-h256-b16-r16-native,provenance_check_ns,ns,300,2209.0,4841.350000000002,7090.239999999994,1167,13083
m1-d0-a0-h256-b16-r16-native,receipt_signature_check_ns,ns,300,166500.5,210175.35,279673.82999999955,147500,530500
m1-d0-a0-h256-b16-r16-native,signature_primitive_ns,ns,600,152187.5,167125.0,177561.15999999997,138791,712292
m1-d0-a0-h256-b16-r16-native,signature_primitive_sum_ns,ns,300,306104.0,332336.85000000003,352461.83999999973,288001,1225333
m1-d0-a0-h256-b16-r16-native,stage_1_lineage_ns,ns,300,13979604.5,15816120.850000001,38534190.16999999,13617375,42721708
m1-d0-a0-h256-b16-r16-native,stage_2_authority_ns,ns,300,201146.0,250591.65000000002,279765.66,187959,633000
m1-d0-a0-h256-b16-r16-native,stage_3_provenance_ns,ns,300,3958.0,5292.0,6005.8299999999945,2500,11417
m1-d0-a0-h256-b16-r16-native,stage_4_state_application_ns,ns,300,15015416.5,16616581.900000006,40593722.41,14632167,41968292
m1-d0-a0-h256-b16-r16-native,stage_5_semantics_ns,ns,300,7004833.0,7484887.500000001,9020761.66999999,6714583,26924916
m1-d0-a0-h256-b16-r16-native,state_application_ns,ns,300,5807166.5,6236206.250000001,26487559.75,5619708,28160542
m1-d0-a0-h256-b16-r16-native,state_hash_candidate_ns,ns,300,4579771.0,4806333.65,8336930.82999996,4440667,29939959
m1-d0-a0-h256-b16-r16-native,state_hash_predecessor_ns,ns,300,4582375.0,4881535.4,30149066.74999997,4459833,35299250
m1-d0-a0-h256-b16-r16-native,total_cct_ns,ns,300,45453063.0,66953143.75000001,74135369.08,44271542,75695084
m1-d0-a0-h256-b16-r16-native,total_process_cpu_ns,ns,300,45421500.0,66921850.00000001,73901490.0,44271000,74666000
m1-d0-a0-h256-b256-r256-native,authority_check_ns,ns,300,197875.0,237605.6,263068.25,186458,581292
m1-d0-a0-h256-b256-r256-native,core_digest_ns,ns,300,48500.0,64800.35,77353.00999999998,42875,119042
m1-d0-a0-h256-b256-r256-native,effective_I_bel_ns,ns,300,686312.5,711852.7,738344.2499999999,668625,762958
m1-d0-a0-h256-b256-r256-native,effective_I_hist_ns,ns,300,5840646.0,6035987.5,7654723.579999916,5727625,37301250
m1-d0-a0-h256-b256-r256-native,effective_I_norm_ns,ns,300,27583.0,34647.950000000004,43714.90999999996,24084,155292
m1-d0-a0-h256-b256-r256-native,effective_I_rel_ns,ns,300,290020.5,307879.2,325566.24999999994,282542,409833
m1-d0-a0-h256-b256-r256-native,effective_I_temp_ns,ns,300,1030063.0,1110598.25,1135132.92,913625,1206042
m1-d0-a0-h256-b256-r256-native,native_I_bel_ns,ns,300,686312.5,711852.7,738344.2499999999,668625,762958
m1-d0-a0-h256-b256-r256-native,native_I_hist_ns,ns,300,5840646.0,6035987.5,7654723.579999916,5727625,37301250
m1-d0-a0-h256-b256-r256-native,native_I_norm_ns,ns,300,27583.0,34647.950000000004,43714.90999999996,24084,155292
m1-d0-a0-h256-b256-r256-native,native_I_rel_ns,ns,300,290020.5,307879.2,325566.24999999994,282542,409833
m1-d0-a0-h256-b256-r256-native,native_I_temp_ns,ns,300,1030063.0,1110598.25,1135132.92,913625,1206042
m1-d0-a0-h256-b256-r256-native,proposal_digest_ns,ns,300,45041.5,60131.25,67462.82999999996,39167,250542
m1-d0-a0-h256-b256-r256-native,provenance_check_ns,ns,300,2500.0,4667.0,6171.009999999996,1041,8459
m1-d0-a0-h256-b256-r256-native,receipt_signature_check_ns,ns,300,170354.0,202474.7,212580.6599999999,161459,910208
m1-d0-a0-h256-b256-r256-native,signature_primitive_ns,ns,600,154917.0,167381.25,176043.66,148042,447917
m1-d0-a0-h256-b256-r256-native,signature_primitive_sum_ns,ns,300,310896.0,328674.4,349428.84999999776,296542,611292
m1-d0-a0-h256-b256-r256-native,stage_1_lineage_ns,ns,300,27262333.5,51873168.75,54223892.91,26627417,54893334
m1-d0-a0-h256-b256-r256-native,stage_2_authority_ns,ns,300,204229.0,240276.75000000003,258827.58999999988,192333,662917
m1-d0-a0-h256-b256-r256-native,stage_3_provenance_ns,ns,300,4292.0,5088.100000000001,6299.079999999994,2708,10416
m1-d0-a0-h256-b256-r256-native,stage_4_state_application_ns,ns,300,29583416.5,54878029.2,55939865.08,28792375,58162625
m1-d0-a0-h256-b256-r256-native,stage_5_semantics_ns,ns,300,7897000.0,8127870.55,11951284.999999829,7650125,31542416
m1-d0-a0-h256-b256-r256-native,state_application_ns,ns,300,11552812.5,34203635.45,36773407.75,11210417,37393292
m1-d0-a0-h256-b256-r256-native,state_hash_candidate_ns,ns,300,9000541.5,31165908.050000004,33745512.32,8766125,35932666
m1-d0-a0-h256-b256-r256-native,state_hash_predecessor_ns,ns,300,9009583.0,30208756.250000004,33921765.33,8749375,34143833
m1-d0-a0-h256-b256-r256-native,total_cct_ns,ns,300,83681083.5,109006443.75,110140929.41,81070541,133224166
m1-d0-a0-h256-b256-r256-native,total_process_cpu_ns,ns,300,83654500.0,108946100.0,110036880.0,81071000,126656000
m1-d0-a0-h64-b16-r16-native,authority_check_ns,ns,300,192646.0,234499.7,257860.07999999952,187417,488000
m1-d0-a0-h64-b16-r16-native,core_digest_ns,ns,300,46229.0,59266.00000000002,100283.74999999974,41959,210375
m1-d0-a0-h64-b16-r16-native,effective_I_bel_ns,ns,300,44917.0,50129.15,118844.57999999968,43416,331541
m1-d0-a0-h64-b16-r16-native,effective_I_hist_ns,ns,300,1399500.5,1670987.8000000005,2365533.7499999995,1367959,4870625
m1-d0-a0-h64-b16-r16-native,effective_I_norm_ns,ns,300,25937.5,32715.2,65854.15999999968,22875,142750
m1-d0-a0-h64-b16-r16-native,effective_I_rel_ns,ns,300,19792.0,24377.100000000002,55774.40999999994,18417,254375
m1-d0-a0-h64-b16-r16-native,effective_I_temp_ns,ns,300,54208.0,64835.1,95137.07999999987,49042,115416
m1-d0-a0-h64-b16-r16-native,native_I_bel_ns,ns,300,44917.0,50129.15,118844.57999999968,43416,331541
m1-d0-a0-h64-b16-r16-native,native_I_hist_ns,ns,300,1399500.5,1670987.8000000005,2365533.7499999995,1367959,4870625
m1-d0-a0-h64-b16-r16-native,native_I_norm_ns,ns,300,25937.5,32715.2,65854.15999999968,22875,142750
m1-d0-a0-h64-b16-r16-native,native_I_rel_ns,ns,300,19792.0,24377.100000000002,55774.40999999994,18417,254375
m1-d0-a0-h64-b16-r16-native,native_I_temp_ns,ns,300,54208.0,64835.1,95137.07999999987,49042,115416
m1-d0-a0-h64-b16-r16-native,proposal_digest_ns,ns,300,42521.0,54762.5,114767.49999999953,38541,238125
m1-d0-a0-h64-b16-r16-native,provenance_check_ns,ns,300,1750.0,3923.2500000000014,7136.24999999999,1000,13041
m1-d0-a0-h64-b16-r16-native,receipt_signature_check_ns,ns,300,163604.0,202117.30000000002,384722.6699999993,160833,555500
m1-d0-a0-h64-b16-r16-native,signature_primitive_ns,ns,600,150167.0,164949.99999999994,290503.33,146625,579208
m1-d0-a0-h64-b16-r16-native,signature_primitive_sum_ns,ns,300,299604.0,329054.5,470016.00999999867,296126,928251
m1-d0-a0-h64-b16-r16-native,stage_1_lineage_ns,ns,300,4543645.5,4813768.1000000015,7206526.2499999795,4455875,28268625
m1-d0-a0-h64-b16-r16-native,stage_2_authority_ns,ns,300,194666.5,219475.6,305733.4199999986,191375,677375
m1-d0-a0-h64-b16-r16-native,stage_3_provenance_ns,ns,300,2750.0,4960.1,6488.579999999973,2375,12500
m1-d0-a0-h64-b16-r16-native,stage_4_state_application_ns,ns,300,4675458.5,4939971.15,6094263.239999953,4585875,26174833
m1-d0-a0-h64-b16-r16-native,stage_5_semantics_ns,ns,300,1550729.0,1661287.2000000004,2207387.4999999986,1522750,12931542
m1-d0-a0-h64-b16-r16-native,state_application_ns,ns,300,1818188.0,2080691.0000000005,2899892.8299999954,1769083,3910875
m1-d0-a0-h64-b16-r16-native,state_hash_candidate_ns,ns,300,1429292.0,1570010.1,2024436.669999999,1400833,6449875
m1-d0-a0-h64-b16-r16-native,state_hash_predecessor_ns,ns,300,1429791.5,1630958.35,2315969.5899999957,1395125,3851417
m1-d0-a0-h64-b16-r16-native,total_cct_ns,ns,300,13872188.0,15133120.500000002,35540689.40999998,13623375,57359042
m1-d0-a0-h64-b16-r16-native,total_process_cpu_ns,ns,300,13866500.0,14965200.000000002,28660669.999999996,13623000,37201000
m1-d0-a1-h16-b16-r16-I_bel,authority_check_ns,ns,300,190375.0,197766.65,215550.33,183292,220041
m1-d0-a1-h16-b16-r16-I_bel,core_digest_ns,ns,300,63000.0,66799.35,73127.5,59167,84667
m1-d0-a1-h16-b16-r16-I_bel,effective_I_bel_ns,ns,300,206917.0,217088.15,225629.16,194084,255750
m1-d0-a1-h16-b16-r16-I_bel,effective_I_hist_ns,ns,300,351250.0,362806.6,384950.82999999996,337625,418167
m1-d0-a1-h16-b16-r16-I_bel,effective_I_norm_ns,ns,300,25125.0,26833.0,30583.829999999998,23042,40959
m1-d0-a1-h16-b16-r16-I_bel,effective_I_rel_ns,ns,300,19708.0,20458.05,23583.0,17917,24458
m1-d0-a1-h16-b16-r16-I_bel,effective_I_temp_ns,ns,300,6583.0,7333.0,8739.259999999971,5417,19334
m1-d0-a1-h16-b16-r16-I_bel,native_I_bel_ns,ns,300,44687.5,46167.0,51528.32999999997,42708,54708
m1-d0-a1-h16-b16-r16-I_bel,native_I_hist_ns,ns,300,351250.0,362806.6,384950.82999999996,337625,418167
m1-d0-a1-h16-b16-r16-I_bel,native_I_norm_ns,ns,300,25125.0,26833.0,30583.829999999998,23042,40959
m1-d0-a1-h16-b16-r16-I_bel,native_I_rel_ns,ns,300,19708.0,20458.05,23583.0,17917,24458
m1-d0-a1-h16-b16-r16-I_bel,native_I_temp_ns,ns,300,6583.0,7333.0,8739.259999999971,5417,19334
m1-d0-a1-h16-b16-r16-I_bel,proposal_digest_ns,ns,300,41000.0,44292.0,47309.07999999999,36083,50834
m1-d0-a1-h16-b16-r16-I_bel,provenance_check_ns,ns,300,1542.0,1836.0500000000004,2041.4299999999996,958,2417
m1-d0-a1-h16-b16-r16-I_bel,receipt_signature_check_ns,ns,300,161437.5,168437.85,176180.41999999995,149333,186125
m1-d0-a1-h16-b16-r16-I_bel,signature_primitive_ns,ns,900,148500.0,156969.4,164792.25,133500,185166
m1-d0-a1-h16-b16-r16-I_bel,signature_primitive_sum_ns,ns,300,446062.0,459033.0,476772.49,438667,484208
m1-d0-a1-h16-b16-r16-I_bel,stage_1_lineage_ns,ns,300,2173333.5,2228625.35,2274150.92,2142250,2334583
m1-d0-a1-h16-b16-r16-I_bel,stage_2_authority_ns,ns,300,192291.0,201414.55000000002,215808.24,188667,232833
m1-d0-a1-h16-b16-r16-I_bel,stage_3_provenance_ns,ns,300,2542.0,3000.0,3542.0,2292,3625
m1-d0-a1-h16-b16-r16-I_bel,stage_4_state_application_ns,ns,300,2119167.0,2171056.55,2239308.92,2086500,26417042
m1-d0-a1-h16-b16-r16-I_bel,stage_5_semantics_ns,ns,300,616187.5,638758.35,671086.91,599791,697666
m1-d0-a1-h16-b16-r16-I_bel,state_application_ns,ns,300,843895.5,867739.9,893231.2499999999,801000,922500
m1-d0-a1-h16-b16-r16-I_bel,state_hash_candidate_ns,ns,300,638312.5,663597.25,701810.4099999999,625667,726208
m1-d0-a1-h16-b16-r16-I_bel,state_hash_predecessor_ns,ns,300,637667.0,665253.55,681375.9199999999,624083,719500
m1-d0-a1-h16-b16-r16-I_bel,total_cct_ns,ns,300,6392896.0,6511995.85,6576923.75,6322750,30732667
m1-d0-a1-h16-b16-r16-I_bel,total_process_cpu_ns,ns,300,6393500.0,6509100.0,6562060.0,6323000,30734000
m1-d0-a10-h1024-b1024-r1024-all,authority_check_ns,ns,300,200437.5,265587.5,323592.58999999997,187958,787625
m1-d0-a10-h1024-b1024-r1024-all,core_digest_ns,ns,300,222333.5,259881.25,305142.9199999994,208875,920750
m1-d0-a10-h1024-b1024-r1024-all,effective_I_bel_ns,ns,300,425270.5,518391.05000000005,647819.9999999991,404250,1338500
m1-d0-a10-h1024-b1024-r1024-all,effective_I_hist_ns,ns,300,427583.0,515716.35,648474.9099999993,406042,1044750
m1-d0-a10-h1024-b1024-r1024-all,effective_I_norm_ns,ns,300,427541.5,510725.35000000003,588636.6699999992,402334,4010042
m1-d0-a10-h1024-b1024-r1024-all,effective_I_rel_ns,ns,300,428354.0,509175.0,577553.4199999992,405000,1001458
m1-d0-a10-h1024-b1024-r1024-all,effective_I_temp_ns,ns,300,427958.5,521508.0,853248.7499999988,405875,1188541
m1-d0-a10-h1024-b1024-r1024-all,native_I_bel_ns,ns,300,2736166.5,2875338.95,3514496.759999998,2659792,4409291
m1-d0-a10-h1024-b1024-r1024-all,native_I_hist_ns,ns,300,26692916.5,48901036.9,53600870.239999995,26021708,57496125
m1-d0-a10-h1024-b1024-r1024-all,native_I_norm_ns,ns,300,29208.5,48341.35,72191.3399999999,23541,105750
m1-d0-a10-h1024-b1024-r1024-all,native_I_rel_ns,ns,300,1155979.0,1202576.4500000002,1501986.7499999998,1123500,2620916
m1-d0-a10-h1024-b1024-r1024-all,native_I_temp_ns,ns,300,20597625.0,21998346.15,25204849.15999999,18729667,29967541
m1-d0-a10-h1024-b1024-r1024-all,proposal_digest_ns,ns,300,42604.0,78631.25,96767.49999999999,38167,173625
m1-d0-a10-h1024-b1024-r1024-all,provenance_check_ns,ns,300,3833.0,6461.05,8209.259999999998,1500,12208
m1-d0-a10-h1024-b1024-r1024-all,receipt_signature_check_ns,ns,300,170270.5,209877.1,239644.15999999986,162334,611166
m1-d0-a10-h1024-b1024-r1024-all,signature_primitive_ns,ns,3600,151333.0,166833.0,177250.41999999998,145291,636458
m1-d0-a10-h1024-b1024-r1024-all,signature_primitive_sum_ns,ns,300,1845124.0,1904019.45,1984857.0099999993,1820083,2377289
m1-d0-a10-h1024-b1024-r1024-all,stage_1_lineage_ns,ns,300,131955750.0,136853704.8,151987517.26,106642000,159433625
m1-d0-a10-h1024-b1024-r1024-all,stage_2_authority_ns,ns,300,240604.5,278073.25,297227.49999999965,204792,763666
m1-d0-a10-h1024-b1024-r1024-all,stage_3_provenance_ns,ns,300,4750.0,5416.0,7417.0,4000,9208
m1-d0-a10-h1024-b1024-r1024-all,stage_4_state_application_ns,ns,300,143139250.0,165022138.95,169698852.75,138826541,182589209
m1-d0-a10-h1024-b1024-r1024-all,stage_5_semantics_ns,ns,300,2149729.0,2258880.6,2373809.489999999,2097625,2819000
m1-d0-a10-h1024-b1024-r1024-all,state_application_ns,ns,300,47272125.0,74070728.55,79050008.41999994,44971958,105803167
m1-d0-a10-h1024-b1024-r1024-all,state_hash_candidate_ns,ns,300,36554187.0,62639629.50000001,68182161.48999996,35233375,79618042
m1-d0-a10-h1024-b1024-r1024-all,state_hash_predecessor_ns,ns,300,36465854.5,62735785.45,76347016.66999996,35344667,110562542
m1-d0-a10-h1024-b1024-r1024-all,total_cct_ns,ns,300,369991395.5,387581349.7,405304672.92,342766291,420664833
m1-d0-a10-h1024-b1024-r1024-all,total_process_cpu_ns,ns,300,369667500.0,383197150.0,394579939.99999994,342762000,405807000
m1-d0-a10-h16-b16-r16-I_bel,authority_check_ns,ns,300,190125.0,196718.45,202752.5,186125,216584
m1-d0-a10-h16-b16-r16-I_bel,core_digest_ns,ns,300,211062.5,219548.2,231861.74999999997,204958,241500
m1-d0-a10-h16-b16-r16-I_bel,effective_I_bel_ns,ns,300,2026750.0,2081933.0,2161986.58,1999000,2241334
m1-d0-a10-h16-b16-r16-I_bel,effective_I_hist_ns,ns,300,351292.0,366296.15,383169.9999999998,343084,410041
m1-d0-a10-h16-b16-r16-I_bel,effective_I_norm_ns,ns,300,25291.5,27208.05,28752.92,23042,32209
m1-d0-a10-h16-b16-r16-I_bel,effective_I_rel_ns,ns,300,19792.0,20963.100000000002,23549.499999999993,18791,25875
m1-d0-a10-h16-b16-r16-I_bel,effective_I_temp_ns,ns,300,6583.0,7383.350000000002,9334.669999999998,5083,9833
m1-d0-a10-h16-b16-r16-I_bel,native_I_bel_ns,ns,300,44875.0,48669.05,51222.999999999985,43375,60166
m1-d0-a10-h16-b16-r16-I_bel,native_I_hist_ns,ns,300,351292.0,366296.15,383169.9999999998,343084,410041
m1-d0-a10-h16-b16-r16-I_bel,native_I_norm_ns,ns,300,25291.5,27208.05,28752.92,23042,32209
m1-d0-a10-h16-b16-r16-I_bel,native_I_rel_ns,ns,300,19792.0,20963.100000000002,23549.499999999993,18791,25875
m1-d0-a10-h16-b16-r16-I_bel,native_I_temp_ns,ns,300,6583.0,7383.350000000002,9334.669999999998,5083,9833
m1-d0-a10-h16-b16-r16-I_bel,proposal_digest_ns,ns,300,40708.0,44004.200000000004,47721.48999999999,37542,50709
m1-d0-a10-h16-b16-r16-I_bel,provenance_check_ns,ns,300,1584.0,2088.100000000001,2583.01,958,2833
m1-d0-a10-h16-b16-r16-I_bel,receipt_signature_check_ns,ns,300,162667.0,171552.4,179468.0,160291,187334
m1-d0-a10-h16-b16-r16-I_bel,signature_primitive_ns,ns,3600,148917.0,158129.14999999997,179918.50999999995,145833,570083
m1-d0-a10-h16-b16-r16-I_bel,signature_primitive_sum_ns,ns,300,1790709.5,1867148.05,1912704.4699999988,1775083,2813334
m1-d0-a10-h16-b16-r16-I_bel,stage_1_lineage_ns,ns,300,2317854.5,2433831.5500000003,2539681.4899999998,2269584,3485792
m1-d0-a10-h16-b16-r16-I_bel,stage_2_authority_ns,ns,300,192562.5,207086.05,243004.58,190041,272667
m1-d0-a10-h16-b16-r16-I_bel,stage_3_provenance_ns,ns,300,2583.5,3673.2000000000016,4838.8299999999945,2333,5750
m1-d0-a10-h16-b16-r16-I_bel,stage_4_state_application_ns,ns,300,2117145.5,2231091.65,2344912.67,2066125,2421708
m1-d0-a10-h16-b16-r16-I_bel,stage_5_semantics_ns,ns,300,2444687.5,2594673.2,2854311.9999999995,2408333,4166042
m1-d0-a10-h16-b16-r16-I_bel,state_application_ns,ns,300,841667.0,879796.15,905832.08,800334,939500
m1-d0-a10-h16-b16-r16-I_bel,state_hash_candidate_ns,ns,300,636124.5,663768.4500000001,680748.58,619666,701542
m1-d0-a10-h16-b16-r16-I_bel,state_hash_predecessor_ns,ns,300,636166.0,668622.6,709542.83,623500,761125
m1-d0-a10-h16-b16-r16-I_bel,total_cct_ns,ns,300,8370958.5,8707412.5,9446923.839999994,8230166,10207041
m1-d0-a10-h16-b16-r16-I_bel,total_process_cpu_ns,ns,300,8369500.0,8683550.0,9387699.999999996,8230000,10104000
m1-d0-a10-h16-b16-r16-all,authority_check_ns,ns,300,190291.0,257702.05000000002,508755.9199999995,185959,703750
m1-d0-a10-h16-b16-r16-all,core_digest_ns,ns,300,211812.5,291798.2,433052.08999999927,205500,538625
m1-d0-a10-h16-b16-r16-all,effective_I_bel_ns,ns,300,410166.5,543724.7000000001,626577.8299999997,400625,1117666
m1-d0-a10-h16-b16-r16-all,effective_I_hist_ns,ns,300,409437.5,518712.20000000007,871448.9199999998,400167,1184333
m1-d0-a10-h16-b16-r16-all,effective_I_norm_ns,ns,300,408083.0,521110.7500000001,1041663.7499999993,397584,1208416
m1-d0-a10-h16-b16-r16-all,effective_I_rel_ns,ns,300,411291.5,538516.0000000001,1073753.3299999994,402541,1194666
m1-d0-a10-h16-b16-r16-all,effective_I_temp_ns,ns,300,413333.5,540962.5000000001,805188.2399999999,402666,1074833
m1-d0-a10-h16-b16-r16-all,native_I_bel_ns,ns,300,44917.0,58425.000000000015,101795.59,42750,115750
m1-d0-a10-h16-b16-r16-all,native_I_hist_ns,ns,300,353562.5,510947.3,658262.4999999984,343834,1076208
m1-d0-a10-h16-b16-r16-all,native_I_norm_ns,ns,300,25583.5,34976.75000000001,43497.31999999996,22958,76459
m1-d0-a10-h16-b16-r16-all,native_I_rel_ns,ns,300,19917.0,31156.250000000007,62929.409999999916,18250,89500
m1-d0-a10-h16-b16-r16-all,native_I_temp_ns,ns,300,6792.0,12173.2,17384.909999999916,5333,28667
m1-d0-a10-h16-b16-r16-all,proposal_digest_ns,ns,300,40312.5,53756.25,72428.83999999991,37833,109792
m1-d0-a10-h16-b16-r16-all,provenance_check_ns,ns,300,1708.0,3668.1000000000004,5422.259999999995,1041,7166
m1-d0-a10-h16-b16-r16-all,receipt_signature_check_ns,ns,300,162645.5,208349.35000000012,321081.7499999988,160208,479542
m1-d0-a10-h16-b16-r16-all,signature_primitive_ns,ns,3600,149917.0,159838.09999999998,182674.07999999984,145250,353292
m1-d0-a10-h16-b16-r16-all,signature_primitive_sum_ns,ns,300,1802499.0,1907514.6500000001,2044753.1799999997,1773834,2336623
m1-d0-a10-h16-b16-r16-all,stage_1_lineage_ns,ns,300,2346938.0,2534881.5500000003,2723919.9099999988,2283792,4434084
m1-d0-a10-h16-b16-r16-all,stage_2_authority_ns,ns,300,194812.5,214480.95,239514.16999999987,190000,348500
m1-d0-a10-h16-b16-r16-all,stage_3_provenance_ns,ns,300,2708.0,4750.0,5958.839999999999,2375,17083
m1-d0-a10-h16-b16-r16-all,stage_4_state_application_ns,ns,300,2142458.0,2316755.95,2576158.6699999995,2077959,26468041
m1-d0-a10-h16-b16-r16-all,stage_5_semantics_ns,ns,300,2066292.0,2231637.2,2553123.7499999995,2024542,2833416
m1-d0-a10-h16-b16-r16-all,state_application_ns,ns,300,853145.5,1157758.6500000001,1701197.3299999982,805667,2377250
m1-d0-a10-h16-b16-r16-all,state_hash_candidate_ns,ns,300,642021.0,828530.9500000001,1341912.5799999996,623875,1611792
m1-d0-a10-h16-b16-r16-all,state_hash_predecessor_ns,ns,300,641292.0,832643.75,1126683.0099999958,624542,1876167
m1-d0-a10-h16-b16-r16-all,total_cct_ns,ns,300,8063708.5,8707474.7,9757695.919999994,7861417,32381750
m1-d0-a10-h16-b16-r16-all,total_process_cpu_ns,ns,300,8064500.0,8637650.0,9570669.999999994,7861000,32385000
m1-d0-a10-h256-b256-r256-all,authority_check_ns,ns,300,192167.0,237297.3,287283.6599999999,184125,446083
m1-d0-a10-h256-b256-r256-all,core_digest_ns,ns,300,217271.0,248693.1,276781.57999999955,205458,704000
m1-d0-a10-h256-b256-r256-all,effective_I_bel_ns,ns,300,415749.5,468647.95,534503.09,400750,966917
m1-d0-a10-h256-b256-r256-all,effective_I_hist_ns,ns,300,416354.0,477123.25,525917.2599999997,402167,1472250
m1-d0-a10-h256-b256-r256-all,effective_I_norm_ns,ns,300,416958.0,474600.35000000003,526022.2499999999,403125,592584
m1-d0-a10-h256-b256-r256-all,effective_I_rel_ns,ns,300,419166.5,474175.3,520632.73999999993,405084,931792
m1-d0-a10-h256-b256-r256-all,effective_I_temp_ns,ns,300,417250.0,480502.1,521871.49999999994,402709,1587334
m1-d0-a10-h256-b256-r256-all,native_I_bel_ns,ns,300,689562.5,728363.9500000001,768255.0,667208,4213708
m1-d0-a10-h256-b256-r256-all,native_I_hist_ns,ns,300,5848604.5,6169731.9,7043187.679999817,5735375,29466458
m1-d0-a10-h256-b256-r256-all,native_I_norm_ns,ns,300,27291.5,38972.600000000006,64300.329999999994,23042,102833
m1-d0-a10-h256-b256-r256-all,native_I_rel_ns,ns,300,290041.0,309377.05,333028.32999999996,281084,665917
m1-d0-a10-h256-b256-r256-all,native_I_temp_ns,ns,300,1062166.5,1138189.9,1215810.3299999998,930833,2179792
m1-d0-a10-h256-b256-r256-all,proposal_digest_ns,ns,300,41583.0,61974.65,70395.40999999997,38083,176417
m1-d0-a10-h256-b256-r256-all,provenance_check_ns,ns,300,2604.5,4752.1,8416.84,959,11917
m1-d0-a10-h256-b256-r256-all,receipt_signature_check_ns,ns,300,167333.5,193014.6,221711.75,162875,321917
m1-d0-a10-h256-b256-r256-all,signature_primitive_ns,ns,3600,150709.0,164417.0,177875.83,146625,516458
m1-d0-a10-h256-b256-r256-all,signature_primitive_sum_ns,ns,300,1821730.0,1902682.7,2212973.1899999995,1787168,2374959
m1-d0-a10-h256-b256-r256-all,stage_1_lineage_ns,ns,300,27472041.5,51584854.5,52568635.5,26778959,55651416
m1-d0-a10-h256-b256-r256-all,stage_2_authority_ns,ns,300,204541.5,260917.30000000002,409850.49999999965,191833,642708
m1-d0-a10-h256-b256-r256-all,stage_3_provenance_ns,ns,300,4292.0,5250.0,7335.5099999999975,2667,9416
m1-d0-a10-h256-b256-r256-all,stage_4_state_application_ns,ns,300,29711792.0,54354528.85,56343404.58,28815666,99273958
m1-d0-a10-h256-b256-r256-all,stage_5_semantics_ns,ns,300,2112021.0,2228485.1,2677283.75,2050208,2894334
m1-d0-a10-h256-b256-r256-all,state_application_ns,ns,300,11586145.5,34773968.1,36828381.91,11168667,38567333
m1-d0-a10-h256-b256-r256-all,state_hash_candidate_ns,ns,300,9007687.5,30638675.000000004,32776641.339999996,8758083,33903417
m1-d0-a10-h256-b256-r256-all,state_hash_predecessor_ns,ns,300,9016000.0,10181058.000000024,33336910.33,8774083,34409125
m1-d0-a10-h256-b256-r256-all,total_cct_ns,ns,300,81076021.0,104242345.5,108864266.57999992,75403125,166924416
m1-d0-a10-h256-b256-r256-all,total_process_cpu_ns,ns,300,80474000.0,103458600.0,107028909.99999994,75403000,147806000
m1-d0-a2-h256-b256-r256-I_bel,authority_check_ns,ns,300,194958.5,225533.35,237830.74999999997,183958,253334
m1-d0-a2-h256-b256-r256-I_bel,core_digest_ns,ns,300,84520.5,110133.35,115517.49999999999,77625,122375
m1-d0-a2-h256-b256-r256-I_bel,effective_I_bel_ns,ns,300,424979.0,468958.05,481626.25,406667,497667
m1-d0-a2-h256-b256-r256-I_bel,effective_I_hist_ns,ns,300,5847458.5,5969335.1,6049343.99,5708250,6084833
m1-d0-a2-h256-b256-r256-I_bel,effective_I_norm_ns,ns,300,27250.0,33516.65,37796.17,23416,42208
m1-d0-a2-h256-b256-r256-I_bel,effective_I_rel_ns,ns,300,289375.0,303865.2,332846.9999999998,280791,372584
m1-d0-a2-h256-b256-r256-I_bel,effective_I_temp_ns,ns,300,1004895.5,1078600.0,1098419.49,903958,1117458
m1-d0-a2-h256-b256-r256-I_bel,native_I_bel_ns,ns,300,690625.0,716335.1,753113.0,672958,764500
m1-d0-a2-h256-b256-r256-I_bel,native_I_hist_ns,ns,300,5847458.5,5969335.1,6049343.99,5708250,6084833
m1-d0-a2-h256-b256-r256-I_bel,native_I_norm_ns,ns,300,27250.0,33516.65,37796.17,23416,42208
m1-d0-a2-h256-b256-r256-I_bel,native_I_rel_ns,ns,300,289375.0,303865.2,332846.9999999998,280791,372584
m1-d0-a2-h256-b256-r256-I_bel,native_I_temp_ns,ns,300,1004895.5,1078600.0,1098419.49,903958,1117458
m1-d0-a2-h256-b256-r256-I_bel,proposal_digest_ns,ns,300,43542.0,55616.350000000006,68126.67,38208,70083
m1-d0-a2-h256-b256-r256-I_bel,provenance_check_ns,ns,300,2312.5,4044.0500000000006,4584.669999999998,1042,7125
m1-d0-a2-h256-b256-r256-I_bel,receipt_signature_check_ns,ns,300,167417.0,192209.80000000002,202006.25,163000,211875
m1-d0-a2-h256-b256-r256-I_bel,signature_primitive_ns,ns,1200,151854.5,164969.4,180980.91999999998,136042,859166
m1-d0-a2-h256-b256-r256-I_bel,signature_primitive_sum_ns,ns,300,614917.5,644027.05,781354.5899999997,594499,1617499
m1-d0-a2-h256-b256-r256-I_bel,stage_1_lineage_ns,ns,300,27292562.5,51918445.85,53333175.91999999,26603625,59674000
m1-d0-a2-h256-b256-r256-I_bel,stage_2_authority_ns,ns,300,201604.0,234667.0,268695.75,192250,482458
m1-d0-a2-h256-b256-r256-I_bel,stage_3_provenance_ns,ns,300,4229.0,5125.0,5750.829999999999,2625,5958
m1-d0-a2-h256-b256-r256-I_bel,stage_4_state_application_ns,ns,300,29586249.5,55074217.300000004,56051421.66,28945417,62253459
m1-d0-a2-h256-b256-r256-I_bel,stage_5_semantics_ns,ns,300,7657604.0,7880320.85,8072586.489999999,7427917,22876875
m1-d0-a2-h256-b256-r256-I_bel,state_application_ns,ns,300,11549666.5,35640527.1,36909785.66,11188791,38155125
m1-d0-a2-h256-b256-r256-I_bel,state_hash_candidate_ns,ns,300,8985646.0,9299229.15,33309910.33,8764459,35058250
m1-d0-a2-h256-b256-r256-I_bel,state_hash_predecessor_ns,ns,300,8984604.5,9274111.05,33941259.08,8789709,34526709
m1-d0-a2-h256-b256-r256-I_bel,total_cct_ns,ns,300,83369104.0,108744551.75,110041966.99,81034083,173127250
m1-d0-a2-h256-b256-r256-I_bel,total_process_cpu_ns,ns,300,83341000.0,108662200.0,110041780.0,81034000,125442000
m1-d0-a2-h256-b256-r256-I_hist,authority_check_ns,ns,300,194500.0,236438.95,290290.5899999991,186125,682541
m1-d0-a2-h256-b256-r256-I_hist,core_digest_ns,ns,300,85083.5,112627.1,171427.4099999999,76375,456333
m1-d0-a2-h256-b256-r256-I_hist,effective_I_bel_ns,ns,300,689437.5,723462.8,790595.5899999955,670833,1636625
m1-d0-a2-h256-b256-r256-I_hist,effective_I_hist_ns,ns,300,427417.0,471274.65,578275.8299999997,407291,1567375
m1-d0-a2-h256-b256-r256-I_hist,effective_I_norm_ns,ns,300,27438.0,33900.00000000001,53464.33999999995,23875,136292
m1-d0-a2-h256-b256-r256-I_hist,effective_I_rel_ns,ns,300,288958.5,314144.35000000003,442905.40999999864,279500,829083
m1-d0-a2-h256-b256-r256-I_hist,effective_I_temp_ns,ns,300,1048875.0,1133658.95,1185565.3299999994,921208,3210625
m1-d0-a2-h256-b256-r256-I_hist,native_I_bel_ns,ns,300,689437.5,723462.8,790595.5899999955,670833,1636625
m1-d0-a2-h256-b256-r256-I_hist,native_I_hist_ns,ns,300,5851083.0,6021155.95,7137085.739999947,5735083,29548542
m1-d0-a2-h256-b256-r256-I_hist,native_I_norm_ns,ns,300,27438.0,33900.00000000001,53464.33999999995,23875,136292
m1-d0-a2-h256-b256-r256-I_hist,native_I_rel_ns,ns,300,288958.5,314144.35000000003,442905.40999999864,279500,829083
m1-d0-a2-h256-b256-r256-I_hist,native_I_temp_ns,ns,300,1048875.0,1133658.95,1185565.3299999994,921208,3210625
m1-d0-a2-h256-b256-r256-I_hist,proposal_digest_ns,ns,300,43854.0,65112.50000000003,71337.17,38125,108958
m1-d0-a2-h256-b256-r256-I_hist,provenance_check_ns,ns,300,2395.5,4463.150000000001,6548.089999999994,1167,13916
m1-d0-a2-h256-b256-r256-I_hist,receipt_signature_check_ns,ns,300,168000.0,194033.30000000002,236001.25,162875,453000
m1-d0-a2-h256-b256-r256-I_hist,signature_primitive_ns,ns,1200,152437.5,163669.05,173502.91999999998,147791,240084
m1-d0-a2-h256-b256-r256-I_hist,signature_primitive_sum_ns,ns,300,615458.0,642736.05,662965.08,597583,705334
m1-d0-a2-h256-b256-r256-I_hist,stage_1_lineage_ns,ns,300,27328542.0,51083518.75,52150302.41,26794583,53140833
m1-d0-a2-h256-b256-r256-I_hist,stage_2_authority_ns,ns,300,200396.0,221943.75000000003,239856.15999999995,191125,264792
m1-d0-a2-h256-b256-r256-I_hist,stage_3_provenance_ns,ns,300,4145.5,4960.1,5500.0,2625,6375
m1-d0-a2-h256-b256-r256-I_hist,stage_4_state_application_ns,ns,300,29686854.0,54319875.65,56635056.75999994,29033583,75900167
m1-d0-a2-h256-b256-r256-I_hist,stage_5_semantics_ns,ns,300,2525896.0,2639175.35,2714212.41,2360458,2784333
m1-d0-a2-h256-b256-r256-I_hist,state_application_ns,ns,300,11537729.0,35425835.45,36683982.42,11249625,36998166
m1-d0-a2-h256-b256-r256-I_hist,state_hash_candidate_ns,ns,300,8985250.0,10704322.600000007,33531397.499999996,8765250,33894208
m1-d0-a2-h256-b256-r256-I_hist,state_hash_predecessor_ns,ns,300,8996354.5,13332368.750000024,33301378.58,8739917,34054875
m1-d0-a2-h256-b256-r256-I_hist,total_cct_ns,ns,300,78489854.0,102902119.05,115116928.57999995,76305084,124053584
m1-d0-a2-h256-b256-r256-I_hist,total_process_cpu_ns,ns,300,78404000.0,102878100.0,114889139.99999997,76298000,121516000
m1-d0-a2-h256-b256-r256-I_norm,authority_check_ns,ns,300,193875.0,231031.25,253361.00999999983,185375,571041
m1-d0-a2-h256-b256-r256-I_norm,core_digest_ns,ns,300,84312.5,112421.15,121506.25,77250,381458
m1-d0-a2-h256-b256-r256-I_norm,effective_I_bel_ns,ns,300,690145.5,714775.35,753597.32,675917,1590042
m1-d0-a2-h256-b256-r256-I_norm,effective_I_hist_ns,ns,300,5852375.5,6029510.4,25358127.919999987,5704583,29093417
m1-d0-a2-h256-b256-r256-I_norm,effective_I_norm_ns,ns,300,426500.0,474617.3,513645.08999999997,406917,1183417
m1-d0-a2-h256-b256-r256-I_norm,effective_I_rel_ns,ns,300,290437.5,305558.65,319684.4899999999,283042,510500
m1-d0-a2-h256-b256-r256-I_norm,effective_I_temp_ns,ns,300,1023125.0,1100610.4000000001,1135901.25,935292,3073416
m1-d0-a2-h256-b256-r256-I_norm,native_I_bel_ns,ns,300,690145.5,714775.35,753597.32,675917,1590042
m1-d0-a2-h256-b256-r256-I_norm,native_I_hist_ns,ns,300,5852375.5,6029510.4,25358127.919999987,5704583,29093417
m1-d0-a2-h256-b256-r256-I_norm,native_I_norm_ns,ns,300,27417.0,34210.1,39462.579999999994,23583,54125
m1-d0-a2-h256-b256-r256-I_norm,native_I_rel_ns,ns,300,290437.5,305558.65,319684.4899999999,283042,510500
m1-d0-a2-h256-b256-r256-I_norm,native_I_temp_ns,ns,300,1023125.0,1100610.4000000001,1135901.25,935292,3073416
m1-d0-a2-h256-b256-r256-I_norm,proposal_digest_ns,ns,300,43583.5,57904.15000000001,72673.92,37958,105917
m1-d0-a2-h256-b256-r256-I_norm,provenance_check_ns,ns,300,2375.0,4129.150000000001,5423.089999999994,1041,8500
m1-d0-a2-h256-b256-r256-I_norm,receipt_signature_check_ns,ns,300,168125.0,192880.95,209734.74999999994,162417,543250
m1-d0-a2-h256-b256-r256-I_norm,signature_primitive_ns,ns,1200,152417.0,166385.4,203490.08999999997,143834,1187500
m1-d0-a2-h256-b256-r256-I_norm,signature_primitive_sum_ns,ns,300,615125.0,665387.8,1190444.8199999998,597375,1683250
m1-d0-a2-h256-b256-r256-I_norm,stage_1_lineage_ns,ns,300,27336562.5,50963627.050000004,52482072.089999996,26632708,53330333
m1-d0-a2-h256-b256-r256-I_norm,stage_2_authority_ns,ns,300,202000.0,240730.9,285644.58999999985,191875,1642334
m1-d0-a2-h256-b256-r256-I_norm,stage_3_provenance_ns,ns,300,4167.0,5000.0,6255.8299999999945,2708,17959
m1-d0-a2-h256-b256-r256-I_norm,stage_4_state_application_ns,ns,300,29622729.0,54705297.6,56034226.24999992,28902208,77841458
m1-d0-a2-h256-b256-r256-I_norm,stage_5_semantics_ns,ns,300,8340166.5,8758312.8,16052346.249999981,8095625,31571791
m1-d0-a2-h256-b256-r256-I_norm,state_application_ns,ns,300,11537167.0,32785701.750000004,36454651.33,11222292,37406792
m1-d0-a2-h256-b256-r256-I_norm,state_hash_candidate_ns,ns,300,8997271.0,30892531.900000013,34277807.92,8784417,34793375
m1-d0-a2-h256-b256-r256-I_norm,state_hash_predecessor_ns,ns,300,8989562.5,9370442.000000002,32720392.09,8748292,35214958
m1-d0-a2-h256-b256-r256-I_norm,total_cct_ns,ns,300,84529167.0,109480728.55,118569647.91999999,81590542,131489041
m1-d0-a2-h256-b256-r256-I_norm,total_process_cpu_ns,ns,300,84394000.0,109435350.0,116125850.0,81592000,129727000
m1-d0-a2-h256-b256-r256-I_rel,authority_check_ns,ns,300,195083.0,236154.50000000003,262493.16,185541,271375
m1-d0-a2-h256-b256-r256-I_rel,core_digest_ns,ns,300,84833.5,110552.40000000001,118433.91999999998,76042,143292
m1-d0-a2-h256-b256-r256-I_rel,effective_I_bel_ns,ns,300,688145.5,716656.6,739958.83,671833,751833
m1-d0-a2-h256-b256-r256-I_rel,effective_I_hist_ns,ns,300,5837812.5,6061756.25,6887630.749999816,5705541,29708875
m1-d0-a2-h256-b256-r256-I_rel,effective_I_norm_ns,ns,300,27479.0,36225.65,42044.08,23416,46709
m1-d0-a2-h256-b256-r256-I_rel,effective_I_rel_ns,ns,300,427167.0,478906.25,521568.66,406625,547042
m1-d0-a2-h256-b256-r256-I_rel,effective_I_temp_ns,ns,300,1059291.5,1139321.15,1177157.67,932750,1283541
m1-d0-a2-h256-b256-r256-I_rel,native_I_bel_ns,ns,300,688145.5,716656.6,739958.83,671833,751833
m1-d0-a2-h256-b256-r256-I_rel,native_I_hist_ns,ns,300,5837812.5,6061756.25,6887630.749999816,5705541,29708875
m1-d0-a2-h256-b256-r256-I_rel,native_I_norm_ns,ns,300,27479.0,36225.65,42044.08,23416,46709
m1-d0-a2-h256-b256-r256-I_rel,native_I_rel_ns,ns,300,289708.5,305292.0,312300.74,281083,336459
m1-d0-a2-h256-b256-r256-I_rel,native_I_temp_ns,ns,300,1059291.5,1139321.15,1177157.67,932750,1283541
m1-d0-a2-h256-b256-r256-I_rel,proposal_digest_ns,ns,300,43875.0,60372.25000000002,70096.07999999999,38291,78583
m1-d0-a2-h256-b256-r256-I_rel,provenance_check_ns,ns,300,2583.0,5048.250000000002,6417.42,1042,12667
m1-d0-a2-h256-b256-r256-I_rel,receipt_signature_check_ns,ns,300,167500.0,195714.90000000002,217682.08999999994,162375,262500
m1-d0-a2-h256-b256-r256-I_rel,signature_primitive_ns,ns,1200,151958.0,167088.15,178046.99,148000,444500
m1-d0-a2-h256-b256-r256-I_rel,signature_primitive_sum_ns,ns,300,614917.0,651106.6,674298.25,596666,938334
m1-d0-a2-h256-b256-r256-I_rel,stage_1_lineage_ns,ns,300,27298416.5,50911323.25,53153595.82999999,26582500,60091541
m1-d0-a2-h256-b256-r256-I_rel,stage_2_authority_ns,ns,300,200979.0,246387.5,277106.57999999996,192459,343916
m1-d0-a2-h256-b256-r256-I_rel,stage_3_provenance_ns,ns,300,4209.0,5336.05,6083.42,2667,11417
m1-d0-a2-h256-b256-r256-I_rel,stage_4_state_application_ns,ns,300,29635687.5,54672960.1,59717262.5,28853500,85510792
m1-d0-a2-h256-b256-r256-I_rel,stage_5_semantics_ns,ns,300,8104916.5,8412591.35,8809085.919999998,7850334,13407208
m1-d0-a2-h256-b256-r256-I_rel,state_application_ns,ns,300,11532812.5,35535313.95,37170829.15999999,11180125,53989083
m1-d0-a2-h256-b256-r256-I_rel,state_hash_candidate_ns,ns,300,8986791.5,9324135.45,34073227.739999995,8771291,35639625
m1-d0-a2-h256-b256-r256-I_rel,state_hash_predecessor_ns,ns,300,8988396.0,9284830.65,33258682.919999994,8736083,35876958
m1-d0-a2-h256-b256-r256-I_rel,total_cct_ns,ns,300,84029687.5,108945217.3,121516320.91999997,81383291,159328875
m1-d0-a2-h256-b256-r256-I_rel,total_process_cpu_ns,ns,300,83953500.0,108891800.0,115480769.99999997,81336000,149668000
m1-d0-a2-h256-b256-r256-I_temp,authority_check_ns,ns,300,195208.5,234995.5,286625.8299999992,185916,656291
m1-d0-a2-h256-b256-r256-I_temp,core_digest_ns,ns,300,85124.5,111643.75,119243.00999999997,77292,222334
m1-d0-a2-h256-b256-r256-I_temp,effective_I_bel_ns,ns,300,691250.0,716760.1,856323.2399999994,675166,2179417
m1-d0-a2-h256-b256-r256-I_temp,effective_I_hist_ns,ns,300,5839708.5,6031064.6,11332777.49999985,5715791,28351708
m1-d0-a2-h256-b256-r256-I_temp,effective_I_norm_ns,ns,300,27542.0,34847.600000000006,41691.57999999998,23041,106125
m1-d0-a2-h256-b256-r256-I_temp,effective_I_rel_ns,ns,300,289187.5,301092.3,335135.8299999999,280042,726709
m1-d0-a2-h256-b256-r256-I_temp,effective_I_temp_ns,ns,300,426375.0,471681.25,497069.9999999998,405708,528542
m1-d0-a2-h256-b256-r256-I_temp,native_I_bel_ns,ns,300,691250.0,716760.1,856323.2399999994,675166,2179417
m1-d0-a2-h256-b256-r256-I_temp,native_I_hist_ns,ns,300,5839708.5,6031064.6,11332777.49999985,5715791,28351708
m1-d0-a2-h256-b256-r256-I_temp,native_I_norm_ns,ns,300,27542.0,34847.600000000006,41691.57999999998,23041,106125
m1-d0-a2-h256-b256-r256-I_temp,native_I_rel_ns,ns,300,289187.5,301092.3,335135.8299999999,280042,726709
m1-d0-a2-h256-b256-r256-I_temp,native_I_temp_ns,ns,300,1048000.0,1131417.3,1293308.3399999957,909125,3243667
m1-d0-a2-h256-b256-r256-I_temp,proposal_digest_ns,ns,300,43458.0,66397.90000000001,76719.49999999996,38791,266208
m1-d0-a2-h256-b256-r256-I_temp,provenance_check_ns,ns,300,2479.5,4254.200000000001,6297.679999999994,1000,7708
m1-d0-a2-h256-b256-r256-I_temp,receipt_signature_check_ns,ns,300,169500.0,196733.65000000002,204967.58,163917,233000
m1-d0-a2-h256-b256-r256-I_temp,signature_primitive_ns,ns,1200,152000.0,165710.1,177044.34,147292,478875
m1-d0-a2-h256-b256-r256-I_temp,signature_primitive_sum_ns,ns,300,613271.0,647883.3,714454.2599999995,596667,1215459
m1-d0-a2-h256-b256-r256-I_temp,stage_1_lineage_ns,ns,300,27326937.0,52148600.3,52971975.41999999,26514750,72301458
m1-d0-a2-h256-b256-r256-I_temp,stage_2_authority_ns,ns,300,203021.0,243198.2,263408.8399999999,191708,290375
m1-d0-a2-h256-b256-r256-I_temp,stage_3_provenance_ns,ns,300,4250.0,5083.05,5791.839999999999,2666,8583
m1-d0-a2-h256-b256-r256-I_temp,stage_4_state_application_ns,ns,300,29578000.0,54266377.4,55511262.07999999,28800125,60778667
m1-d0-a2-h256-b256-r256-I_temp,stage_5_semantics_ns,ns,300,7334604.0,7653113.150000002,8696612.909999894,7148542,30897000
m1-d0-a2-h256-b256-r256-I_temp,state_application_ns,ns,300,11576958.0,34042079.2,36828384.67,11191667,37909541
m1-d0-a2-h256-b256-r256-I_temp,state_hash_candidate_ns,ns,300,9001229.0,9985255.650000043,33616117.92,8743458,51714167
m1-d0-a2-h256-b256-r256-I_temp,state_hash_predecessor_ns,ns,300,9004875.5,9701105.900000002,33723725.5,8760042,34383417
m1-d0-a2-h256-b256-r256-I_temp,total_cct_ns,ns,300,83407229.0,108062133.95,112823988.24999985,80216417,148656042
m1-d0-a2-h256-b256-r256-I_temp,total_process_cpu_ns,ns,300,83297500.0,108034000.0,111332259.99999988,80217000,133103000
m1-d0-a3-h16-b16-r16-I_bel,authority_check_ns,ns,300,190417.0,199344.35,243316.99999999633,173833,716334
m1-d0-a3-h16-b16-r16-I_bel,core_digest_ns,ns,300,97500.0,103415.20000000001,145063.74999999936,89416,384625
m1-d0-a3-h16-b16-r16-I_bel,effective_I_bel_ns,ns,300,615021.0,637712.2000000001,694262.74,602917,1992042
m1-d0-a3-h16-b16-r16-I_bel,effective_I_hist_ns,ns,300,351729.5,364769.05000000005,619809.9099999975,337208,1635750
m1-d0-a3-h16-b16-r16-I_bel,effective_I_norm_ns,ns,300,25417.0,27260.4,53084.07999999985,22958,98917
m1-d0-a3-h16-b16-r16-I_bel,effective_I_rel_ns,ns,300,19708.0,20711.05,29719.25999999999,18375,70791
m1-d0-a3-h16-b16-r16-I_bel,effective_I_temp_ns,ns,300,6542.0,7379.150000000001,12623.159999999963,4875,198458
m1-d0-a3-h16-b16-r16-I_bel,native_I_bel_ns,ns,300,44833.0,48416.05,58566.83999999952,41292,115833
m1-d0-a3-h16-b16-r16-I_bel,native_I_hist_ns,ns,300,351729.5,364769.05000000005,619809.9099999975,337208,1635750
m1-d0-a3-h16-b16-r16-I_bel,native_I_norm_ns,ns,300,25417.0,27260.4,53084.07999999985,22958,98917
m1-d0-a3-h16-b16-r16-I_bel,native_I_rel_ns,ns,300,19708.0,20711.05,29719.25999999999,18375,70791
m1-d0-a3-h16-b16-r16-I_bel,native_I_temp_ns,ns,300,6542.0,7379.150000000001,12623.159999999963,4875,198458
m1-d0-a3-h16-b16-r16-I_bel,proposal_digest_ns,ns,300,40875.0,43561.850000000006,48455.40999999992,35125,233750
m1-d0-a3-h16-b16-r16-I_bel,provenance_check_ns,ns,300,1625.0,2043.1500000000005,8100.499999999984,917,12542
m1-d0-a3-h16-b16-r16-I_bel,receipt_signature_check_ns,ns,300,162667.0,171443.1,186168.33999999997,157375,577583
m1-d0-a3-h16-b16-r16-I_bel,signature_primitive_ns,ns,1500,148979.5,156879.19999999998,168879.58,138333,600625
m1-d0-a3-h16-b16-r16-I_bel,signature_primitive_sum_ns,ns,300,745479.5,769905.2000000001,812126.8299999955,733041,1536374
m1-d0-a3-h16-b16-r16-I_bel,stage_1_lineage_ns,ns,300,2211875.0,2270460.4,2382296.67,2180209,6753791
m1-d0-a3-h16-b16-r16-I_bel,stage_2_authority_ns,ns,300,192479.0,202133.3,217004.58999999976,185667,828292
m1-d0-a3-h16-b16-r16-I_bel,stage_3_provenance_ns,ns,300,2542.0,3209.0,5239.669999999971,2250,12584
m1-d0-a3-h16-b16-r16-I_bel,stage_4_state_application_ns,ns,300,2123271.0,2182475.3,2238689.4899999974,2082000,7480791
m1-d0-a3-h16-b16-r16-I_bel,stage_5_semantics_ns,ns,300,1029583.5,1059848.55,1160794.3399999994,1016291,3008500
m1-d0-a3-h16-b16-r16-I_bel,state_application_ns,ns,300,844354.0,876875.6,1931140.499999997,795375,3116042
m1-d0-a3-h16-b16-r16-I_bel,state_hash_candidate_ns,ns,300,638020.5,668433.65,1453823.3299999984,618083,1710542
m1-d0-a3-h16-b16-r16-I_bel,state_hash_predecessor_ns,ns,300,637875.0,680863.9500000001,1664392.499999997,615084,2288375
m1-d0-a3-h16-b16-r16-I_bel,total_cct_ns,ns,300,6855187.5,7023182.7,7303571.579999961,6759500,16555791
m1-d0-a3-h16-b16-r16-I_bel,total_process_cpu_ns,ns,300,6855500.0,7020050.0,7217589.99999996,6761000,14617000
m1-d0-a32-h16-b16-r16-I_bel,authority_check_ns,ns,300,191250.0,206064.6,233590.91999999987,186167,648375
m1-d0-a32-h16-b16-r16-I_bel,core_digest_ns,ns,300,566875.0,600309.75,620723.6599999999,552708,1088250
m1-d0-a32-h16-b16-r16-I_bel,effective_I_bel_ns,ns,300,6474750.0,7025947.600000001,7468711.25,6403042,7699416
m1-d0-a32-h16-b16-r16-I_bel,effective_I_hist_ns,ns,300,353062.5,376756.25,443215.4199999999,342375,508375
m1-d0-a32-h16-b16-r16-I_bel,effective_I_norm_ns,ns,300,25667.0,30056.550000000003,39609.33999999994,23125,76667
m1-d0-a32-h16-b16-r16-I_bel,effective_I_rel_ns,ns,300,19958.0,24430.650000000005,30544.909999999996,18541,69417
m1-d0-a32-h16-b16-r16-I_bel,effective_I_temp_ns,ns,300,6709.0,10715.250000000002,12224.669999999986,5166,43541
m1-d0-a32-h16-b16-r16-I_bel,native_I_bel_ns,ns,300,45145.5,49049.35,52522.91999999998,43000,82291
m1-d0-a32-h16-b16-r16-I_bel,native_I_hist_ns,ns,300,353062.5,376756.25,443215.4199999999,342375,508375
m1-d0-a32-h16-b16-r16-I_bel,native_I_norm_ns,ns,300,25667.0,30056.550000000003,39609.33999999994,23125,76667
m1-d0-a32-h16-b16-r16-I_bel,native_I_rel_ns,ns,300,19958.0,24430.650000000005,30544.909999999996,18541,69417
m1-d0-a32-h16-b16-r16-I_bel,native_I_temp_ns,ns,300,6709.0,10715.250000000002,12224.669999999986,5166,43541
m1-d0-a32-h16-b16-r16-I_bel,proposal_digest_ns,ns,300,41166.0,45297.95000000001,50726.159999999945,37750,100250
m1-d0-a32-h16-b16-r16-I_bel,provenance_check_ns,ns,300,1709.0,3383.3500000000017,4752.919999999997,959,5708
m1-d0-a32-h16-b16-r16-I_bel,receipt_signature_check_ns,ns,300,162958.5,177085.1,199544.57999999984,160000,306000
m1-d0-a32-h16-b16-r16-I_bel,signature_primitive_ns,ns,10200,148750.0,156460.09999999998,170541.84000000003,145084,966209
m1-d0-a32-h16-b16-r16-I_bel,signature_primitive_sum_ns,ns,300,5070210.0,5212495.65,5437549.089999999,5025252,14906084
m1-d0-a32-h16-b16-r16-I_bel,stage_1_lineage_ns,ns,300,2685750.5,2783839.25,3159199.34,2632500,5045667
m1-d0-a32-h16-b16-r16-I_bel,stage_2_authority_ns,ns,300,193375.0,206137.5,228124.24999999997,190291,656375
m1-d0-a32-h16-b16-r16-I_bel,stage_3_provenance_ns,ns,300,2666.0,4041.05,4584.249999999999,2375,9584
m1-d0-a32-h16-b16-r16-I_bel,stage_4_state_application_ns,ns,300,2116104.0,2189161.85,2495862.0799999977,2068167,8561208
m1-d0-a32-h16-b16-r16-I_bel,stage_5_semantics_ns,ns,300,6894146.0,7241959.800000002,7707959.169999999,6804666,20912167
m1-d0-a32-h16-b16-r16-I_bel,state_application_ns,ns,300,843291.5,917584.8,1019691.1599999978,801541,1300459
m1-d0-a32-h16-b16-r16-I_bel,state_hash_candidate_ns,ns,300,641521.0,700926.45,728779.9999999997,621334,799583
m1-d0-a32-h16-b16-r16-I_bel,state_hash_predecessor_ns,ns,300,640833.5,696300.0,774558.0099999998,619834,1115958
m1-d0-a32-h16-b16-r16-I_bel,total_cct_ns,ns,300,13223708.5,13887722.95,14605752.739999998,13030584,35726250
m1-d0-a32-h16-b16-r16-I_bel,total_process_cpu_ns,ns,300,13224000.0,13775600.0,14535229.999999998,13031000,32750000
m1-d0-a5-h16-b16-r16-I_bel,authority_check_ns,ns,300,190625.0,197175.35,207696.98999999996,186333,219750
m1-d0-a5-h16-b16-r16-I_bel,core_digest_ns,ns,300,130479.5,138879.2,148045.33,117542,151541
m1-d0-a5-h16-b16-r16-I_bel,effective_I_bel_ns,ns,300,1020958.5,1049550.35,1082574.08,996791,1133959
m1-d0-a5-h16-b16-r16-I_bel,effective_I_hist_ns,ns,300,352334.0,362960.1,372760.0,334542,391750
m1-d0-a5-h16-b16-r16-I_bel,effective_I_norm_ns,ns,300,25458.0,27292.0,31500.42,22959,32916
m1-d0-a5-h16-b16-r16-I_bel,effective_I_rel_ns,ns,300,19708.0,20631.25,22679.079999999987,18541,29959
m1-d0-a5-h16-b16-r16-I_bel,effective_I_temp_ns,ns,300,6584.0,7169.05,8001.249999999999,4833,11250
m1-d0-a5-h16-b16-r16-I_bel,native_I_bel_ns,ns,300,44792.0,46889.600000000006,51476.499999999985,42834,59625
m1-d0-a5-h16-b16-r16-I_bel,native_I_hist_ns,ns,300,352334.0,362960.1,372760.0,334542,391750
m1-d0-a5-h16-b16-r16-I_bel,native_I_norm_ns,ns,300,25458.0,27292.0,31500.42,22959,32916
m1-d0-a5-h16-b16-r16-I_bel,native_I_rel_ns,ns,300,19708.0,20631.25,22679.079999999987,18541,29959
m1-d0-a5-h16-b16-r16-I_bel,native_I_temp_ns,ns,300,6584.0,7169.05,8001.249999999999,4833,11250
m1-d0-a5-h16-b16-r16-I_bel,proposal_digest_ns,ns,300,40958.0,43875.0,47292.83,36916,65958
m1-d0-a5-h16-b16-r16-I_bel,provenance_check_ns,ns,300,1584.0,1877.0500000000004,2210.0899999999983,958,2625
m1-d0-a5-h16-b16-r16-I_bel,receipt_signature_check_ns,ns,300,163250.0,170212.2,175099.40999999997,154667,204709
m1-d0-a5-h16-b16-r16-I_bel,signature_primitive_ns,ns,2100,149167.0,156129.15,163251.66999999995,136292,439666
m1-d0-a5-h16-b16-r16-I_bel,signature_primitive_sum_ns,ns,300,1046187.0,1067587.2,1105709.639999998,1033417,1657331
m1-d0-a5-h16-b16-r16-I_bel,stage_1_lineage_ns,ns,300,2245895.5,2312985.45,2390351.3399999915,2208959,5915083
m1-d0-a5-h16-b16-r16-I_bel,stage_2_authority_ns,ns,300,192334.0,201508.35,218880.5899999999,190500,596458
m1-d0-a5-h16-b16-r16-I_bel,stage_3_provenance_ns,ns,300,2542.0,3291.0,3759.589999999991,2375,9417
m1-d0-a5-h16-b16-r16-I_bel,stage_4_state_application_ns,ns,300,2124166.5,2191608.0,2265829.5,2089417,4800125
m1-d0-a5-h16-b16-r16-I_bel,stage_5_semantics_ns,ns,300,1438771.0,1484271.1500000001,1549932.83,1419042,1560542
m1-d0-a5-h16-b16-r16-I_bel,state_application_ns,ns,300,844812.5,868629.15,887132.1699999998,783792,919417
m1-d0-a5-h16-b16-r16-I_bel,state_hash_candidate_ns,ns,300,637854.5,666516.65,697127.4999999999,617292,730375
m1-d0-a5-h16-b16-r16-I_bel,state_hash_predecessor_ns,ns,300,638250.0,664466.65,679162.59,599375,734792
m1-d0-a5-h16-b16-r16-I_bel,total_cct_ns,ns,300,7299917.0,7460999.7,7565101.5799999675,7203625,14787917
m1-d0-a5-h16-b16-r16-I_bel,total_process_cpu_ns,ns,300,7301000.0,7452000.0,7556649.999999968,7204000,14101000
m1-d16-a0-h16-b16-r16-native,authority_check_ns,ns,300,358167.0,406736.05,533592.9099999998,349625,685625
m1-d16-a0-h16-b16-r16-native,core_digest_ns,ns,300,198958.0,213844.05000000002,497829.1699999996,191916,672875
m1-d16-a0-h16-b16-r16-native,effective_I_bel_ns,ns,300,45209.0,50471.450000000004,55901.159999999785,41625,109458
m1-d16-a0-h16-b16-r16-native,effective_I_hist_ns,ns,300,351250.0,379087.15,734015.8399999988,335750,915291
m1-d16-a0-h16-b16-r16-native,effective_I_norm_ns,ns,300,25292.0,30212.2,80485.4099999999,22958,117500
m1-d16-a0-h16-b16-r16-native,effective_I_rel_ns,ns,300,19834.0,23335.100000000002,29761.75999999995,18667,68125
m1-d16-a0-h16-b16-r16-native,effective_I_temp_ns,ns,300,6583.5,9044.050000000001,16886.65999999999,4958,28291
m1-d16-a0-h16-b16-r16-native,native_I_bel_ns,ns,300,45209.0,50471.450000000004,55901.159999999785,41625,109458
m1-d16-a0-h16-b16-r16-native,native_I_hist_ns,ns,300,351250.0,379087.15,734015.8399999988,335750,915291
m1-d16-a0-h16-b16-r16-native,native_I_norm_ns,ns,300,25292.0,30212.2,80485.4099999999,22958,117500
m1-d16-a0-h16-b16-r16-native,native_I_rel_ns,ns,300,19834.0,23335.100000000002,29761.75999999995,18667,68125
m1-d16-a0-h16-b16-r16-native,native_I_temp_ns,ns,300,6583.5,9044.050000000001,16886.65999999999,4958,28291
m1-d16-a0-h16-b16-r16-native,proposal_digest_ns,ns,300,194916.5,211880.95,471863.7499999999,186750,575042
m1-d16-a0-h16-b16-r16-native,provenance_check_ns,ns,300,75500.0,86255.95000000001,152173.91999999998,71667,302250
m1-d16-a0-h16-b16-r16-native,receipt_signature_check_ns,ns,300,163458.0,184614.25,245837.58999999886,159333,437958
m1-d16-a0-h16-b16-r16-native,signature_primitive_ns,ns,600,150458.0,158125.0,170218.41999999998,146875,454375
m1-d16-a0-h16-b16-r16-native,signature_primitive_sum_ns,ns,300,298958.5,309507.35,332415.0799999998,297250,892291
m1-d16-a0-h16-b16-r16-native,stage_1_lineage_ns,ns,300,2473083.0,2555726.45,2609144.9199999995,2431625,7205459
m1-d16-a0-h16-b16-r16-native,stage_2_authority_ns,ns,300,359083.0,376596.45,401613.5099999997,347666,1064250
m1-d16-a0-h16-b16-r16-native,stage_3_provenance_ns,ns,300,75729.5,81115.25,85968.84,70958,214833
m1-d16-a0-h16-b16-r16-native,stage_4_state_application_ns,ns,300,2127333.5,2193433.3,2793673.659999987,2083167,26367792
m1-d16-a0-h16-b16-r16-native,stage_5_semantics_ns,ns,300,453916.5,470847.6,502838.3399999999,438333,1330625
m1-d16-a0-h16-b16-r16-native,state_application_ns,ns,300,844187.0,955918.1000000001,1515036.2499999967,803875,2145708
m1-d16-a0-h16-b16-r16-native,state_hash_candidate_ns,ns,300,638187.0,689062.15,854972.6799999987,622125,1503417
m1-d16-a0-h16-b16-r16-native,state_hash_predecessor_ns,ns,300,637938.0,693550.0,1145271.7499999995,598291,1906083
m1-d16-a0-h16-b16-r16-native,total_cct_ns,ns,300,6789249.5,6952970.2,7724658.3299999805,6675375,31046458
m1-d16-a0-h16-b16-r16-native,total_process_cpu_ns,ns,300,6789000.0,6941600.0,7589039.99999998,6676000,31037000
m1-d16-a1-h16-b16-r16-I_bel,authority_check_ns,ns,300,357666.0,370047.9,383727.74,349250,391792
m1-d16-a1-h16-b16-r16-I_bel,core_digest_ns,ns,300,217562.5,227180.6,236933.24999999988,210917,258125
m1-d16-a1-h16-b16-r16-I_bel,effective_I_bel_ns,ns,300,362979.5,378998.55,404254.3399999999,354750,419958
m1-d16-a1-h16-b16-r16-I_bel,effective_I_hist_ns,ns,300,351167.0,363672.3,385863.16,342500,406583
m1-d16-a1-h16-b16-r16-I_bel,effective_I_norm_ns,ns,300,25417.0,26835.100000000002,30961.759999999995,23792,37125
m1-d16-a1-h16-b16-r16-I_bel,effective_I_rel_ns,ns,300,19750.0,21375.0,25044.759999999995,18666,27083
m1-d16-a1-h16-b16-r16-I_bel,effective_I_temp_ns,ns,300,6541.5,7211.05,7960.659999999998,5584,8667
m1-d16-a1-h16-b16-r16-I_bel,native_I_bel_ns,ns,300,45250.0,48050.3,51857.589999999975,43667,57709
m1-d16-a1-h16-b16-r16-I_bel,native_I_hist_ns,ns,300,351167.0,363672.3,385863.16,342500,406583
m1-d16-a1-h16-b16-r16-I_bel,native_I_norm_ns,ns,300,25417.0,26835.100000000002,30961.759999999995,23792,37125
m1-d16-a1-h16-b16-r16-I_bel,native_I_rel_ns,ns,300,19750.0,21375.0,25044.759999999995,18666,27083
m1-d16-a1-h16-b16-r16-I_bel,native_I_temp_ns,ns,300,6541.5,7211.05,7960.659999999998,5584,8667
m1-d16-a1-h16-b16-r16-I_bel,proposal_digest_ns,ns,300,194709.0,202533.30000000002,225172.49999999997,188167,233875
m1-d16-a1-h16-b16-r16-I_bel,provenance_check_ns,ns,300,75209.0,79516.65000000001,83501.25,72083,84875
m1-d16-a1-h16-b16-r16-I_bel,receipt_signature_check_ns,ns,300,162750.0,170706.6,179680.33,160875,213042
m1-d16-a1-h16-b16-r16-I_bel,signature_primitive_ns,ns,900,150250.0,156919.05,169292.0,146708,448292
m1-d16-a1-h16-b16-r16-I_bel,signature_primitive_sum_ns,ns,300,449979.0,464887.15,499969.6799999992,446249,1047251
m1-d16-a1-h16-b16-r16-I_bel,stage_1_lineage_ns,ns,300,2489687.5,2564917.3,2615535.8299999996,2446750,6797417
m1-d16-a1-h16-b16-r16-I_bel,stage_2_authority_ns,ns,300,359062.5,374450.35000000003,398792.67,354375,1043708
m1-d16-a1-h16-b16-r16-I_bel,stage_3_provenance_ns,ns,300,76000.0,79877.1,89180.18,73959,338041
m1-d16-a1-h16-b16-r16-I_bel,stage_4_state_application_ns,ns,300,2126292.0,2204149.7,2253689.589999998,2088916,5543917
m1-d16-a1-h16-b16-r16-I_bel,stage_5_semantics_ns,ns,300,773500.5,801808.05,862069.3399999999,760458,2174834
m1-d16-a1-h16-b16-r16-I_bel,state_application_ns,ns,300,843062.5,873001.75,916596.2499999999,801375,940667
m1-d16-a1-h16-b16-r16-I_bel,state_hash_candidate_ns,ns,300,635750.0,664182.7,698383.1599999999,624834,739917
m1-d16-a1-h16-b16-r16-I_bel,state_hash_predecessor_ns,ns,300,636812.5,673254.2,705199.9999999998,623209,737917
m1-d16-a1-h16-b16-r16-I_bel,total_cct_ns,ns,300,7123958.5,7290544.4,7437209.999999974,7013042,15234792
m1-d16-a1-h16-b16-r16-I_bel,total_process_cpu_ns,ns,300,7123500.0,7283050.0,7430139.999999975,7013000,14687000
m1-d16-a10-h16-b16-r16-I_bel,authority_check_ns,ns,300,356354.5,373967.3,417210.7499999998,350000,1379250
m1-d16-a10-h16-b16-r16-I_bel,core_digest_ns,ns,300,363666.5,378133.95,495958.7499999998,354959,1122084
m1-d16-a10-h16-b16-r16-I_bel,effective_I_bel_ns,ns,300,3545000.0,3654019.4,4548131.839999998,3505959,5210209
m1-d16-a10-h16-b16-r16-I_bel,effective_I_hist_ns,ns,300,350500.0,367583.05,403474.67,339667,1127500
m1-d16-a10-h16-b16-r16-I_bel,effective_I_norm_ns,ns,300,25375.0,27889.600000000002,35892.589999999946,23333,95042
m1-d16-a10-h16-b16-r16-I_bel,effective_I_rel_ns,ns,300,19792.0,21584.0,25979.40999999998,18291,71000
m1-d16-a10-h16-b16-r16-I_bel,effective_I_temp_ns,ns,300,6584.0,8798.250000000002,16009.99999999999,5166,39416
m1-d16-a10-h16-b16-r16-I_bel,native_I_bel_ns,ns,300,45083.0,48397.90000000001,62128.34,43416,195208
m1-d16-a10-h16-b16-r16-I_bel,native_I_hist_ns,ns,300,350500.0,367583.05,403474.67,339667,1127500
m1-d16-a10-h16-b16-r16-I_bel,native_I_norm_ns,ns,300,25375.0,27889.600000000002,35892.589999999946,23333,95042
m1-d16-a10-h16-b16-r16-I_bel,native_I_rel_ns,ns,300,19792.0,21584.0,25979.40999999998,18291,71000
m1-d16-a10-h16-b16-r16-I_bel,native_I_temp_ns,ns,300,6584.0,8798.250000000002,16009.99999999999,5166,39416
m1-d16-a10-h16-b16-r16-I_bel,proposal_digest_ns,ns,300,193229.5,202355.95,228095.8299999998,187500,609708
m1-d16-a10-h16-b16-r16-I_bel,provenance_check_ns,ns,300,75166.5,80309.8,87073.74999999993,70833,224750
m1-d16-a10-h16-b16-r16-I_bel,receipt_signature_check_ns,ns,300,163834.0,171152.1,188784.99999999997,161500,2166000
m1-d16-a10-h16-b16-r16-I_bel,signature_primitive_ns,ns,3600,148209.0,156916.0,174937.6799999995,144875,1311125
m1-d16-a10-h16-b16-r16-I_bel,signature_primitive_sum_ns,ns,300,1784833.0,1875773.8500000003,2152774.449999997,1768959,4183584
m1-d16-a10-h16-b16-r16-I_bel,stage_1_lineage_ns,ns,300,2640208.5,2759828.5500000003,3414847.9199999985,2595834,8268625
m1-d16-a10-h16-b16-r16-I_bel,stage_2_authority_ns,ns,300,358791.0,381058.65,682508.0899999994,353458,1111458
m1-d16-a10-h16-b16-r16-I_bel,stage_3_provenance_ns,ns,300,76166.0,83287.50000000001,91101.15999999995,74416,214458
m1-d16-a10-h16-b16-r16-I_bel,stage_4_state_application_ns,ns,300,2132271.0,2228489.9,2704259.159999999,2087792,25743875
m1-d16-a10-h16-b16-r16-I_bel,stage_5_semantics_ns,ns,300,3972916.5,4501339.9,4772108.33999998,3916708,9410083
m1-d16-a10-h16-b16-r16-I_bel,state_application_ns,ns,300,845646.0,888356.55,1268470.829999999,802334,2320166
m1-d16-a10-h16-b16-r16-I_bel,state_hash_candidate_ns,ns,300,637229.5,669993.4,693821.3299999997,624458,2348333
m1-d16-a10-h16-b16-r16-I_bel,state_hash_predecessor_ns,ns,300,638250.0,682018.75,705716.1599999999,624791,2049666
m1-d16-a10-h16-b16-r16-I_bel,total_cct_ns,ns,300,10503999.5,11211871.15,15221168.829999987,10326208,34098417
m1-d16-a10-h16-b16-r16-I_bel,total_process_cpu_ns,ns,300,10504000.0,11108250.0,13333629.999999985,10326000,34099000
m1-d16-a3-h16-b16-r16-I_bel,authority_check_ns,ns,300,358750.0,381647.9,402970.40999999945,350708,1102875
m1-d16-a3-h16-b16-r16-I_bel,core_digest_ns,ns,300,251542.0,266476.75,302637.99999999994,244625,615084
m1-d16-a3-h16-b16-r16-I_bel,effective_I_bel_ns,ns,300,1080854.0,1142645.2,1236057.4999999998,1059042,1663709
m1-d16-a3-h16-b16-r16-I_bel,effective_I_hist_ns,ns,300,353208.0,372393.75,430219.25,343416,708792
m1-d16-a3-h16-b16-r16-I_bel,effective_I_norm_ns,ns,300,25666.0,30760.4,35400.91999999994,24167,84459
m1-d16-a3-h16-b16-r16-I_bel,effective_I_rel_ns,ns,300,19958.5,21710.100000000002,25001.67,18750,27542
m1-d16-a3-h16-b16-r16-I_bel,effective_I_temp_ns,ns,300,6750.0,9125.0,13067.409999999976,4958,20375
m1-d16-a3-h16-b16-r16-I_bel,native_I_bel_ns,ns,300,45500.0,52351.75000000001,57963.579999999994,42833,132375
m1-d16-a3-h16-b16-r16-I_bel,native_I_hist_ns,ns,300,353208.0,372393.75,430219.25,343416,708792
m1-d16-a3-h16-b16-r16-I_bel,native_I_norm_ns,ns,300,25666.0,30760.4,35400.91999999994,24167,84459
m1-d16-a3-h16-b16-r16-I_bel,native_I_rel_ns,ns,300,19958.5,21710.100000000002,25001.67,18750,27542
m1-d16-a3-h16-b16-r16-I_bel,native_I_temp_ns,ns,300,6750.0,9125.0,13067.409999999976,4958,20375
m1-d16-a3-h16-b16-r16-I_bel,proposal_digest_ns,ns,300,195208.0,206355.9,276128.83999999997,189083,571667
m1-d16-a3-h16-b16-r16-I_bel,provenance_check_ns,ns,300,76187.5,82168.1,86522.49999999999,72375,140208
m1-d16-a3-h16-b16-r16-I_bel,receipt_signature_check_ns,ns,300,163854.5,182079.45000000004,212475.32999999938,161333,371083
m1-d16-a3-h16-b16-r16-I_bel,signature_primitive_ns,ns,1500,149666.0,156708.0,168306.15999999997,147125,378125
m1-d16-a3-h16-b16-r16-I_bel,signature_primitive_sum_ns,ns,300,748875.5,768170.2,782632.51,742125,995666
m1-d16-a3-h16-b16-r16-I_bel,stage_1_lineage_ns,ns,300,2524354.5,2607397.9,2727869.67,2471625,2752000
m1-d16-a3-h16-b16-r16-I_bel,stage_2_authority_ns,ns,300,359646.0,376344.35,397353.82999999996,353542,672958
m1-d16-a3-h16-b16-r16-I_bel,stage_3_provenance_ns,ns,300,76291.0,82631.25,87292.42,73916,107375
m1-d16-a3-h16-b16-r16-I_bel,stage_4_state_application_ns,ns,300,2131729.5,2218721.15,2277354.5,2085292,2388542
m1-d16-a3-h16-b16-r16-I_bel,stage_5_semantics_ns,ns,300,1493875.0,1555253.85,1614103.7499999998,1467834,1726292
m1-d16-a3-h16-b16-r16-I_bel,state_application_ns,ns,300,851541.5,898194.4,956440.499999998,808833,1423333
m1-d16-a3-h16-b16-r16-I_bel,state_hash_candidate_ns,ns,300,642437.5,690950.0,778411.5799999993,624166,1187917
m1-d16-a3-h16-b16-r16-I_bel,state_hash_predecessor_ns,ns,300,642479.0,685069.4,780634.5799999987,626459,1029958
m1-d16-a3-h16-b16-r16-I_bel,total_cct_ns,ns,300,7906083.0,8081573.2,8227838.25,7738291,8616667
m1-d16-a3-h16-b16-r16-I_bel,total_process_cpu_ns,ns,300,7903500.0,8078000.0,8211280.0,7738000,8561000
m1-d16-a32-h16-b16-r16-I_bel,authority_check_ns,ns,300,357271.0,372606.9,400782.49999999994,337042,419334
m1-d16-a32-h16-b16-r16-I_bel,core_digest_ns,ns,300,717645.5,742797.25,778072.4099999999,667083,814792
m1-d16-a32-h16-b16-r16-I_bel,effective_I_bel_ns,ns,300,11386083.5,11506266.35,11721855.829999998,11249750,13620791
m1-d16-a32-h16-b16-r16-I_bel,effective_I_hist_ns,ns,300,351229.5,364183.65,387743.00999999995,321625,410584
m1-d16-a32-h16-b16-r16-I_bel,effective_I_norm_ns,ns,300,25687.5,27583.0,32092.589999999993,23708,39042
m1-d16-a32-h16-b16-r16-I_bel,effective_I_rel_ns,ns,300,19917.0,21250.0,22001.67,17709,24333
m1-d16-a32-h16-b16-r16-I_bel,effective_I_temp_ns,ns,300,6750.0,8421.150000000001,10175.749999999993,5834,13875
m1-d16-a32-h16-b16-r16-I_bel,native_I_bel_ns,ns,300,45250.0,48175.3,53335.08,41375,58541
m1-d16-a32-h16-b16-r16-I_bel,native_I_hist_ns,ns,300,351229.5,364183.65,387743.00999999995,321625,410584
m1-d16-a32-h16-b16-r16-I_bel,native_I_norm_ns,ns,300,25687.5,27583.0,32092.589999999993,23708,39042
m1-d16-a32-h16-b16-r16-I_bel,native_I_rel_ns,ns,300,19917.0,21250.0,22001.67,17709,24333
m1-d16-a32-h16-b16-r16-I_bel,native_I_temp_ns,ns,300,6750.0,8421.150000000001,10175.749999999993,5834,13875
m1-d16-a32-h16-b16-r16-I_bel,proposal_digest_ns,ns,300,193854.5,200552.4,211669.16999999995,179417,229208
m1-d16-a32-h16-b16-r16-I_bel,provenance_check_ns,ns,300,75917.0,81403.85000000002,89217.99999999999,69083,95250
m1-d16-a32-h16-b16-r16-I_bel,receipt_signature_check_ns,ns,300,164584.0,171226.80000000002,178193.91999999998,162250,186667
m1-d16-a32-h16-b16-r16-I_bel,signature_primitive_ns,ns,10200,148708.0,156667.0,167876.25000000003,132125,524667
m1-d16-a32-h16-b16-r16-I_bel,signature_primitive_sum_ns,ns,300,5072936.5,5245351.95,5630553.909999999,5018456,7187835
m1-d16-a32-h16-b16-r16-I_bel,stage_1_lineage_ns,ns,300,2990667.0,3071980.9,3224312.09,2940750,3397875
m1-d16-a32-h16-b16-r16-I_bel,stage_2_authority_ns,ns,300,360104.5,375675.35000000003,395955.0899999999,345541,603333
m1-d16-a32-h16-b16-r16-I_bel,stage_3_provenance_ns,ns,300,76937.5,83169.05,101181.4199999993,69292,237750
m1-d16-a32-h16-b16-r16-I_bel,stage_4_state_application_ns,ns,300,2119562.0,2198124.7,2726062.329999999,2071417,25904583
m1-d16-a32-h16-b16-r16-I_bel,stage_5_semantics_ns,ns,300,11788687.5,12233109.8,13696786.009999998,11595208,17169292
m1-d16-a32-h16-b16-r16-I_bel,state_application_ns,ns,300,845167.0,885187.5,931803.34,780041,974792
m1-d16-a32-h16-b16-r16-I_bel,state_hash_candidate_ns,ns,300,638604.5,681158.3,701372.33,611541,762042
m1-d16-a32-h16-b16-r16-I_bel,state_hash_predecessor_ns,ns,300,639916.5,684966.35,719051.7499999998,604542,804667
m1-d16-a32-h16-b16-r16-I_bel,total_cct_ns,ns,300,18684854.0,19271631.900000002,21158165.089999992,18377542,42504875
m1-d16-a32-h16-b16-r16-I_bel,total_process_cpu_ns,ns,300,18677500.0,19149550.000000004,20731059.999999996,18379000,42505000
m1-d16-a5-h16-b16-r16-I_bel,authority_check_ns,ns,300,356729.5,367985.10000000003,415016.1699999983,348666,1041167
m1-d16-a5-h16-b16-r16-I_bel,core_digest_ns,ns,300,283562.5,297358.65,360920.4199999995,274834,1253708
m1-d16-a5-h16-b16-r16-I_bel,effective_I_bel_ns,ns,300,1783104.0,1869785.7000000002,1970515.0799999996,1755875,4847583
m1-d16-a5-h16-b16-r16-I_bel,effective_I_hist_ns,ns,300,351250.0,368887.2,443290.83999999997,342042,1396459
m1-d16-a5-h16-b16-r16-I_bel,effective_I_norm_ns,ns,300,25458.0,27430.650000000005,37138.74999999976,22958,88750
m1-d16-a5-h16-b16-r16-I_bel,effective_I_rel_ns,ns,300,19792.0,21260.4,25529.579999999973,18792,59084
m1-d16-a5-h16-b16-r16-I_bel,effective_I_temp_ns,ns,300,6666.0,7544.05,8879.589999999997,5917,34000
m1-d16-a5-h16-b16-r16-I_bel,native_I_bel_ns,ns,300,45041.0,47633.3,50541.01,43208,245042
m1-d16-a5-h16-b16-r16-I_bel,native_I_hist_ns,ns,300,351250.0,368887.2,443290.83999999997,342042,1396459
m1-d16-a5-h16-b16-r16-I_bel,native_I_norm_ns,ns,300,25458.0,27430.650000000005,37138.74999999976,22958,88750
m1-d16-a5-h16-b16-r16-I_bel,native_I_rel_ns,ns,300,19792.0,21260.4,25529.579999999973,18792,59084
m1-d16-a5-h16-b16-r16-I_bel,native_I_temp_ns,ns,300,6666.0,7544.05,8879.589999999997,5917,34000
m1-d16-a5-h16-b16-r16-I_bel,proposal_digest_ns,ns,300,194250.0,203127.1,212042.25,186500,521666
m1-d16-a5-h16-b16-r16-I_bel,provenance_check_ns,ns,300,75562.5,80798.2,93577.58999999966,72000,221833
m1-d16-a5-h16-b16-r16-I_bel,receipt_signature_check_ns,ns,300,166333.0,177862.2,194607.49999999968,163583,508875
m1-d16-a5-h16-b16-r16-I_bel,signature_primitive_ns,ns,2100,149542.0,157000.0,181638.33999999968,144750,1079208
m1-d16-a5-h16-b16-r16-I_bel,signature_primitive_sum_ns,ns,300,1043584.5,1079605.4,1233772.3199999991,1034460,3678001
m1-d16-a5-h16-b16-r16-I_bel,stage_1_lineage_ns,ns,300,2555979.5,2641343.75,2946612.4099999988,2514292,15374083
m1-d16-a5-h16-b16-r16-I_bel,stage_2_authority_ns,ns,300,358395.5,376349.65,449375.50999999995,351959,637667
m1-d16-a5-h16-b16-r16-I_bel,stage_3_provenance_ns,ns,300,76250.0,82740.20000000001,96786.57999999989,73750,116500
m1-d16-a5-h16-b16-r16-I_bel,stage_4_state_application_ns,ns,300,2128249.5,2219345.5,3063792.919999979,2075666,6365250
m1-d16-a5-h16-b16-r16-I_bel,stage_5_semantics_ns,ns,300,2196125.5,2322564.55,3201334.34,2155708,9604500
m1-d16-a5-h16-b16-r16-I_bel,state_application_ns,ns,300,846458.5,887866.7000000001,994983.2399999984,801583,23328250
m1-d16-a5-h16-b16-r16-I_bel,state_hash_candidate_ns,ns,300,637812.0,675619.1,724296.3399999965,623333,1802209
m1-d16-a5-h16-b16-r16-I_bel,state_hash_predecessor_ns,ns,300,637479.5,673359.0,763147.9099999998,621875,1772125
m1-d16-a5-h16-b16-r16-I_bel,total_cct_ns,ns,300,8617291.5,9066551.75,14256520.32999998,8452750,26838583
m1-d16-a5-h16-b16-r16-I_bel,total_process_cpu_ns,ns,300,8618000.0,8989050.0,13065439.999999998,8454000,17787000
m1-d256-a0-h16-b16-r16-native,authority_check_ns,ns,300,2789958.5,3055768.1000000006,3797582.5799999987,2705541,4766167
m1-d256-a0-h16-b16-r16-native,core_digest_ns,ns,300,2450541.5,2566160.4000000004,3181549.2499999995,2380250,3701375
m1-d256-a0-h16-b16-r16-native,effective_I_bel_ns,ns,300,49625.0,61196.15000000001,146817.90999999995,48000,162250
m1-d256-a0-h16-b16-r16-native,effective_I_hist_ns,ns,300,352812.5,386383.35,820546.5799999991,342083,1390292
m1-d256-a0-h16-b16-r16-native,effective_I_norm_ns,ns,300,25979.5,33335.1,43210.999999999956,23292,97500
m1-d256-a0-h16-b16-r16-native,effective_I_rel_ns,ns,300,19916.0,25214.25,32043.089999999997,18625,205875
m1-d256-a0-h16-b16-r16-native,effective_I_temp_ns,ns,300,6750.0,13506.250000000002,37088.84,5000,84334
m1-d256-a0-h16-b16-r16-native,native_I_bel_ns,ns,300,49625.0,61196.15000000001,146817.90999999995,48000,162250
m1-d256-a0-h16-b16-r16-native,native_I_hist_ns,ns,300,352812.5,386383.35,820546.5799999991,342083,1390292
m1-d256-a0-h16-b16-r16-native,native_I_norm_ns,ns,300,25979.5,33335.1,43210.999999999956,23292,97500
m1-d256-a0-h16-b16-r16-native,native_I_rel_ns,ns,300,19916.0,25214.25,32043.089999999997,18625,205875
m1-d256-a0-h16-b16-r16-native,native_I_temp_ns,ns,300,6750.0,13506.250000000002,37088.84,5000,84334
m1-d256-a0-h16-b16-r16-native,proposal_digest_ns,ns,300,2440875.0,2563181.25,3202072.5899999994,2365292,10059542
m1-d256-a0-h16-b16-r16-native,provenance_check_ns,ns,300,1176250.5,1259218.45,1820951.6699999962,1143583,2287209
m1-d256-a0-h16-b16-r16-native,receipt_signature_check_ns,ns,300,165959.0,198281.60000000003,286311.9999999999,163792,431750
m1-d256-a0-h16-b16-r16-native,signature_primitive_ns,ns,600,149750.0,158344.34999999998,166592.32,147792,466000
m1-d256-a0-h16-b16-r16-native,signature_primitive_sum_ns,ns,300,300208.0,314342.3,323881.68,296917,615583
m1-d256-a0-h16-b16-r16-native,stage_1_lineage_ns,ns,300,6953271.0,7110194.1,7201650.829999999,6832458,18770958
m1-d256-a0-h16-b16-r16-native,stage_2_authority_ns,ns,300,2787166.5,2870883.35,2991780.5,2719291,10010042
m1-d256-a0-h16-b16-r16-native,stage_3_provenance_ns,ns,300,1163687.0,1208478.85,1267180.0,1136375,1777833
m1-d256-a0-h16-b16-r16-native,stage_4_state_application_ns,ns,300,2122666.5,2208120.55,2270299.34,2082875,6655750
m1-d256-a0-h16-b16-r16-native,stage_5_semantics_ns,ns,300,456958.0,475910.4,501093.7499999998,447500,1176167
m1-d256-a0-h16-b16-r16-native,state_application_ns,ns,300,836812.5,911714.3,1431184.4899999998,800250,3524459
m1-d256-a0-h16-b16-r16-native,state_hash_candidate_ns,ns,300,638354.5,707957.7000000001,1317195.2499999995,622584,1517958
m1-d256-a0-h16-b16-r16-native,state_hash_predecessor_ns,ns,300,639396.0,685753.85,851568.6599999961,621417,1479708
m1-d256-a0-h16-b16-r16-native,total_cct_ns,ns,300,14792520.5,15087416.7,15274387.49999999,14528416,34302625
m1-d256-a0-h16-b16-r16-native,total_process_cpu_ns,ns,300,14793000.0,15082000.0,15228039.99999999,14529000,26330000
m1-d256-a1-h16-b16-r16-I_bel,authority_check_ns,ns,300,2778521.0,2862541.05,2910401.67,2718417,2936958
m1-d256-a1-h16-b16-r16-I_bel,core_digest_ns,ns,300,2458229.5,2521825.3,2553252.7399999998,2402750,2562334
m1-d256-a1-h16-b16-r16-I_bel,effective_I_bel_ns,ns,300,2602396.0,2667241.7,2706657.09,2544834,2728583
m1-d256-a1-h16-b16-r16-I_bel,effective_I_hist_ns,ns,300,351541.5,364710.1,377148.75,339000,411417
m1-d256-a1-h16-b16-r16-I_bel,effective_I_norm_ns,ns,300,25792.0,27669.100000000002,29472.999999999985,23791,33625
m1-d256-a1-h16-b16-r16-I_bel,effective_I_rel_ns,ns,300,19750.0,21460.100000000002,25500.829999999998,18792,26875
m1-d256-a1-h16-b16-r16-I_bel,effective_I_temp_ns,ns,300,6792.0,8419.050000000001,9926.83999999999,5708,18542
m1-d256-a1-h16-b16-r16-I_bel,native_I_bel_ns,ns,300,49292.0,52466.35,55833.0,47541,61166
m1-d256-a1-h16-b16-r16-I_bel,native_I_hist_ns,ns,300,351541.5,364710.1,377148.75,339000,411417
m1-d256-a1-h16-b16-r16-I_bel,native_I_norm_ns,ns,300,25792.0,27669.100000000002,29472.999999999985,23791,33625
m1-d256-a1-h16-b16-r16-I_bel,native_I_rel_ns,ns,300,19750.0,21460.100000000002,25500.829999999998,18792,26875
m1-d256-a1-h16-b16-r16-I_bel,native_I_temp_ns,ns,300,6792.0,8419.050000000001,9926.83999999999,5708,18542
m1-d256-a1-h16-b16-r16-I_bel,proposal_digest_ns,ns,300,2429812.0,2496966.35,2558598.66,2380042,2589208
m1-d256-a1-h16-b16-r16-I_bel,provenance_check_ns,ns,300,1169875.0,1200960.75,1241461.76,1134459,1260292
m1-d256-a1-h16-b16-r16-I_bel,receipt_signature_check_ns,ns,300,165208.5,175338.15,181343.16,162042,189750
m1-d256-a1-h16-b16-r16-I_bel,signature_primitive_ns,ns,900,149583.0,156744.39999999997,167379.58,147791,447792
m1-d256-a1-h16-b16-r16-I_bel,signature_primitive_sum_ns,ns,300,450084.0,465302.05,474360.5899999999,445375,1053083
m1-d256-a1-h16-b16-r16-I_bel,stage_1_lineage_ns,ns,300,6985583.5,7155472.6,7223903.24,6844709,12574917
m1-d256-a1-h16-b16-r16-I_bel,stage_2_authority_ns,ns,300,2795583.0,2906105.9,2968001.76,2733291,27213542
m1-d256-a1-h16-b16-r16-I_bel,stage_3_provenance_ns,ns,300,1168979.0,1217500.0,1259225.92,1135417,1299042
m1-d256-a1-h16-b16-r16-I_bel,stage_4_state_application_ns,ns,300,2128979.0,2191947.6,2260828.33,2074458,3571416
m1-d256-a1-h16-b16-r16-I_bel,stage_5_semantics_ns,ns,300,3014333.5,3120045.85,3179306.9099999997,2951541,5660792
m1-d256-a1-h16-b16-r16-I_bel,state_application_ns,ns,300,830458.5,872116.35,889657.6699999998,801333,964250
m1-d256-a1-h16-b16-r16-I_bel,state_hash_candidate_ns,ns,300,638458.0,676627.1,687155.0,621333,709833
m1-d256-a1-h16-b16-r16-I_bel,state_hash_predecessor_ns,ns,300,638437.5,677608.0,720959.83,619209,730167
m1-d256-a1-h16-b16-r16-I_bel,total_cct_ns,ns,300,17402250.0,17773683.65,18921621.00999999,17029917,41907000
m1-d256-a1-h16-b16-r16-I_bel,total_process_cpu_ns,ns,300,17402500.0,17766500.0,18736489.999999993,17031000,41908000
m1-d256-a10-h16-b16-r16-I_bel,authority_check_ns,ns,300,2781833.5,2883514.9,3156913.7499999977,2713708,3584250
m1-d256-a10-h16-b16-r16-I_bel,core_digest_ns,ns,300,2615312.5,2733835.45,2888197.909999998,2556708,5767375
m1-d256-a10-h16-b16-r16-I_bel,effective_I_bel_ns,ns,300,26040187.5,26530741.7,33409961.009999964,25561209,44011750
m1-d256-a10-h16-b16-r16-I_bel,effective_I_hist_ns,ns,300,355875.0,388183.3,500447.9999999968,343458,1028291
m1-d256-a10-h16-b16-r16-I_bel,effective_I_norm_ns,ns,300,26791.5,31836.05,36657.73999999993,24917,93875
m1-d256-a10-h16-b16-r16-I_bel,effective_I_rel_ns,ns,300,20666.5,25546.15,31208.42,18667,38625
m1-d256-a10-h16-b16-r16-I_bel,effective_I_temp_ns,ns,300,7958.0,11923.2,18927.82999999999,4917,33833
m1-d256-a10-h16-b16-r16-I_bel,native_I_bel_ns,ns,300,51000.0,59544.05,72555.32999999999,48125,134667
m1-d256-a10-h16-b16-r16-I_bel,native_I_hist_ns,ns,300,355875.0,388183.3,500447.9999999968,343458,1028291
m1-d256-a10-h16-b16-r16-I_bel,native_I_norm_ns,ns,300,26791.5,31836.05,36657.73999999993,24917,93875
m1-d256-a10-h16-b16-r16-I_bel,native_I_rel_ns,ns,300,20666.5,25546.15,31208.42,18667,38625
m1-d256-a10-h16-b16-r16-I_bel,native_I_temp_ns,ns,300,7958.0,11923.2,18927.82999999999,4917,33833
m1-d256-a10-h16-b16-r16-I_bel,proposal_digest_ns,ns,300,2437958.0,2523154.15,2610019.26,2386542,3557833
m1-d256-a10-h16-b16-r16-I_bel,provenance_check_ns,ns,300,1190125.0,1258920.5,1321076.16,1142833,1815167
m1-d256-a10-h16-b16-r16-I_bel,receipt_signature_check_ns,ns,300,167104.5,181748.55000000002,214336.33999999965,162833,440167
m1-d256-a10-h16-b16-r16-I_bel,signature_primitive_ns,ns,3600,150000.0,161754.14999999997,179059.4999999996,146250,1644375
m1-d256-a10-h16-b16-r16-I_bel,signature_primitive_sum_ns,ns,300,1811626.0,1864083.6500000004,2782476.7299999995,1779711,3799000
m1-d256-a10-h16-b16-r16-I_bel,stage_1_lineage_ns,ns,300,7171645.5,7367023.55,8049754.499999987,7003500,9679667
m1-d256-a10-h16-b16-r16-I_bel,stage_2_authority_ns,ns,300,2807334.0,2924579.15,3127074.1699999995,2732583,6100875
m1-d256-a10-h16-b16-r16-I_bel,stage_3_provenance_ns,ns,300,1187896.0,1277167.3,1435174.9999999998,1144000,1536875
m1-d256-a10-h16-b16-r16-I_bel,stage_4_state_application_ns,ns,300,2147021.0,2254439.9,2361980.0,2082666,4044000
m1-d256-a10-h16-b16-r16-I_bel,stage_5_semantics_ns,ns,300,26537229.0,27182391.35,37494602.16999997,25924375,48434375
m1-d256-a10-h16-b16-r16-I_bel,state_application_ns,ns,300,850959.0,918966.95,971029.6699999995,805375,1246333
m1-d256-a10-h16-b16-r16-I_bel,state_hash_candidate_ns,ns,300,645958.5,693128.55,888743.4199999999,624875,1391750
m1-d256-a10-h16-b16-r16-I_bel,state_hash_predecessor_ns,ns,300,646646.0,699873.25,747151.1699999986,626667,1174417
m1-d256-a10-h16-b16-r16-I_bel,total_cct_ns,ns,300,41194562.5,42573306.6,56529734.07999998,40207292,63071333
m1-d256-a10-h16-b16-r16-I_bel,total_process_cpu_ns,ns,300,41180500.0,42323150.00000001,53741850.0,40210000,60105000
m1-d256-a3-h16-b16-r16-I_bel,authority_check_ns,ns,300,2782646.0,3254762.8000000003,4329571.329999999,2713417,8546833
m1-d256-a3-h16-b16-r16-I_bel,core_digest_ns,ns,300,2499229.0,2875189.9000000004,3506151.2499999963,2428750,4008917
m1-d256-a3-h16-b16-r16-I_bel,effective_I_bel_ns,ns,300,7818916.5,9125243.450000003,12452349.499999998,7656959,12993167
m1-d256-a3-h16-b16-r16-I_bel,effective_I_hist_ns,ns,300,354167.0,420176.8000000001,560979.25,342750,956541
m1-d256-a3-h16-b16-r16-I_bel,effective_I_norm_ns,ns,300,26312.5,35260.4,44894.58999999998,23583,48167
m1-d256-a3-h16-b16-r16-I_bel,effective_I_rel_ns,ns,300,20291.0,26173.2,36066.41999999998,18541,80375
m1-d256-a3-h16-b16-r16-I_bel,effective_I_temp_ns,ns,300,7208.0,12297.300000000001,16959.67,6084,20458
m1-d256-a3-h16-b16-r16-I_bel,native_I_bel_ns,ns,300,50166.5,63154.15000000001,89917.49999999962,47708,165750
m1-d256-a3-h16-b16-r16-I_bel,native_I_hist_ns,ns,300,354167.0,420176.8000000001,560979.25,342750,956541
m1-d256-a3-h16-b16-r16-I_bel,native_I_norm_ns,ns,300,26312.5,35260.4,44894.58999999998,23583,48167
m1-d256-a3-h16-b16-r16-I_bel,native_I_rel_ns,ns,300,20291.0,26173.2,36066.41999999998,18541,80375
m1-d256-a3-h16-b16-r16-I_bel,native_I_temp_ns,ns,300,7208.0,12297.300000000001,16959.67,6084,20458
m1-d256-a3-h16-b16-r16-I_bel,proposal_digest_ns,ns,300,2436792.0,2844745.85,3639684.2499999995,2372542,8207500
m1-d256-a3-h16-b16-r16-I_bel,provenance_check_ns,ns,300,1176667.0,1370262.15,1908406.3399999966,1141084,3422708
m1-d256-a3-h16-b16-r16-I_bel,receipt_signature_check_ns,ns,300,165084.0,193641.65,260113.15999999997,162333,368416
m1-d256-a3-h16-b16-r16-I_bel,signature_primitive_ns,ns,1500,150084.0,176639.59999999998,239741.99999999994,147583,609167
m1-d256-a3-h16-b16-r16-I_bel,signature_primitive_sum_ns,ns,300,752958.0,882379.8500000002,1121041.6799999997,742208,1925417
m1-d256-a3-h16-b16-r16-I_bel,stage_1_lineage_ns,ns,300,7031521.0,8065347.600000003,10522257.169999983,6875917,18335875
m1-d256-a3-h16-b16-r16-I_bel,stage_2_authority_ns,ns,300,2806063.0,3356420.2000000007,3972316.4899999965,2734375,7698000
m1-d256-a3-h16-b16-r16-I_bel,stage_3_provenance_ns,ns,300,1176937.5,1404133.35,1875496.4299999988,1137292,2946500
m1-d256-a3-h16-b16-r16-I_bel,stage_4_state_application_ns,ns,300,2140208.5,2482648.2,3208893.659999993,2089083,5553041
m1-d256-a3-h16-b16-r16-I_bel,stage_5_semantics_ns,ns,300,8270875.5,9413788.950000001,12107086.759999992,8073834,18912292
m1-d256-a3-h16-b16-r16-I_bel,state_application_ns,ns,300,842354.5,1036162.2000000002,1534720.8399999994,802917,2236500
m1-d256-a3-h16-b16-r16-I_bel,state_hash_candidate_ns,ns,300,643375.0,751212.2000000001,934981.6599999997,623250,1697792
m1-d256-a3-h16-b16-r16-I_bel,state_hash_predecessor_ns,ns,300,642312.5,762519.3500000002,1033021.5799999986,625708,1383208
m1-d256-a3-h16-b16-r16-I_bel,total_cct_ns,ns,300,22750479.0,26055485.1,33117262.669999987,22230250,55653083
m1-d256-a3-h16-b16-r16-I_bel,total_process_cpu_ns,ns,300,22748500.0,25716400.0,32824579.99999999,22230000,54123000
m1-d256-a32-h16-b16-r16-I_bel,authority_check_ns,ns,300,2775521.0,2846248.25,2909737.83,2703833,2938875
m1-d256-a32-h16-b16-r16-I_bel,core_digest_ns,ns,300,2959396.0,3038937.5,3086361.67,2882417,3207458
m1-d256-a32-h16-b16-r16-I_bel,effective_I_bel_ns,ns,300,83040333.5,84061793.4,88001228.74999988,81589833,103198250
m1-d256-a32-h16-b16-r16-I_bel,effective_I_hist_ns,ns,300,354375.0,372235.10000000003,390620.41999999987,343125,428000
m1-d256-a32-h16-b16-r16-I_bel,effective_I_norm_ns,ns,300,26833.0,30795.2,36672.24999999999,23958,47500
m1-d256-a32-h16-b16-r16-I_bel,effective_I_rel_ns,ns,300,20562.5,26419.100000000002,28095.08999999999,18500,32541
m1-d256-a32-h16-b16-r16-I_bel,effective_I_temp_ns,ns,300,7687.5,13012.500000000004,14967.169999999991,5125,17125
m1-d256-a32-h16-b16-r16-I_bel,native_I_bel_ns,ns,300,51063.0,57542.0,60041.84,47792,67500
m1-d256-a32-h16-b16-r16-I_bel,native_I_hist_ns,ns,300,354375.0,372235.10000000003,390620.41999999987,343125,428000
m1-d256-a32-h16-b16-r16-I_bel,native_I_norm_ns,ns,300,26833.0,30795.2,36672.24999999999,23958,47500
m1-d256-a32-h16-b16-r16-I_bel,native_I_rel_ns,ns,300,20562.5,26419.100000000002,28095.08999999999,18500,32541
m1-d256-a32-h16-b16-r16-I_bel,native_I_temp_ns,ns,300,7687.5,13012.500000000004,14967.169999999991,5125,17125
m1-d256-a32-h16-b16-r16-I_bel,proposal_digest_ns,ns,300,2430375.5,2497327.1,2538403.33,2378541,2551917
m1-d256-a32-h16-b16-r16-I_bel,provenance_check_ns,ns,300,1181750.0,1241796.15,1277824.5799999998,1139000,1431917
m1-d256-a32-h16-b16-r16-I_bel,receipt_signature_check_ns,ns,300,167916.5,177948.25,188334.33999999997,163750,204792
m1-d256-a32-h16-b16-r16-I_bel,signature_primitive_ns,ns,10200,150167.0,159291.05,171250.83000000002,146250,1000708
m1-d256-a32-h16-b16-r16-I_bel,signature_primitive_sum_ns,ns,300,5124290.5,5308703.3,6349762.949999996,5054126,6915874
m1-d256-a32-h16-b16-r16-I_bel,stage_1_lineage_ns,ns,300,7500354.0,7685727.1,8068689.339999994,7325000,26200958
m1-d256-a32-h16-b16-r16-I_bel,stage_2_authority_ns,ns,300,2803979.0,2905077.4,2992884.079999994,2728667,19072125
m1-d256-a32-h16-b16-r16-I_bel,stage_3_provenance_ns,ns,300,1185666.5,1246583.35,1337217.4999999993,1141958,6024125
m1-d256-a32-h16-b16-r16-I_bel,stage_4_state_application_ns,ns,300,2142458.5,2255001.45,2383702.4099999983,2083250,6193000
m1-d256-a32-h16-b16-r16-I_bel,stage_5_semantics_ns,ns,300,83568500.0,85593485.45,105001210.41999999,81767000,118058125
m1-d256-a32-h16-b16-r16-I_bel,state_application_ns,ns,300,850646.0,909925.65,935597.74,806375,953250
m1-d256-a32-h16-b16-r16-I_bel,state_hash_candidate_ns,ns,300,644354.5,682916.7,703833.0,625209,717958
m1-d256-a32-h16-b16-r16-I_bel,state_hash_predecessor_ns,ns,300,642979.0,687768.75,708428.9899999999,624083,757500
m1-d256-a32-h16-b16-r16-I_bel,total_cct_ns,ns,300,98565479.5,102079560.4,121831431.75999995,96370083,141676041
m1-d256-a32-h16-b16-r16-I_bel,total_process_cpu_ns,ns,300,98565500.0,101830800.0,116692240.0,96371000,121970000
m1-d256-a5-h16-b16-r16-I_bel,authority_check_ns,ns,300,2776875.0,2888179.2,3334509.92,2719250,3553875
m1-d256-a5-h16-b16-r16-I_bel,core_digest_ns,ns,300,2524041.5,2606268.75,3005975.9199999995,2473041,4832833
m1-d256-a5-h16-b16-r16-I_bel,effective_I_bel_ns,ns,300,12992750.0,13585575.0,14094401.669999998,12744041,19354458
m1-d256-a5-h16-b16-r16-I_bel,effective_I_hist_ns,ns,300,353229.5,377898.55,434526.5799999999,342875,1026625
m1-d256-a5-h16-b16-r16-I_bel,effective_I_norm_ns,ns,300,26083.0,32210.100000000002,44136.49999999995,23292,87083
m1-d256-a5-h16-b16-r16-I_bel,effective_I_rel_ns,ns,300,20000.0,24296.15,26596.74999999999,18333,38250
m1-d256-a5-h16-b16-r16-I_bel,effective_I_temp_ns,ns,300,6833.0,11094.400000000001,15221.749999999987,5000,34667
m1-d256-a5-h16-b16-r16-I_bel,native_I_bel_ns,ns,300,49895.5,58844.4,73710.92,47750,161208
m1-d256-a5-h16-b16-r16-I_bel,native_I_hist_ns,ns,300,353229.5,377898.55,434526.5799999999,342875,1026625
m1-d256-a5-h16-b16-r16-I_bel,native_I_norm_ns,ns,300,26083.0,32210.100000000002,44136.49999999995,23292,87083
m1-d256-a5-h16-b16-r16-I_bel,native_I_rel_ns,ns,300,20000.0,24296.15,26596.74999999999,18333,38250
m1-d256-a5-h16-b16-r16-I_bel,native_I_temp_ns,ns,300,6833.0,11094.400000000001,15221.749999999987,5000,34667
m1-d256-a5-h16-b16-r16-I_bel,proposal_digest_ns,ns,300,2430667.0,2509141.65,3064623.0,2388583,7310500
m1-d256-a5-h16-b16-r16-I_bel,provenance_check_ns,ns,300,1179000.0,1257378.85,1393731.7499999988,1144167,24626875
m1-d256-a5-h16-b16-r16-I_bel,receipt_signature_check_ns,ns,300,162208.0,175220.2,191678.66999999987,159167,564167
m1-d256-a5-h16-b16-r16-I_bel,signature_primitive_ns,ns,2100,149583.0,166210.1,205960.23999999996,144834,944625
m1-d256-a5-h16-b16-r16-I_bel,signature_primitive_sum_ns,ns,300,1048854.5,1155224.4000000001,1416096.9999999995,1035043,2448543
m1-d256-a5-h16-b16-r16-I_bel,stage_1_lineage_ns,ns,300,7037291.5,8121633.300000001,9968405.179999998,6904166,11572625
m1-d256-a5-h16-b16-r16-I_bel,stage_2_authority_ns,ns,300,2790916.5,3187446.450000001,3890570.4199999995,2736625,5594250
m1-d256-a5-h16-b16-r16-I_bel,stage_3_provenance_ns,ns,300,1170396.0,1302379.15,2111473.9299999997,1135250,2403625
m1-d256-a5-h16-b16-r16-I_bel,stage_4_state_application_ns,ns,300,2130729.0,2397981.25,2955560.9199999995,2083708,3482833
m1-d256-a5-h16-b16-r16-I_bel,stage_5_semantics_ns,ns,300,13443312.5,14854258.05,16359823.15999999,13182833,29617167
m1-d256-a5-h16-b16-r16-I_bel,state_application_ns,ns,300,836542.0,907927.1,1112750.4199999983,802750,1392417
m1-d256-a5-h16-b16-r16-I_bel,state_hash_candidate_ns,ns,300,641333.0,688485.1,850107.0799999983,623250,1960917
m1-d256-a5-h16-b16-r16-I_bel,state_hash_predecessor_ns,ns,300,640250.0,681422.6,728073.9899999961,621542,1812625
m1-d256-a5-h16-b16-r16-I_bel,total_cct_ns,ns,300,27878167.0,30729914.6,36235111.33,27355500,44252917
m1-d256-a5-h16-b16-r16-I_bel,total_process_cpu_ns,ns,300,27874000.0,30272800.0,35406320.0,27356000,41783000
m1-d4-a0-h16-b16-r16-native,authority_check_ns,ns,300,232145.5,251029.2,302511.98999999627,225959,808584
m1-d4-a0-h16-b16-r16-native,core_digest_ns,ns,300,85895.5,92708.65000000001,111255.91999999984,81542,340042
m1-d4-a0-h16-b16-r16-native,effective_I_bel_ns,ns,300,44958.0,49043.1,66739.90999999993,43375,110625
m1-d4-a0-h16-b16-r16-native,effective_I_hist_ns,ns,300,350708.5,368545.2,410767.4999999992,339333,906417
m1-d4-a0-h16-b16-r16-native,effective_I_norm_ns,ns,300,25271.0,29210.100000000002,31128.329999999998,23042,70167
m1-d4-a0-h16-b16-r16-native,effective_I_rel_ns,ns,300,19750.0,22187.800000000003,25598.919999999947,18709,62541
m1-d4-a0-h16-b16-r16-native,effective_I_temp_ns,ns,300,6542.0,8458.0,14168.929999999997,4917,36708
m1-d4-a0-h16-b16-r16-native,native_I_bel_ns,ns,300,44958.0,49043.1,66739.90999999993,43375,110625
m1-d4-a0-h16-b16-r16-native,native_I_hist_ns,ns,300,350708.5,368545.2,410767.4999999992,339333,906417
m1-d4-a0-h16-b16-r16-native,native_I_norm_ns,ns,300,25271.0,29210.100000000002,31128.329999999998,23042,70167
m1-d4-a0-h16-b16-r16-native,native_I_rel_ns,ns,300,19750.0,22187.800000000003,25598.919999999947,18709,62541
m1-d4-a0-h16-b16-r16-native,native_I_temp_ns,ns,300,6542.0,8458.0,14168.929999999997,4917,36708
m1-d4-a0-h16-b16-r16-native,proposal_digest_ns,ns,300,81395.5,89853.85,102984.99999999865,77333,616500
m1-d4-a0-h16-b16-r16-native,provenance_check_ns,ns,300,21833.5,24879.15,28953.249999999738,20042,102584
m1-d4-a0-h16-b16-r16-native,receipt_signature_check_ns,ns,300,163375.0,181410.45,238235.82999999786,160750,845667
m1-d4-a0-h16-b16-r16-native,signature_primitive_ns,ns,600,147562.5,157796.15,168094.0,145334,189292
m1-d4-a0-h16-b16-r16-native,signature_primitive_sum_ns,ns,300,295104.5,312820.8,322007.66,292417,342084
m1-d4-a0-h16-b16-r16-native,stage_1_lineage_ns,ns,300,2246375.5,2350847.9,2429801.67,2197542,2611666
m1-d4-a0-h16-b16-r16-native,stage_2_authority_ns,ns,300,233333.0,249864.90000000002,257926.00999999998,230250,277875
m1-d4-a0-h16-b16-r16-native,stage_3_provenance_ns,ns,300,22875.0,25333.0,28463.419999999995,22042,42791
m1-d4-a0-h16-b16-r16-native,stage_4_state_application_ns,ns,300,2135792.0,2223964.6,2372333.829999999,2082250,2593625
m1-d4-a0-h16-b16-r16-native,stage_5_semantics_ns,ns,300,453604.0,481135.4,519458.74999999994,443750,761458
m1-d4-a0-h16-b16-r16-native,state_application_ns,ns,300,842041.0,889643.75,1638356.839999998,800125,3070125
m1-d4-a0-h16-b16-r16-native,state_hash_candidate_ns,ns,300,636687.0,670344.1000000001,760039.4099999904,621083,2947583
m1-d4-a0-h16-b16-r16-native,state_hash_predecessor_ns,ns,300,637625.0,680079.5000000001,738115.7399999916,623125,2981291
m1-d4-a0-h16-b16-r16-native,total_cct_ns,ns,300,6394354.0,6630084.0,6855410.499999999,6272000,7230792
m1-d4-a0-h16-b16-r16-native,total_process_cpu_ns,ns,300,6394000.0,6616100.0,6816619.999999999,6272000,7098000
m1-d4-a1-h16-b16-r16-I_bel,authority_check_ns,ns,300,231666.5,249624.70000000004,295909.4899999964,226750,1828041
m1-d4-a1-h16-b16-r16-I_bel,core_digest_ns,ns,300,103979.5,111887.5,128759.99999999999,99333,283250
m1-d4-a1-h16-b16-r16-I_bel,effective_I_bel_ns,ns,300,248208.0,262870.2,289687.08999999997,241459,739125
m1-d4-a1-h16-b16-r16-I_bel,effective_I_hist_ns,ns,300,351750.0,371937.8,713193.8399999995,341333,4187458
m1-d4-a1-h16-b16-r16-I_bel,effective_I_norm_ns,ns,300,25334.0,30794.05,56528.32999999997,23125,90958
m1-d4-a1-h16-b16-r16-I_bel,effective_I_rel_ns,ns,300,19791.0,22887.500000000004,44241.15999999993,18500,67583
m1-d4-a1-h16-b16-r16-I_bel,effective_I_temp_ns,ns,300,6542.0,7670.200000000001,13677.25999999999,4875,38209
m1-d4-a1-h16-b16-r16-I_bel,native_I_bel_ns,ns,300,45041.5,48463.15,54219.66999999999,43041,124625
m1-d4-a1-h16-b16-r16-I_bel,native_I_hist_ns,ns,300,351750.0,371937.8,713193.8399999995,341333,4187458
m1-d4-a1-h16-b16-r16-I_bel,native_I_norm_ns,ns,300,25334.0,30794.05,56528.32999999997,23125,90958
m1-d4-a1-h16-b16-r16-I_bel,native_I_rel_ns,ns,300,19791.0,22887.500000000004,44241.15999999993,18500,67583
m1-d4-a1-h16-b16-r16-I_bel,native_I_temp_ns,ns,300,6542.0,7670.200000000001,13677.25999999999,4875,38209
m1-d4-a1-h16-b16-r16-I_bel,proposal_digest_ns,ns,300,81333.0,89362.20000000001,104556.15999999874,77000,284709
m1-d4-a1-h16-b16-r16-I_bel,provenance_check_ns,ns,300,21833.0,24465.2,32799.409999999916,19667,102083
m1-d4-a1-h16-b16-r16-I_bel,receipt_signature_check_ns,ns,300,163375.0,172812.15000000002,263780.079999998,160708,698333
m1-d4-a1-h16-b16-r16-I_bel,signature_primitive_ns,ns,900,147750.0,159716.35,171966.91,145458,247583
m1-d4-a1-h16-b16-r16-I_bel,signature_primitive_sum_ns,ns,300,444166.5,471589.9,509217.9099999999,440209,629666
m1-d4-a1-h16-b16-r16-I_bel,stage_1_lineage_ns,ns,300,2268771.0,2391370.85,2630331.4899999998,2232792,3240542
m1-d4-a1-h16-b16-r16-I_bel,stage_2_authority_ns,ns,300,233687.0,249293.45000000004,278558.65999999986,230000,404541
m1-d4-a1-h16-b16-r16-I_bel,stage_3_provenance_ns,ns,300,22958.0,27211.05,33844.66999999999,22208,38209
m1-d4-a1-h16-b16-r16-I_bel,stage_4_state_application_ns,ns,300,2134645.5,2242902.4,2532178.249999993,2096500,26496459
m1-d4-a1-h16-b16-r16-I_bel,stage_5_semantics_ns,ns,300,660791.0,719460.4500000001,802074.08,648625,879375
m1-d4-a1-h16-b16-r16-I_bel,state_application_ns,ns,300,846625.0,883099.7000000001,1080909.4999999967,800542,3031708
m1-d4-a1-h16-b16-r16-I_bel,state_hash_candidate_ns,ns,300,638229.0,673985.75,900652.8299999926,624333,2016167
m1-d4-a1-h16-b16-r16-I_bel,state_hash_predecessor_ns,ns,300,639271.0,673961.05,708251.7499999967,622291,1750250
m1-d4-a1-h16-b16-r16-I_bel,total_cct_ns,ns,300,6620750.0,6924437.2,8072680.589999995,6535208,30989917
m1-d4-a1-h16-b16-r16-I_bel,total_process_cpu_ns,ns,300,6618000.0,6895850.0,7993589.999999995,6536000,30994000
m1-d4-a10-h16-b16-r16-I_bel,authority_check_ns,ns,300,230541.5,241908.35,258881.48999999996,224708,274292
m1-d4-a10-h16-b16-r16-I_bel,core_digest_ns,ns,300,251020.5,262556.55,271461.49,244667,278292
m1-d4-a10-h16-b16-r16-I_bel,effective_I_bel_ns,ns,300,2415104.0,2468081.25,2515692.92,2388834,2559083
m1-d4-a10-h16-b16-r16-I_bel,effective_I_hist_ns,ns,300,351000.0,363428.55,383292.08999999997,341750,413375
m1-d4-a10-h16-b16-r16-I_bel,effective_I_norm_ns,ns,300,25250.0,27127.05,31458.84,22667,36459
m1-d4-a10-h16-b16-r16-I_bel,effective_I_rel_ns,ns,300,19791.0,21085.100000000002,26461.339999999997,18500,28625
m1-d4-a10-h16-b16-r16-I_bel,effective_I_temp_ns,ns,300,6583.0,7458.0,8381.669999999995,5042,12209
m1-d4-a10-h16-b16-r16-I_bel,native_I_bel_ns,ns,300,44875.0,47300.3,50757.91999999999,42667,60334
m1-d4-a10-h16-b16-r16-I_bel,native_I_hist_ns,ns,300,351000.0,363428.55,383292.08999999997,341750,413375
m1-d4-a10-h16-b16-r16-I_bel,native_I_norm_ns,ns,300,25250.0,27127.05,31458.84,22667,36459
m1-d4-a10-h16-b16-r16-I_bel,native_I_rel_ns,ns,300,19791.0,21085.100000000002,26461.339999999997,18500,28625
m1-d4-a10-h16-b16-r16-I_bel,native_I_temp_ns,ns,300,6583.0,7458.0,8381.669999999995,5042,12209
m1-d4-a10-h16-b16-r16-I_bel,proposal_digest_ns,ns,300,80687.5,87416.05,92840.92,76625,105333
m1-d4-a10-h16-b16-r16-I_bel,provenance_check_ns,ns,300,22000.0,24210.100000000002,27252.499999999996,19667,30333
m1-d4-a10-h16-b16-r16-I_bel,receipt_signature_check_ns,ns,300,164792.0,171643.75,180328.65999999997,162541,189083
m1-d4-a10-h16-b16-r16-I_bel,signature_primitive_ns,ns,3600,147792.0,155627.05,165293.65999999997,143750,559500
m1-d4-a10-h16-b16-r16-I_bel,signature_primitive_sum_ns,ns,300,1778604.5,1817312.8,1870801.83,1762959,4927416
m1-d4-a10-h16-b16-r16-I_bel,stage_1_lineage_ns,ns,300,2404104.5,2478320.85,2539761.25,2363625,6340291
m1-d4-a10-h16-b16-r16-I_bel,stage_2_authority_ns,ns,300,232292.0,246012.5,259071.98999999996,229250,274583
m1-d4-a10-h16-b16-r16-I_bel,stage_3_provenance_ns,ns,300,22937.5,24877.100000000002,27797.409999999996,22084,29250
m1-d4-a10-h16-b16-r16-I_bel,stage_4_state_application_ns,ns,300,2122042.0,2196501.75,2296045.92,2082916,4412959
m1-d4-a10-h16-b16-r16-I_bel,stage_5_semantics_ns,ns,300,2827437.5,2915928.85,3011616.67,2790875,9287167
m1-d4-a10-h16-b16-r16-I_bel,state_application_ns,ns,300,842979.0,872464.25,890169.9999999999,797792,930292
m1-d4-a10-h16-b16-r16-I_bel,state_hash_candidate_ns,ns,300,636812.5,669858.0,686400.09,621708,736583
m1-d4-a10-h16-b16-r16-I_bel,state_hash_predecessor_ns,ns,300,636208.0,670956.25,705344.67,619541,823666
m1-d4-a10-h16-b16-r16-I_bel,total_cct_ns,ns,300,8904479.0,9109231.55,9281179.999999993,8779125,20371917
m1-d4-a10-h16-b16-r16-I_bel,total_process_cpu_ns,ns,300,8905000.0,9107500.0,9276439.999999994,8779000,18413000
m1-d4-a3-h16-b16-r16-I_bel,authority_check_ns,ns,300,231250.0,250454.5,297294.16999999975,225167,423708
m1-d4-a3-h16-b16-r16-I_bel,core_digest_ns,ns,300,137333.0,146213.15,169205.41999999993,131833,345458
m1-d4-a3-h16-b16-r16-I_bel,effective_I_bel_ns,ns,300,729166.5,796154.2000000001,1106972.3299999996,713834,1368708
m1-d4-a3-h16-b16-r16-I_bel,effective_I_hist_ns,ns,300,352354.5,372906.25,670645.5099999986,339250,902625
m1-d4-a3-h16-b16-r16-I_bel,effective_I_norm_ns,ns,300,25333.5,28718.45,35254.17,23833,39042
m1-d4-a3-h16-b16-r16-I_bel,effective_I_rel_ns,ns,300,19875.0,22671.15,30753.23999999992,18666,49208
m1-d4-a3-h16-b16-r16-I_bel,effective_I_temp_ns,ns,300,6625.0,8931.600000000004,12131.249999999995,4917,20125
m1-d4-a3-h16-b16-r16-I_bel,native_I_bel_ns,ns,300,45187.5,50252.1,52625.0,43334,99250
m1-d4-a3-h16-b16-r16-I_bel,native_I_hist_ns,ns,300,352354.5,372906.25,670645.5099999986,339250,902625
m1-d4-a3-h16-b16-r16-I_bel,native_I_norm_ns,ns,300,25333.5,28718.45,35254.17,23833,39042
m1-d4-a3-h16-b16-r16-I_bel,native_I_rel_ns,ns,300,19875.0,22671.15,30753.23999999992,18666,49208
m1-d4-a3-h16-b16-r16-I_bel,native_I_temp_ns,ns,300,6625.0,8931.600000000004,12131.249999999995,4917,20125
m1-d4-a3-h16-b16-r16-I_bel,proposal_digest_ns,ns,300,81000.0,89393.75,97470.65999999999,77167,120458
m1-d4-a3-h16-b16-r16-I_bel,provenance_check_ns,ns,300,22041.0,25173.25,28260.83999999999,19208,35166
m1-d4-a3-h16-b16-r16-I_bel,receipt_signature_check_ns,ns,300,162958.5,177594.1,196117.24999999994,160500,257875
m1-d4-a3-h16-b16-r16-I_bel,signature_primitive_ns,ns,1500,147250.0,159340.19999999998,218288.74999999997,143667,934084
m1-d4-a3-h16-b16-r16-I_bel,signature_primitive_sum_ns,ns,300,737291.0,787164.9000000003,962812.4099999989,728919,2492834
m1-d4-a3-h16-b16-r16-I_bel,stage_1_lineage_ns,ns,300,2305666.5,2528039.6,3000714.9099999974,2258542,4028167
m1-d4-a3-h16-b16-r16-I_bel,stage_2_authority_ns,ns,300,233687.0,254397.95,296153.32999999943,230166,813375
m1-d4-a3-h16-b16-r16-I_bel,stage_3_provenance_ns,ns,300,23083.5,27016.650000000005,30646.329999999944,22083,89083
m1-d4-a3-h16-b16-r16-I_bel,stage_4_state_application_ns,ns,300,2136062.5,2312502.1,2836897.0799999866,2091417,23980375
m1-d4-a3-h16-b16-r16-I_bel,stage_5_semantics_ns,ns,300,1146291.5,1268260.4,1691561.0799999945,1128167,3994333
m1-d4-a3-h16-b16-r16-I_bel,state_application_ns,ns,300,845687.0,903925.3,1063973.3299999987,802959,1511417
m1-d4-a3-h16-b16-r16-I_bel,state_hash_candidate_ns,ns,300,637833.5,679529.15,723119.8299999998,625541,913958
m1-d4-a3-h16-b16-r16-I_bel,state_hash_predecessor_ns,ns,300,638562.5,672145.85,814346.1699999992,624167,1182916
m1-d4-a3-h16-b16-r16-I_bel,total_cct_ns,ns,300,7153854.0,7845606.600000001,10905451.749999968,7034333,29046167
m1-d4-a3-h16-b16-r16-I_bel,total_process_cpu_ns,ns,300,7152500.0,7762100.0,10577269.999999985,7034000,28976000
m1-d4-a32-h16-b16-r16-I_bel,authority_check_ns,ns,300,231584.0,242169.05,259407.58999999994,224542,841125
m1-d4-a32-h16-b16-r16-I_bel,core_digest_ns,ns,300,607854.5,637712.5,716646.9099999986,592375,1548292
m1-d4-a32-h16-b16-r16-I_bel,effective_I_bel_ns,ns,300,7744604.0,8204174.35,8447649.26,7652875,17702292
m1-d4-a32-h16-b16-r16-I_bel,effective_I_hist_ns,ns,300,351625.0,367995.2,386248.6599999999,340875,899583
m1-d4-a32-h16-b16-r16-I_bel,effective_I_norm_ns,ns,300,25541.5,27963.100000000002,33339.33999999995,23792,68333
m1-d4-a32-h16-b16-r16-I_bel,effective_I_rel_ns,ns,300,19834.0,23004.2,29408.32999999997,18625,83625
m1-d4-a32-h16-b16-r16-I_bel,effective_I_temp_ns,ns,300,6708.0,9504.150000000001,13044.499999999998,4958,29083
m1-d4-a32-h16-b16-r16-I_bel,native_I_bel_ns,ns,300,45000.0,48669.05,51669.5,43250,119417
m1-d4-a32-h16-b16-r16-I_bel,native_I_hist_ns,ns,300,351625.0,367995.2,386248.6599999999,340875,899583
m1-d4-a32-h16-b16-r16-I_bel,native_I_norm_ns,ns,300,25541.5,27963.100000000002,33339.33999999995,23792,68333
m1-d4-a32-h16-b16-r16-I_bel,native_I_rel_ns,ns,300,19834.0,23004.2,29408.32999999997,18625,83625
m1-d4-a32-h16-b16-r16-I_bel,native_I_temp_ns,ns,300,6708.0,9504.150000000001,13044.499999999998,4958,29083
m1-d4-a32-h16-b16-r16-I_bel,proposal_digest_ns,ns,300,81125.0,87087.2,95627.08,76584,205625
m1-d4-a32-h16-b16-r16-I_bel,provenance_check_ns,ns,300,22042.0,24348.550000000003,27510.82999999999,19583,64584
m1-d4-a32-h16-b16-r16-I_bel,receipt_signature_check_ns,ns,300,165125.0,172764.6,188023.83999999994,162625,513500
m1-d4-a32-h16-b16-r16-I_bel,signature_primitive_ns,ns,10200,148667.0,156666.0,168923.09000000014,143959,451750
m1-d4-a32-h16-b16-r16-I_bel,signature_primitive_sum_ns,ns,300,5067478.0,5354345.45,5512582.77,5022209,5568166
m1-d4-a32-h16-b16-r16-I_bel,stage_1_lineage_ns,ns,300,2775396.0,2972577.7,3309553.92,2719917,3587208
m1-d4-a32-h16-b16-r16-I_bel,stage_2_authority_ns,ns,300,233916.0,245801.45,281476.2499999999,230542,307792
m1-d4-a32-h16-b16-r16-I_bel,stage_3_provenance_ns,ns,300,23250.0,26750.0,28473.989999999987,22375,34917
m1-d4-a32-h16-b16-r16-I_bel,stage_4_state_application_ns,ns,300,2126396.5,2222508.3000000003,2997576.84,2075917,26188583
m1-d4-a32-h16-b16-r16-I_bel,stage_5_semantics_ns,ns,300,8179750.0,8799963.15,8948867.08,8073166,8983875
m1-d4-a32-h16-b16-r16-I_bel,state_application_ns,ns,300,847958.0,897751.8,923674.0799999998,801500,2316167
m1-d4-a32-h16-b16-r16-I_bel,state_hash_candidate_ns,ns,300,640875.0,682810.75,749655.329999997,623166,1622250
m1-d4-a32-h16-b16-r16-I_bel,state_hash_predecessor_ns,ns,300,639354.5,680535.45,740795.4199999998,620875,1697417
m1-d4-a32-h16-b16-r16-I_bel,total_cct_ns,ns,300,14695729.0,15573966.7,16019602.169999998,14466917,38862000
m1-d4-a32-h16-b16-r16-I_bel,total_process_cpu_ns,ns,300,14694000.0,15436300.0,15760419.999999998,14468000,38804000
m1-d4-a5-h16-b16-r16-I_bel,authority_check_ns,ns,300,230833.0,240961.05,247075.58999999997,224417,269416
m1-d4-a5-h16-b16-r16-I_bel,core_digest_ns,ns,300,170625.0,177211.05,190861.00999999992,163541,217875
m1-d4-a5-h16-b16-r16-I_bel,effective_I_bel_ns,ns,300,1208458.5,1232728.85,1294042.68,1188083,1315791
m1-d4-a5-h16-b16-r16-I_bel,effective_I_hist_ns,ns,300,351145.5,363222.6,393191.83999999997,339042,448708
m1-d4-a5-h16-b16-r16-I_bel,effective_I_norm_ns,ns,300,25292.0,27420.2,30967.589999999993,22917,35750
m1-d4-a5-h16-b16-r16-I_bel,effective_I_rel_ns,ns,300,19833.0,20712.15,25630.419999999995,18375,27208
m1-d4-a5-h16-b16-r16-I_bel,effective_I_temp_ns,ns,300,6583.0,7333.0,8169.759999999997,5125,12792
m1-d4-a5-h16-b16-r16-I_bel,native_I_bel_ns,ns,300,44875.0,47171.15,52799.079999999994,43000,57500
m1-d4-a5-h16-b16-r16-I_bel,native_I_hist_ns,ns,300,351145.5,363222.6,393191.83999999997,339042,448708
m1-d4-a5-h16-b16-r16-I_bel,native_I_norm_ns,ns,300,25292.0,27420.2,30967.589999999993,22917,35750
m1-d4-a5-h16-b16-r16-I_bel,native_I_rel_ns,ns,300,19833.0,20712.15,25630.419999999995,18375,27208
m1-d4-a5-h16-b16-r16-I_bel,native_I_temp_ns,ns,300,6583.0,7333.0,8169.759999999997,5125,12792
m1-d4-a5-h16-b16-r16-I_bel,proposal_digest_ns,ns,300,80937.5,85531.25,89845.08999999998,75958,96958
m1-d4-a5-h16-b16-r16-I_bel,provenance_check_ns,ns,300,21792.0,23375.0,24480.50999999998,19500,27958
m1-d4-a5-h16-b16-r16-I_bel,receipt_signature_check_ns,ns,300,163958.0,170085.1,178257.91999999998,161333,186209
m1-d4-a5-h16-b16-r16-I_bel,signature_primitive_ns,ns,2100,147250.0,153208.0,161042.41,143708,230666
m1-d4-a5-h16-b16-r16-I_bel,signature_primitive_sum_ns,ns,300,1031832.0,1053613.75,1077040.0899999999,1024249,1118625
m1-d4-a5-h16-b16-r16-I_bel,stage_1_lineage_ns,ns,300,2333062.0,2394089.6,2450276.01,2282750,2519917
m1-d4-a5-h16-b16-r16-I_bel,stage_2_authority_ns,ns,300,232875.0,242333.05,250555.83999999994,228708,289083
m1-d4-a5-h16-b16-r16-I_bel,stage_3_provenance_ns,ns,300,22916.5,24355.900000000005,28795.169999999995,21959,31792
m1-d4-a5-h16-b16-r16-I_bel,stage_4_state_application_ns,ns,300,2135917.0,2203250.3,2251447.17,2081375,2336292
m1-d4-a5-h16-b16-r16-I_bel,stage_5_semantics_ns,ns,300,1625770.5,1666930.65,1731731.3299999998,1601625,1769417
m1-d4-a5-h16-b16-r16-I_bel,state_application_ns,ns,300,842646.0,873691.7000000001,919280.0,801084,960792
m1-d4-a5-h16-b16-r16-I_bel,state_hash_candidate_ns,ns,300,637958.5,667720.5,692375.24,620291,706916
m1-d4-a5-h16-b16-r16-I_bel,state_hash_predecessor_ns,ns,300,638041.5,662847.6,691183.3299999998,623833,728125
m1-d4-a5-h16-b16-r16-I_bel,total_cct_ns,ns,300,7667542.0,7806901.8,7863779.17,7506542,7911916
m1-d4-a5-h16-b16-r16-I_bel,total_process_cpu_ns,ns,300,7667500.0,7795150.0,7831250.0,7507000,7892000
m1-d64-a0-h16-b16-r16-native,authority_check_ns,ns,300,840499.5,864527.7000000001,1022249.4999999894,824959,3281583
m1-d64-a0-h16-b16-r16-native,core_digest_ns,ns,300,647854.0,676135.1,720824.5899999999,634208,1657708
m1-d64-a0-h16-b16-r16-native,effective_I_bel_ns,ns,300,46250.0,49929.450000000004,57338.42,44000,144166
m1-d64-a0-h16-b16-r16-native,effective_I_hist_ns,ns,300,350979.5,366880.65,397746.24999999616,342167,1077709
m1-d64-a0-h16-b16-r16-native,effective_I_norm_ns,ns,300,25584.0,27627.100000000002,36907.32999999982,22959,157292
m1-d64-a0-h16-b16-r16-native,effective_I_rel_ns,ns,300,19750.0,21669.100000000002,29002.499999999996,18375,76958
m1-d64-a0-h16-b16-r16-native,effective_I_temp_ns,ns,300,6625.0,7715.200000000002,11194.999999999936,4959,54583
m1-d64-a0-h16-b16-r16-native,native_I_bel_ns,ns,300,46250.0,49929.450000000004,57338.42,44000,144166
m1-d64-a0-h16-b16-r16-native,native_I_hist_ns,ns,300,350979.5,366880.65,397746.24999999616,342167,1077709
m1-d64-a0-h16-b16-r16-native,native_I_norm_ns,ns,300,25584.0,27627.100000000002,36907.32999999982,22959,157292
m1-d64-a0-h16-b16-r16-native,native_I_rel_ns,ns,300,19750.0,21669.100000000002,29002.499999999996,18375,76958
m1-d64-a0-h16-b16-r16-native,native_I_temp_ns,ns,300,6625.0,7715.200000000002,11194.999999999936,4959,54583
m1-d64-a0-h16-b16-r16-native,proposal_digest_ns,ns,300,642375.0,671274.7000000001,712190.5099999999,627375,1869167
m1-d64-a0-h16-b16-r16-native,provenance_check_ns,ns,300,288959.0,306667.30000000005,333106.9099999993,281209,1036792
m1-d64-a0-h16-b16-r16-native,receipt_signature_check_ns,ns,300,163645.5,173802.4,184824.90999999997,161250,550125
m1-d64-a0-h16-b16-r16-native,signature_primitive_ns,ns,600,150062.5,160429.44999999998,170369.25999999998,146791,461250
m1-d64-a0-h16-b16-r16-native,signature_primitive_sum_ns,ns,300,299291.5,315629.15,329985.3299999994,296375,861417
m1-d64-a0-h16-b16-r16-native,stage_1_lineage_ns,ns,300,3374250.0,3482931.5500000003,3594894.259999998,3322583,12116084
m1-d64-a0-h16-b16-r16-native,stage_2_authority_ns,ns,300,842938.0,898914.9,955418.4199999976,827416,1952125
m1-d64-a0-h16-b16-r16-native,stage_3_provenance_ns,ns,300,287896.0,306502.05,342653.7499999999,281041,674667
m1-d64-a0-h16-b16-r16-native,stage_4_state_application_ns,ns,300,2132479.5,2234373.25,4358317.909999991,2087708,26535291
m1-d64-a0-h16-b16-r16-native,stage_5_semantics_ns,ns,300,456042.0,483239.25,539358.84,445750,769000
m1-d64-a0-h16-b16-r16-native,state_application_ns,ns,300,840792.0,874560.4,2257260.5899999985,801709,4464125
m1-d64-a0-h16-b16-r16-native,state_hash_candidate_ns,ns,300,637687.5,680768.75,716388.7499999916,623833,2032833
m1-d64-a0-h16-b16-r16-native,state_hash_predecessor_ns,ns,300,637979.5,680698.2,717701.6699999935,623208,2139542
m1-d64-a0-h16-b16-r16-native,total_cct_ns,ns,300,8395250.0,8589901.75,13831325.089999938,8260500,32771125
m1-d64-a0-h16-b16-r16-native,total_process_cpu_ns,ns,300,8394500.0,8566350.0,13572069.999999968,8261000,32740000
m1-d64-a1-h16-b16-r16-I_bel,authority_check_ns,ns,300,837583.5,867998.25,900135.6599999999,822583,916625
m1-d64-a1-h16-b16-r16-I_bel,core_digest_ns,ns,300,665437.5,682486.05,699962.8299999998,645458,737875
m1-d64-a1-h16-b16-r16-I_bel,effective_I_bel_ns,ns,300,806271.0,833083.65,878223.8399999999,791375,918167
m1-d64-a1-h16-b16-r16-I_bel,effective_I_hist_ns,ns,300,350167.0,367141.7,392601.99999999994,342458,419750
m1-d64-a1-h16-b16-r16-I_bel,effective_I_norm_ns,ns,300,25500.0,27714.25,32596.06999999999,22958,39959
m1-d64-a1-h16-b16-r16-I_bel,effective_I_rel_ns,ns,300,19833.0,20541.05,25051.00999999999,18542,30292
m1-d64-a1-h16-b16-r16-I_bel,effective_I_temp_ns,ns,300,6709.0,7504.150000000001,8041.839999999999,5875,12667
m1-d64-a1-h16-b16-r16-I_bel,native_I_bel_ns,ns,300,46042.0,48930.600000000006,54129.579999999994,44500,60250
m1-d64-a1-h16-b16-r16-I_bel,native_I_hist_ns,ns,300,350167.0,367141.7,392601.99999999994,342458,419750
m1-d64-a1-h16-b16-r16-I_bel,native_I_norm_ns,ns,300,25500.0,27714.25,32596.06999999999,22958,39959
m1-d64-a1-h16-b16-r16-I_bel,native_I_rel_ns,ns,300,19833.0,20541.05,25051.00999999999,18542,30292
m1-d64-a1-h16-b16-r16-I_bel,native_I_temp_ns,ns,300,6709.0,7504.150000000001,8041.839999999999,5875,12667
m1-d64-a1-h16-b16-r16-I_bel,proposal_digest_ns,ns,300,639750.5,665467.0,694163.4199999999,623167,718167
m1-d64-a1-h16-b16-r16-I_bel,provenance_check_ns,ns,300,287542.0,311097.9,320795.33,279500,357500
m1-d64-a1-h16-b16-r16-I_bel,receipt_signature_check_ns,ns,300,164667.0,173735.1,180097.16999999998,162625,184375
m1-d64-a1-h16-b16-r16-I_bel,signature_primitive_ns,ns,900,149459.0,155717.3,166964.25,145833,180792
m1-d64-a1-h16-b16-r16-I_bel,signature_primitive_sum_ns,ns,300,447770.0,461547.3,475357.32999999996,444166,484333
m1-d64-a1-h16-b16-r16-I_bel,stage_1_lineage_ns,ns,300,3376979.0,3455854.15,3506793.66,3328792,3514667
m1-d64-a1-h16-b16-r16-I_bel,stage_2_authority_ns,ns,300,837812.5,858521.4500000001,885209.59,823166,963083
m1-d64-a1-h16-b16-r16-I_bel,stage_3_provenance_ns,ns,300,286187.5,296231.60000000003,309373.0899999999,280292,336167
m1-d64-a1-h16-b16-r16-I_bel,stage_4_state_application_ns,ns,300,2123354.0,2183368.4,2240123.09,2090167,24284042
m1-d64-a1-h16-b16-r16-I_bel,stage_5_semantics_ns,ns,300,1215021.0,1256472.6,1324340.5,1198084,1345125
m1-d64-a1-h16-b16-r16-I_bel,state_application_ns,ns,300,844270.5,875333.65,917699.0799999998,802458,939750
m1-d64-a1-h16-b16-r16-I_bel,state_hash_candidate_ns,ns,300,638250.0,678200.3,694093.6599999999,624125,737041
m1-d64-a1-h16-b16-r16-I_bel,state_hash_predecessor_ns,ns,300,640291.5,678014.6,699756.67,622834,733375
m1-d64-a1-h16-b16-r16-I_bel,total_cct_ns,ns,300,9144541.5,9295579.15,9361923.51,9031791,31306500
m1-d64-a1-h16-b16-r16-I_bel,total_process_cpu_ns,ns,300,9143500.0,9293100.0,9347030.0,9031000,31307000
m1-d64-a10-h16-b16-r16-I_bel,authority_check_ns,ns,300,838958.0,882272.6,917970.4099999999,816750,949709
m1-d64-a10-h16-b16-r16-I_bel,core_digest_ns,ns,300,812208.0,839879.4500000001,883684.5,791667,888500
m1-d64-a10-h16-b16-r16-I_bel,effective_I_bel_ns,ns,300,8024291.5,8192345.85,8245412.169999998,7870625,28738583
m1-d64-a10-h16-b16-r16-I_bel,effective_I_hist_ns,ns,300,350896.0,364221.45,401936.15999999986,340167,882417
m1-d64-a10-h16-b16-r16-I_bel,effective_I_norm_ns,ns,300,25645.5,28667.0,31960.51,23208,52125
m1-d64-a10-h16-b16-r16-I_bel,effective_I_rel_ns,ns,300,19916.5,21461.05,23500.84,18500,65042
m1-d64-a10-h16-b16-r16-I_bel,effective_I_temp_ns,ns,300,6792.0,8583.05,10297.829999999994,5167,12833
m1-d64-a10-h16-b16-r16-I_bel,native_I_bel_ns,ns,300,46125.0,50837.200000000004,54319.07999999997,43875,61875
m1-d64-a10-h16-b16-r16-I_bel,native_I_hist_ns,ns,300,350896.0,364221.45,401936.15999999986,340167,882417
m1-d64-a10-h16-b16-r16-I_bel,native_I_norm_ns,ns,300,25645.5,28667.0,31960.51,23208,52125
m1-d64-a10-h16-b16-r16-I_bel,native_I_rel_ns,ns,300,19916.5,21461.05,23500.84,18500,65042
m1-d64-a10-h16-b16-r16-I_bel,native_I_temp_ns,ns,300,6792.0,8583.05,10297.829999999994,5167,12833
m1-d64-a10-h16-b16-r16-I_bel,proposal_digest_ns,ns,300,639708.0,663853.85,708498.01,621500,716334
m1-d64-a10-h16-b16-r16-I_bel,provenance_check_ns,ns,300,288041.0,303029.15,319512.08,277458,335667
m1-d64-a10-h16-b16-r16-I_bel,receipt_signature_check_ns,ns,300,165770.5,176504.15,187516.24999999997,163042,208375
m1-d64-a10-h16-b16-r16-I_bel,signature_primitive_ns,ns,3600,149333.0,157210.09999999998,164416.41999999998,146000,204083
m1-d64-a10-h16-b16-r16-I_bel,signature_primitive_sum_ns,ns,300,1794687.0,1840578.3,1881746.0999999999,1775417,1896627
m1-d64-a10-h16-b16-r16-I_bel,stage_1_lineage_ns,ns,300,3525521.0,3631014.3000000003,3696465.2499999995,3468875,3870167
m1-d64-a10-h16-b16-r16-I_bel,stage_2_authority_ns,ns,300,838458.5,866510.4,927993.5799999998,823417,1091166
m1-d64-a10-h16-b16-r16-I_bel,stage_3_provenance_ns,ns,300,288229.5,304636.05,318759.58999999997,279708,337792
m1-d64-a10-h16-b16-r16-I_bel,stage_4_state_application_ns,ns,300,2130562.5,2237454.5,2349472.1699999995,2082958,24374542
m1-d64-a10-h16-b16-r16-I_bel,stage_5_semantics_ns,ns,300,8443270.5,8659202.1,9110881.01,8294834,9640125
m1-d64-a10-h16-b16-r16-I_bel,state_application_ns,ns,300,844416.5,884851.75,936500.42,800125,944541
m1-d64-a10-h16-b16-r16-I_bel,state_hash_candidate_ns,ns,300,639041.5,680147.9,690463.0,620625,826166
m1-d64-a10-h16-b16-r16-I_bel,state_hash_predecessor_ns,ns,300,640458.5,684713.1,715267.5,620541,1675542
m1-d64-a10-h16-b16-r16-I_bel,total_cct_ns,ns,300,16542750.0,16942039.6,17793025.839999996,16269750,38900666
m1-d64-a10-h16-b16-r16-I_bel,total_process_cpu_ns,ns,300,16542500.0,16914150.0,17634870.0,16270000,38903000
m1-d64-a3-h16-b16-r16-I_bel,authority_check_ns,ns,300,840229.0,879420.55,1125460.2499999944,810250,2607333
m1-d64-a3-h16-b16-r16-I_bel,core_digest_ns,ns,300,699812.5,731918.1,790674.9099999997,672000,2147209
m1-d64-a3-h16-b16-r16-I_bel,effective_I_bel_ns,ns,300,2414999.5,2505616.35,4295025.499999999,2372042,6493916
m1-d64-a3-h16-b16-r16-I_bel,effective_I_hist_ns,ns,300,351416.5,368347.6,572463.419999997,321917,1462167
m1-d64-a3-h16-b16-r16-I_bel,effective_I_norm_ns,ns,300,25750.0,30169.05,40146.579999999674,23375,108667
m1-d64-a3-h16-b16-r16-I_bel,effective_I_rel_ns,ns,300,19792.0,21505.95000000001,26558.659999999985,17292,53625
m1-d64-a3-h16-b16-r16-I_bel,effective_I_temp_ns,ns,300,6666.0,8546.150000000001,14205.419999999927,4958,63667
m1-d64-a3-h16-b16-r16-I_bel,native_I_bel_ns,ns,300,45916.0,51129.15,122369.24999999997,41292,132041
m1-d64-a3-h16-b16-r16-I_bel,native_I_hist_ns,ns,300,351416.5,368347.6,572463.419999997,321917,1462167
m1-d64-a3-h16-b16-r16-I_bel,native_I_norm_ns,ns,300,25750.0,30169.05,40146.579999999674,23375,108667
m1-d64-a3-h16-b16-r16-I_bel,native_I_rel_ns,ns,300,19792.0,21505.95000000001,26558.659999999985,17292,53625
m1-d64-a3-h16-b16-r16-I_bel,native_I_temp_ns,ns,300,6666.0,8546.150000000001,14205.419999999927,4958,63667
m1-d64-a3-h16-b16-r16-I_bel,proposal_digest_ns,ns,300,641479.0,662585.1,952307.079999996,621292,1804750
m1-d64-a3-h16-b16-r16-I_bel,provenance_check_ns,ns,300,288250.5,315476.45,337975.3299999996,256709,986125
m1-d64-a3-h16-b16-r16-I_bel,receipt_signature_check_ns,ns,300,164416.5,174504.15,190597.82999999734,151416,496834
m1-d64-a3-h16-b16-r16-I_bel,signature_primitive_ns,ns,1500,148333.0,155960.1,171381.66999999998,134333,476584
m1-d64-a3-h16-b16-r16-I_bel,signature_primitive_sum_ns,ns,300,742623.5,766207.8,842451.5199999987,725375,2209542
m1-d64-a3-h16-b16-r16-I_bel,stage_1_lineage_ns,ns,300,3421895.5,3494835.4,3670195.0,3330958,9949334
m1-d64-a3-h16-b16-r16-I_bel,stage_2_authority_ns,ns,300,839583.0,864475.65,912172.3299999998,793959,3132417
m1-d64-a3-h16-b16-r16-I_bel,stage_3_provenance_ns,ns,300,287020.5,301435.75,331821.9899999999,265125,675666
m1-d64-a3-h16-b16-r16-I_bel,stage_4_state_application_ns,ns,300,2134917.0,2190008.0,2247304.0799999996,2074250,21658333
m1-d64-a3-h16-b16-r16-I_bel,stage_5_semantics_ns,ns,300,2832249.5,2885744.35,3073700.25,2723125,6718708
m1-d64-a3-h16-b16-r16-I_bel,state_application_ns,ns,300,846979.0,890722.6,1146611.7499999905,785542,3330500
m1-d64-a3-h16-b16-r16-I_bel,state_hash_candidate_ns,ns,300,638459.0,683923.25,780031.9099999921,585166,1720542
m1-d64-a3-h16-b16-r16-I_bel,state_hash_predecessor_ns,ns,300,639646.0,688937.5000000001,1168638.4199999955,602750,1877916
m1-d64-a3-h16-b16-r16-I_bel,total_cct_ns,ns,300,10822667.0,10967047.9,11712152.589999959,10620334,30355125
m1-d64-a3-h16-b16-r16-I_bel,total_process_cpu_ns,ns,300,10822000.0,10947800.0,11665869.999999963,10620000,30353000
m1-d64-a32-h16-b16-r16-I_bel,authority_check_ns,ns,300,841562.0,870688.95,904542.9199999999,822000,924583
m1-d64-a32-h16-b16-r16-I_bel,core_digest_ns,ns,300,1170708.5,1209012.5,1269610.0,1146375,1393584
m1-d64-a32-h16-b16-r16-I_bel,effective_I_bel_ns,ns,300,25748896.0,26063479.5,26382218.419999972,25258500,45598208
m1-d64-a32-h16-b16-r16-I_bel,effective_I_hist_ns,ns,300,354062.5,369816.95,392151.25,343167,408292
m1-d64-a32-h16-b16-r16-I_bel,effective_I_norm_ns,ns,300,26125.0,29141.700000000004,34808.65999999998,24291,401167
m1-d64-a32-h16-b16-r16-I_bel,effective_I_rel_ns,ns,300,20083.0,23208.0,26877.499999999996,18792,27500
m1-d64-a32-h16-b16-r16-I_bel,effective_I_temp_ns,ns,300,6875.0,10091.350000000002,12085.089999999998,4916,12708
m1-d64-a32-h16-b16-r16-I_bel,native_I_bel_ns,ns,300,46334.0,51875.0,57848.98999999998,44166,293208
m1-d64-a32-h16-b16-r16-I_bel,native_I_hist_ns,ns,300,354062.5,369816.95,392151.25,343167,408292
m1-d64-a32-h16-b16-r16-I_bel,native_I_norm_ns,ns,300,26125.0,29141.700000000004,34808.65999999998,24291,401167
m1-d64-a32-h16-b16-r16-I_bel,native_I_rel_ns,ns,300,20083.0,23208.0,26877.499999999996,18792,27500
m1-d64-a32-h16-b16-r16-I_bel,native_I_temp_ns,ns,300,6875.0,10091.350000000002,12085.089999999998,4916,12708
m1-d64-a32-h16-b16-r16-I_bel,proposal_digest_ns,ns,300,641312.5,666591.9500000001,692207.0,625167,841042
m1-d64-a32-h16-b16-r16-I_bel,provenance_check_ns,ns,300,290937.5,319235.75,338589.82,281042,676000
m1-d64-a32-h16-b16-r16-I_bel,receipt_signature_check_ns,ns,300,165312.5,174795.2,185088.41999999998,162125,203708
m1-d64-a32-h16-b16-r16-I_bel,signature_primitive_ns,ns,10200,149333.0,156375.0,166041.42,145625,841333
m1-d64-a32-h16-b16-r16-I_bel,signature_primitive_sum_ns,ns,300,5095377.0,5166976.1,5513628.26999999,5042085,6939378
m1-d64-a32-h16-b16-r16-I_bel,stage_1_lineage_ns,ns,300,3888833.5,3986866.7,4055891.84,3823041,10154500
m1-d64-a32-h16-b16-r16-I_bel,stage_2_authority_ns,ns,300,840145.5,865214.55,931425.3299999998,824958,2754167
m1-d64-a32-h16-b16-r16-I_bel,stage_3_provenance_ns,ns,300,289541.5,301975.6,327480.58999999997,281750,756708
m1-d64-a32-h16-b16-r16-I_bel,stage_4_state_application_ns,ns,300,2137562.5,2202475.0,2280172.9099999997,2095875,3152125
m1-d64-a32-h16-b16-r16-I_bel,stage_5_semantics_ns,ns,300,26088562.0,26506074.65,28033435.169999972,25707167,32850792
m1-d64-a32-h16-b16-r16-I_bel,state_application_ns,ns,300,852042.0,901848.2000000001,948556.2499999979,807416,1545625
m1-d64-a32-h16-b16-r16-I_bel,state_hash_candidate_ns,ns,300,641812.0,691014.9,737221.9099999999,622083,815584
m1-d64-a32-h16-b16-r16-I_bel,state_hash_predecessor_ns,ns,300,642562.5,687887.5,740796.25,618416,892708
m1-d64-a32-h16-b16-r16-I_bel,total_cct_ns,ns,300,34626895.5,35112981.9,43207702.73999995,34120084,59605584
m1-d64-a32-h16-b16-r16-I_bel,total_process_cpu_ns,ns,300,34623500.0,35105350.0,40515279.99999995,34120000,59568000
m1-d64-a5-h16-b16-r16-I_bel,authority_check_ns,ns,300,838292.0,879943.75,1052767.9999999965,823167,2283750
m1-d64-a5-h16-b16-r16-I_bel,core_digest_ns,ns,300,731083.5,769546.15,824475.66,716958,1909250
m1-d64-a5-h16-b16-r16-I_bel,effective_I_bel_ns,ns,300,4016979.0,4215627.4,4844576.429999998,3959250,9910541
m1-d64-a5-h16-b16-r16-I_bel,effective_I_hist_ns,ns,300,351770.5,369231.9,405524.66999999934,341334,1103583
m1-d64-a5-h16-b16-r16-I_bel,effective_I_norm_ns,ns,300,25791.0,30031.250000000007,35589.07999999984,24166,79041
m1-d64-a5-h16-b16-r16-I_bel,effective_I_rel_ns,ns,300,20000.0,22437.800000000003,29504.999999999996,18625,58292
m1-d64-a5-h16-b16-r16-I_bel,effective_I_temp_ns,ns,300,6792.0,9416.05,14897.169999999942,5834,38417
m1-d64-a5-h16-b16-r16-I_bel,native_I_bel_ns,ns,300,46208.5,51497.600000000006,60816.41999999998,43750,63917
m1-d64-a5-h16-b16-r16-I_bel,native_I_hist_ns,ns,300,351770.5,369231.9,405524.66999999934,341334,1103583
m1-d64-a5-h16-b16-r16-I_bel,native_I_norm_ns,ns,300,25791.0,30031.250000000007,35589.07999999984,24166,79041
m1-d64-a5-h16-b16-r16-I_bel,native_I_rel_ns,ns,300,20000.0,22437.800000000003,29504.999999999996,18625,58292
m1-d64-a5-h16-b16-r16-I_bel,native_I_temp_ns,ns,300,6792.0,9416.05,14897.169999999942,5834,38417
m1-d64-a5-h16-b16-r16-I_bel,proposal_digest_ns,ns,300,639458.0,666778.85,707411.6699999998,625584,1129042
m1-d64-a5-h16-b16-r16-I_bel,provenance_check_ns,ns,300,288166.5,314921.15,339307.41,282416,749708
m1-d64-a5-h16-b16-r16-I_bel,receipt_signature_check_ns,ns,300,164208.0,174916.05,198336.99999999997,161542,490500
m1-d64-a5-h16-b16-r16-I_bel,signature_primitive_ns,ns,2100,148875.0,157792.0,167292.67999999996,145916,209834
m1-d64-a5-h16-b16-r16-I_bel,signature_primitive_sum_ns,ns,300,1044875.0,1079700.25,1096658.99,1033710,1117502
m1-d64-a5-h16-b16-r16-I_bel,stage_1_lineage_ns,ns,300,3469812.5,3586251.75,3675818.3299999996,3403708,3721750
m1-d64-a5-h16-b16-r16-I_bel,stage_2_authority_ns,ns,300,842396.0,868658.35,913812.8299999998,829833,968916
m1-d64-a5-h16-b16-r16-I_bel,stage_3_provenance_ns,ns,300,289229.0,303204.15,333728.6599999999,282292,356750
m1-d64-a5-h16-b16-r16-I_bel,stage_4_state_application_ns,ns,300,2142416.5,2225789.9,2270690.42,2100500,2321792
m1-d64-a5-h16-b16-r16-I_bel,stage_5_semantics_ns,ns,300,4451229.0,4589803.85,4658228.09,4378583,4786041
m1-d64-a5-h16-b16-r16-I_bel,state_application_ns,ns,300,844812.5,906321.15,1285617.4999999998,804000,2260583
m1-d64-a5-h16-b16-r16-I_bel,state_hash_candidate_ns,ns,300,641437.0,690743.75,717968.33,626584,1297792
m1-d64-a5-h16-b16-r16-I_bel,state_hash_predecessor_ns,ns,300,641021.0,689520.55,774414.669999999,627250,25619041
m1-d64-a5-h16-b16-r16-I_bel,total_cct_ns,ns,300,12515874.5,12840706.25,13014473.33,12308875,13113458
m1-d64-a5-h16-b16-r16-I_bel,total_process_cpu_ns,ns,300,12514000.0,12823200.0,12976440.0,12310000,13071000
m16-d0-a0-h16-b16-r16-native,authority_check_ns,ns,300,333021.0,347687.5,368104.49999999994,327125,387708
m16-d0-a0-h16-b16-r16-native,core_digest_ns,ns,300,166750.0,174308.65,183179.99999999994,160666,244000
m16-d0-a0-h16-b16-r16-native,effective_I_bel_ns,ns,300,44625.0,46673.25,50796.159999999996,42959,52208
m16-d0-a0-h16-b16-r16-native,effective_I_hist_ns,ns,300,350083.0,360793.1,378332.8299999997,342416,417208
m16-d0-a0-h16-b16-r16-native,effective_I_norm_ns,ns,300,25250.0,27417.0,30757.91999999999,23000,32333
m16-d0-a0-h16-b16-r16-native,effective_I_rel_ns,ns,300,19625.0,20544.100000000002,22131.659999999993,18375,29500
m16-d0-a0-h16-b16-r16-native,effective_I_temp_ns,ns,300,6562.5,7502.1,8506.249999999995,4875,10333
m16-d0-a0-h16-b16-r16-native,native_I_bel_ns,ns,300,44625.0,46673.25,50796.159999999996,42959,52208
m16-d0-a0-h16-b16-r16-native,native_I_hist_ns,ns,300,350083.0,360793.1,378332.8299999997,342416,417208
m16-d0-a0-h16-b16-r16-native,native_I_norm_ns,ns,300,25250.0,27417.0,30757.91999999999,23000,32333
m16-d0-a0-h16-b16-r16-native,native_I_rel_ns,ns,300,19625.0,20544.100000000002,22131.659999999993,18375,29500
m16-d0-a0-h16-b16-r16-native,native_I_temp_ns,ns,300,6562.5,7502.1,8506.249999999995,4875,10333
m16-d0-a0-h16-b16-r16-native,proposal_digest_ns,ns,300,163145.5,170002.05,174419.34,158000,183708
m16-d0-a0-h16-b16-r16-native,provenance_check_ns,ns,300,2417.0,2875.0,3666.01,1709,8208
m16-d0-a0-h16-b16-r16-native,receipt_signature_check_ns,ns,300,164583.5,173058.65,182813.24,162417,196291
m16-d0-a0-h16-b16-r16-native,signature_primitive_ns,ns,600,149708.0,155839.3,169234.49999999994,148667,496666
m16-d0-a0-h16-b16-r16-native,signature_primitive_sum_ns,ns,300,299624.0,309767.8,328003.00999999995,297875,973666
m16-d0-a0-h16-b16-r16-native,stage_1_lineage_ns,ns,300,2410646.0,2474064.9000000004,2549241.42,2357291,7135125
m16-d0-a0-h16-b16-r16-native,stage_2_authority_ns,ns,300,335812.5,348216.35,382550.82999999984,329625,1299125
m16-d0-a0-h16-b16-r16-native,stage_3_provenance_ns,ns,300,3417.0,4086.0500000000006,4593.419999999991,3208,16959
m16-d0-a0-h16-b16-r16-native,stage_4_state_application_ns,ns,300,2136625.0,2197521.45,2297671.169999978,2076708,22979167
m16-d0-a0-h16-b16-r16-native,stage_5_semantics_ns,ns,300,453521.0,469402.10000000003,500967.5799999986,442708,1626500
m16-d0-a0-h16-b16-r16-native,state_application_ns,ns,300,844458.5,873174.4,900746.1599999999,806834,999709
m16-d0-a0-h16-b16-r16-native,state_hash_candidate_ns,ns,300,635541.5,653103.85,678948.7499999999,623125,694417
m16-d0-a0-h16-b16-r16-native,state_hash_predecessor_ns,ns,300,635708.0,658347.25,681062.9099999999,621959,710375
m16-d0-a0-h16-b16-r16-native,total_cct_ns,ns,300,6638604.5,6778166.35,10032568.74999998,6493750,27515333
m16-d0-a0-h16-b16-r16-native,total_process_cpu_ns,ns,300,6639000.0,6763450.0,9650929.999999978,6494000,27497000
m16-d16-a3-h16-b16-r16-I_bel,authority_check_ns,ns,300,497313.0,521633.35000000003,728704.2599999995,487750,932000
m16-d16-a3-h16-b16-r16-I_bel,core_digest_ns,ns,300,372375.0,391739.25,430621.9099999987,362875,726375
m16-d16-a3-h16-b16-r16-I_bel,effective_I_bel_ns,ns,300,1436646.0,1477284.8,1556043.4199999997,1412583,1875167
m16-d16-a3-h16-b16-r16-I_bel,effective_I_hist_ns,ns,300,351270.5,363298.2,383060.6599999999,341500,627875
m16-d16-a3-h16-b16-r16-I_bel,effective_I_norm_ns,ns,300,25354.5,27210.100000000002,30836.749999999996,23125,33583
m16-d16-a3-h16-b16-r16-I_bel,effective_I_rel_ns,ns,300,19729.5,20714.25,22251.66,18250,29292
m16-d16-a3-h16-b16-r16-I_bel,effective_I_temp_ns,ns,300,6542.0,7875.0,9125.0,5000,11792
m16-d16-a3-h16-b16-r16-I_bel,native_I_bel_ns,ns,300,45000.0,48258.3,54378.75,43125,102125
m16-d16-a3-h16-b16-r16-I_bel,native_I_hist_ns,ns,300,351270.5,363298.2,383060.6599999999,341500,627875
m16-d16-a3-h16-b16-r16-I_bel,native_I_norm_ns,ns,300,25354.5,27210.100000000002,30836.749999999996,23125,33583
m16-d16-a3-h16-b16-r16-I_bel,native_I_rel_ns,ns,300,19729.5,20714.25,22251.66,18250,29292
m16-d16-a3-h16-b16-r16-I_bel,native_I_temp_ns,ns,300,6542.0,7875.0,9125.0,5000,11792
m16-d16-a3-h16-b16-r16-I_bel,proposal_digest_ns,ns,300,315791.0,331013.15,353758.75,306125,379834
m16-d16-a3-h16-b16-r16-I_bel,provenance_check_ns,ns,300,76542.0,80502.1,86792.83,73500,99083
m16-d16-a3-h16-b16-r16-I_bel,receipt_signature_check_ns,ns,300,165437.0,177058.65,184006.25,163375,201584
m16-d16-a3-h16-b16-r16-I_bel,signature_primitive_ns,ns,1500,148916.0,156716.35,170063.66999999998,145875,487833
m16-d16-a3-h16-b16-r16-I_bel,signature_primitive_sum_ns,ns,300,745709.0,771875.3,932678.8999999997,739208,1094749
m16-d16-a3-h16-b16-r16-I_bel,stage_1_lineage_ns,ns,300,2765354.0,2912384.8000000003,3202664.9999999986,2720042,5564250
m16-d16-a3-h16-b16-r16-I_bel,stage_2_authority_ns,ns,300,500458.5,526937.5,580559.6699999999,492250,1147834
m16-d16-a3-h16-b16-r16-I_bel,stage_3_provenance_ns,ns,300,77125.0,83762.5,94586.91,75166,234209
m16-d16-a3-h16-b16-r16-I_bel,stage_4_state_application_ns,ns,300,2128667.0,2268362.85,2577640.2399999998,2084333,3607958
m16-d16-a3-h16-b16-r16-I_bel,stage_5_semantics_ns,ns,300,1850791.5,1949538.15,2184924.259999998,1821041,2629584
m16-d16-a3-h16-b16-r16-I_bel,state_application_ns,ns,300,845395.5,884547.6,922437.1699999984,803166,23973166
m16-d16-a3-h16-b16-r16-I_bel,state_hash_candidate_ns,ns,300,634812.5,666224.7,683586.5799999997,620708,1006291
m16-d16-a3-h16-b16-r16-I_bel,state_hash_predecessor_ns,ns,300,635145.5,665391.05,823100.6599999995,621833,1092167
m16-d16-a3-h16-b16-r16-I_bel,total_cct_ns,ns,300,8618021.0,9200831.25,10139057.999999998,8479083,12254583
m16-d16-a3-h16-b16-r16-I_bel,total_process_cpu_ns,ns,300,8618000.0,9132750.0,9918569.999999998,8479000,11642000
m256-d0-a0-h16-b16-r16-native,authority_check_ns,ns,300,2636333.0,2724260.45,2828914.0799999996,2572125,23713208
m256-d0-a0-h16-b16-r16-native,core_digest_ns,ns,300,2136437.5,2202997.9,2227599.1599999997,2085292,2690625
m256-d0-a0-h16-b16-r16-native,effective_I_bel_ns,ns,300,45062.5,47597.600000000006,53710.5,41875,87875
m256-d0-a0-h16-b16-r16-native,effective_I_hist_ns,ns,300,352125.5,365250.0,377442.0,340209,888875
m256-d0-a0-h16-b16-r16-native,effective_I_norm_ns,ns,300,26083.0,29008.350000000002,34142.07999999999,23333,39833
m256-d0-a0-h16-b16-r16-native,effective_I_rel_ns,ns,300,19958.0,22464.300000000003,25174.489999999994,18250,27042
m256-d0-a0-h16-b16-r16-native,effective_I_temp_ns,ns,300,6750.0,8918.1,10916.01,4875,13708
m256-d0-a0-h16-b16-r16-native,native_I_bel_ns,ns,300,45062.5,47597.600000000006,53710.5,41875,87875
m256-d0-a0-h16-b16-r16-native,native_I_hist_ns,ns,300,352125.5,365250.0,377442.0,340209,888875
m256-d0-a0-h16-b16-r16-native,native_I_norm_ns,ns,300,26083.0,29008.350000000002,34142.07999999999,23333,39833
m256-d0-a0-h16-b16-r16-native,native_I_rel_ns,ns,300,19958.0,22464.300000000003,25174.489999999994,18250,27042
m256-d0-a0-h16-b16-r16-native,native_I_temp_ns,ns,300,6750.0,8918.1,10916.01,4875,13708
m256-d0-a0-h16-b16-r16-native,proposal_digest_ns,ns,300,2142729.0,2198762.8,2235461.75,2085750,2259875
m256-d0-a0-h16-b16-r16-native,provenance_check_ns,ns,300,13542.0,15961.050000000001,19166.84,11792,23458
m256-d0-a0-h16-b16-r16-native,receipt_signature_check_ns,ns,300,166750.0,179625.0,192887.58999999994,149667,252166
m256-d0-a0-h16-b16-r16-native,signature_primitive_ns,ns,600,150875.0,160598.55,173346.75,148625,201250
m256-d0-a0-h16-b16-r16-native,signature_primitive_sum_ns,ns,300,302791.5,317868.45,339253.33,298667,353750
m256-d0-a0-h16-b16-r16-native,stage_1_lineage_ns,ns,300,6387937.5,6553272.6,6833424.67,6216209,30940041
m256-d0-a0-h16-b16-r16-native,stage_2_authority_ns,ns,300,2638271.0,2728258.95,2856291.6699999976,2551375,27529459
m256-d0-a0-h16-b16-r16-native,stage_3_provenance_ns,ns,300,15166.5,16670.2,18059.759999999984,13708,20167
m256-d0-a0-h16-b16-r16-native,stage_4_state_application_ns,ns,300,2155479.5,2245497.25,2294952.91,2095208,2421875
m256-d0-a0-h16-b16-r16-native,stage_5_semantics_ns,ns,300,454209.0,482189.60000000003,503861.00999999995,438167,623500
m256-d0-a0-h16-b16-r16-native,state_application_ns,ns,300,889667.0,943554.15,1015179.5,861792,1478875
m256-d0-a0-h16-b16-r16-native,state_hash_candidate_ns,ns,300,636520.5,661566.95,685827.83,621833,703209
m256-d0-a0-h16-b16-r16-native,state_hash_predecessor_ns,ns,300,636625.0,666954.8,699215.83,608000,788250
m256-d0-a0-h16-b16-r16-native,total_cct_ns,ns,300,12965125.0,13227239.6,33689451.579999976,12616792,37893875
m256-d0-a0-h16-b16-r16-native,total_process_cpu_ns,ns,300,12964500.0,13219600.0,33674699.99999998,12618000,37892000
m256-d256-a32-h16-b16-r16-I_bel,authority_check_ns,ns,300,5219687.5,5398577.4,7736526.669999943,5084750,26532584
m256-d256-a32-h16-b16-r16-I_bel,core_digest_ns,ns,300,5050312.0,5179662.2,7735943.089999982,4953375,28460458
m256-d256-a32-h16-b16-r16-I_bel,effective_I_bel_ns,ns,300,150410062.5,174334329.5,178309561.24999997,146803166,188522375
m256-d256-a32-h16-b16-r16-I_bel,effective_I_hist_ns,ns,300,355875.0,382139.6,409488.42,342042,905042
m256-d256-a32-h16-b16-r16-I_bel,effective_I_norm_ns,ns,300,27895.5,32545.80000000001,51088.749999999694,23167,131125
m256-d256-a32-h16-b16-r16-I_bel,effective_I_rel_ns,ns,300,21416.0,26718.4,30047.409999999996,18833,37792
m256-d256-a32-h16-b16-r16-I_bel,effective_I_temp_ns,ns,300,9063.0,15340.2,18468.00999999999,5208,33500
m256-d256-a32-h16-b16-r16-I_bel,native_I_bel_ns,ns,300,51875.0,60166.05,66669.08,47375,887791
m256-d256-a32-h16-b16-r16-I_bel,native_I_hist_ns,ns,300,355875.0,382139.6,409488.42,342042,905042
m256-d256-a32-h16-b16-r16-I_bel,native_I_norm_ns,ns,300,27895.5,32545.80000000001,51088.749999999694,23167,131125
m256-d256-a32-h16-b16-r16-I_bel,native_I_rel_ns,ns,300,21416.0,26718.4,30047.409999999996,18833,37792
m256-d256-a32-h16-b16-r16-I_bel,native_I_temp_ns,ns,300,9063.0,15340.2,18468.00999999999,5208,33500
m256-d256-a32-h16-b16-r16-I_bel,proposal_digest_ns,ns,300,4528791.5,4639162.5,5168357.089999988,4416833,8955875
m256-d256-a32-h16-b16-r16-I_bel,provenance_check_ns,ns,300,1205104.5,1250512.8,1290697.5,1153458,24352833
m256-d256-a32-h16-b16-r16-I_bel,receipt_signature_check_ns,ns,300,168250.0,183604.5,201003.56999999995,163125,221542
m256-d256-a32-h16-b16-r16-I_bel,signature_primitive_ns,ns,10200,151208.0,162667.0,174292.42,145208,872292
m256-d256-a32-h16-b16-r16-I_bel,signature_primitive_sum_ns,ns,300,5174081.5,5489125.95,6329855.539999997,5091121,7056040
m256-d256-a32-h16-b16-r16-I_bel,stage_1_lineage_ns,ns,300,11726041.5,12059879.5,12457561.67,11450083,13205333
m256-d256-a32-h16-b16-r16-I_bel,stage_2_authority_ns,ns,300,5225083.5,5419547.3,5940500.499999895,5089833,31072833
m256-d256-a32-h16-b16-r16-I_bel,stage_3_provenance_ns,ns,300,1208041.5,1271484.8,1524985.24,1155458,24892125
m256-d256-a32-h16-b16-r16-I_bel,stage_4_state_application_ns,ns,300,2226917.0,2347108.05,2598490.51,2158125,8281875
m256-d256-a32-h16-b16-r16-I_bel,stage_5_semantics_ns,ns,300,151113771.0,174228561.05,192471571.07999998,147580084,221079292
m256-d256-a32-h16-b16-r16-I_bel,state_application_ns,ns,300,920000.5,990293.75,1034832.9199999999,875292,1697417
m256-d256-a32-h16-b16-r16-I_bel,state_hash_candidate_ns,ns,300,648437.5,688897.95,734888.75,620625,1242000
m256-d256-a32-h16-b16-r16-I_bel,state_hash_predecessor_ns,ns,300,648479.0,694037.2000000001,781928.8399999903,626083,2228125
m256-d256-a32-h16-b16-r16-I_bel,total_cct_ns,ns,300,172922813.0,196557201.45,216124800.51,168948709,243596500
m256-d256-a32-h16-b16-r16-I_bel,total_process_cpu_ns,ns,300,172885000.0,196318100.0,207815549.99999994,168949000,223291000
m4-d0-a0-h16-b16-r16-native,authority_check_ns,ns,300,218562.5,230431.6,259262.40999999992,200833,325333
m4-d0-a0-h16-b16-r16-native,core_digest_ns,ns,300,70500.0,77798.2,94302.82999999999,62083,101459
m4-d0-a0-h16-b16-r16-native,effective_I_bel_ns,ns,300,44708.0,47714.25,52557.07999999995,40292,153417
m4-d0-a0-h16-b16-r16-native,effective_I_hist_ns,ns,300,350958.0,364160.45,394159.6699999997,329083,454750
m4-d0-a0-h16-b16-r16-native,effective_I_norm_ns,ns,300,25250.0,27171.15,33118.83999999997,23292,94334
m4-d0-a0-h16-b16-r16-native,effective_I_rel_ns,ns,300,19709.0,21476.750000000004,25013.74999999999,17583,105916
m4-d0-a0-h16-b16-r16-native,effective_I_temp_ns,ns,300,6583.0,7625.0,8919.079999999998,4833,17792
m4-d0-a0-h16-b16-r16-native,native_I_bel_ns,ns,300,44708.0,47714.25,52557.07999999995,40292,153417
m4-d0-a0-h16-b16-r16-native,native_I_hist_ns,ns,300,350958.0,364160.45,394159.6699999997,329083,454750
m4-d0-a0-h16-b16-r16-native,native_I_norm_ns,ns,300,25250.0,27171.15,33118.83999999997,23292,94334
m4-d0-a0-h16-b16-r16-native,native_I_rel_ns,ns,300,19709.0,21476.750000000004,25013.74999999999,17583,105916
m4-d0-a0-h16-b16-r16-native,native_I_temp_ns,ns,300,6583.0,7625.0,8919.079999999998,4833,17792
m4-d0-a0-h16-b16-r16-native,proposal_digest_ns,ns,300,66770.5,71721.45,77132.09,58500,169792
m4-d0-a0-h16-b16-r16-native,provenance_check_ns,ns,300,1792.0,2335.1000000000004,3880.8399999999947,1250,15833
m4-d0-a0-h16-b16-r16-native,receipt_signature_check_ns,ns,300,164625.0,173708.05,187119.0799999997,161334,563209
m4-d0-a0-h16-b16-r16-native,signature_primitive_ns,ns,600,149167.0,158353.84999999998,171679.40999999992,142833,369458
m4-d0-a0-h16-b16-r16-native,signature_primitive_sum_ns,ns,300,298333.0,312581.30000000005,350382.9999999995,294000,525583
m4-d0-a0-h16-b16-r16-native,stage_1_lineage_ns,ns,300,2214083.5,2313366.65,2752169.4099999983,2175375,3212791
m4-d0-a0-h16-b16-r16-native,stage_2_authority_ns,ns,300,220791.5,237366.00000000003,264516.67,214416,705416
m4-d0-a0-h16-b16-r16-native,stage_3_provenance_ns,ns,300,2792.0,3758.300000000002,5003.3399999999965,2458,14417
m4-d0-a0-h16-b16-r16-native,stage_4_state_application_ns,ns,300,2125833.5,2220710.75,3027092.3299999996,2080750,8288666
m4-d0-a0-h16-b16-r16-native,stage_5_semantics_ns,ns,300,452313.0,472849.7,532955.6599999999,424917,801625
m4-d0-a0-h16-b16-r16-native,state_application_ns,ns,300,840749.5,872345.55,893256.5799999995,804750,1245041
m4-d0-a0-h16-b16-r16-native,state_hash_candidate_ns,ns,300,635208.0,668753.85,715117.1699999999,590708,1448291
m4-d0-a0-h16-b16-r16-native,state_hash_predecessor_ns,ns,300,635437.0,663593.75,709446.5799999995,602458,5200125
m4-d0-a0-h16-b16-r16-native,total_cct_ns,ns,300,6312146.0,6575107.7,7476978.749999995,6197666,14247500
m4-d0-a0-h16-b16-r16-native,total_process_cpu_ns,ns,300,6313500.0,6539150.0,7230199.999999996,6198000,11409000
m4-d4-a1-h16-b16-r16-I_bel,authority_check_ns,ns,300,263125.0,272796.15,277770.0,257750,333375
m4-d4-a1-h16-b16-r16-I_bel,core_digest_ns,ns,300,129167.0,135552.4,141266.24999999997,124083,151708
m4-d4-a1-h16-b16-r16-I_bel,effective_I_bel_ns,ns,300,270999.5,281685.75,284187.26,265084,289167
m4-d4-a1-h16-b16-r16-I_bel,effective_I_hist_ns,ns,300,351479.0,364745.55,410012.08,341917,414709
m4-d4-a1-h16-b16-r16-I_bel,effective_I_norm_ns,ns,300,25334.0,27294.100000000002,30712.999999999996,23792,31750
m4-d4-a1-h16-b16-r16-I_bel,effective_I_rel_ns,ns,300,19708.0,20793.15,23472.169999999987,18500,25333
m4-d4-a1-h16-b16-r16-I_bel,effective_I_temp_ns,ns,300,6583.0,7336.05,8710.919999999998,5041,12667
m4-d4-a1-h16-b16-r16-I_bel,native_I_bel_ns,ns,300,44750.0,47213.15,51261.65999999999,42791,53959
m4-d4-a1-h16-b16-r16-I_bel,native_I_hist_ns,ns,300,351479.0,364745.55,410012.08,341917,414709
m4-d4-a1-h16-b16-r16-I_bel,native_I_norm_ns,ns,300,25334.0,27294.100000000002,30712.999999999996,23792,31750
m4-d4-a1-h16-b16-r16-I_bel,native_I_rel_ns,ns,300,19708.0,20793.15,23472.169999999987,18500,25333
m4-d4-a1-h16-b16-r16-I_bel,native_I_temp_ns,ns,300,6583.0,7336.05,8710.919999999998,5041,12667
m4-d4-a1-h16-b16-r16-I_bel,proposal_digest_ns,ns,300,107166.0,113918.1,118242.16999999997,102375,133500
m4-d4-a1-h16-b16-r16-I_bel,provenance_check_ns,ns,300,22042.0,24335.100000000002,27466.749999999993,19917,29709
m4-d4-a1-h16-b16-r16-I_bel,receipt_signature_check_ns,ns,300,161250.0,167216.35,172520.41999999998,159250,181833
m4-d4-a1-h16-b16-r16-I_bel,signature_primitive_ns,ns,900,146875.0,154339.3,162465.91999999998,145084,176000
m4-d4-a1-h16-b16-r16-I_bel,signature_primitive_sum_ns,ns,300,442541.5,455058.7,468833.84,438750,475917
m4-d4-a1-h16-b16-r16-I_bel,stage_1_lineage_ns,ns,300,2309541.5,2372716.35,2417050.42,2259500,2474250
m4-d4-a1-h16-b16-r16-I_bel,stage_2_authority_ns,ns,300,265083.0,275127.1,288297.5799999999,261125,338083
m4-d4-a1-h16-b16-r16-I_bel,stage_3_provenance_ns,ns,300,23083.5,24635.4,26879.589999999997,22417,30333
m4-d4-a1-h16-b16-r16-I_bel,stage_4_state_application_ns,ns,300,2122521.5,2186976.8,2216592.17,2072209,2233500
m4-d4-a1-h16-b16-r16-I_bel,stage_5_semantics_ns,ns,300,683000.0,709976.75,750004.9999999999,666167,793958
m4-d4-a1-h16-b16-r16-I_bel,state_application_ns,ns,300,842687.5,873133.35,919028.2399999999,807500,950375
m4-d4-a1-h16-b16-r16-I_bel,state_hash_candidate_ns,ns,300,637542.0,665518.75,680965.66,626542,685958
m4-d4-a1-h16-b16-r16-I_bel,state_hash_predecessor_ns,ns,300,638375.5,665941.05,692670.9199999999,626166,721667
m4-d4-a1-h16-b16-r16-I_bel,total_cct_ns,ns,300,6700312.5,6861047.3,6901465.92,6569750,6958166
m4-d4-a1-h16-b16-r16-I_bel,total_process_cpu_ns,ns,300,6700500.0,6857050.0,6896050.0,6570000,6944000
m64-d0-a0-h16-b16-r16-native,authority_check_ns,ns,300,791792.0,816102.1,856723.5099999999,768125,892000
m64-d0-a0-h16-b16-r16-native,core_digest_ns,ns,300,554791.5,577506.25,609051.58,544417,635250
m64-d0-a0-h16-b16-r16-native,effective_I_bel_ns,ns,300,44854.5,47601.8,53014.999999999985,43000,58584
m64-d0-a0-h16-b16-r16-native,effective_I_hist_ns,ns,300,352208.5,365222.9,395783.74999999994,343084,423417
m64-d0-a0-h16-b16-r16-native,effective_I_norm_ns,ns,300,25666.0,27883.300000000003,32465.499999999993,23333,42750
m64-d0-a0-h16-b16-r16-native,effective_I_rel_ns,ns,300,19667.0,20875.0,25048.669999999995,18417,30042
m64-d0-a0-h16-b16-r16-native,effective_I_temp_ns,ns,300,6584.0,7127.1,8167.6799999999985,5083,15500
m64-d0-a0-h16-b16-r16-native,native_I_bel_ns,ns,300,44854.5,47601.8,53014.999999999985,43000,58584
m64-d0-a0-h16-b16-r16-native,native_I_hist_ns,ns,300,352208.5,365222.9,395783.74999999994,343084,423417
m64-d0-a0-h16-b16-r16-native,native_I_norm_ns,ns,300,25666.0,27883.300000000003,32465.499999999993,23333,42750
m64-d0-a0-h16-b16-r16-native,native_I_rel_ns,ns,300,19667.0,20875.0,25048.669999999995,18417,30042
m64-d0-a0-h16-b16-r16-native,native_I_temp_ns,ns,300,6584.0,7127.1,8167.6799999999985,5083,15500
m64-d0-a0-h16-b16-r16-native,proposal_digest_ns,ns,300,551271.0,565544.05,576545.83,541709,586625
m64-d0-a0-h16-b16-r16-native,provenance_check_ns,ns,300,4562.5,4958.05,5670.179999999997,3833,7375
m64-d0-a0-h16-b16-r16-native,receipt_signature_check_ns,ns,300,165500.0,172728.85,179485.50999999998,163375,191084
m64-d0-a0-h16-b16-r16-native,signature_primitive_ns,ns,600,149312.5,158264.55,166583.84,145292,171750
m64-d0-a0-h16-b16-r16-native,signature_primitive_sum_ns,ns,300,296792.0,309811.35000000003,317795.17,294459,338542
m64-d0-a0-h16-b16-r16-native,stage_1_lineage_ns,ns,300,3184062.0,3268854.5,3322274.76,3137292,3462792
m64-d0-a0-h16-b16-r16-native,stage_2_authority_ns,ns,300,805291.5,828221.45,869113.01,791708,883667
m64-d0-a0-h16-b16-r16-native,stage_3_provenance_ns,ns,300,5625.0,6210.1,6916.01,5292,7417
m64-d0-a0-h16-b16-r16-native,stage_4_state_application_ns,ns,300,2103062.5,2166906.9,2194271.67,2065375,2259000
m64-d0-a0-h16-b16-r16-native,stage_5_semantics_ns,ns,300,454312.5,467119.4,479138.6599999999,446042,489667
m64-d0-a0-h16-b16-r16-native,state_application_ns,ns,300,840625.0,883839.6,902177.6799999999,819083,25323292
m64-d0-a0-h16-b16-r16-native,state_hash_candidate_ns,ns,300,636645.5,661492.3,694005.6599999999,625250,748208
m64-d0-a0-h16-b16-r16-native,state_hash_predecessor_ns,ns,300,635916.5,656406.25,685975.83,626625,700917
m64-d0-a0-h16-b16-r16-native,total_cct_ns,ns,300,7841500.0,8009554.45,8087202.83,7733417,8203000
m64-d0-a0-h16-b16-r16-native,total_process_cpu_ns,ns,300,7841500.0,8002250.0,8087160.0,7735000,8190000
m64-d64-a10-h16-b16-r16-I_bel,authority_check_ns,ns,300,1447750.0,1505266.35,1660704.4999999995,1409375,1792167
m64-d64-a10-h16-b16-r16-I_bel,core_digest_ns,ns,300,1327854.5,1373170.5,1655452.9199999995,1293417,3705333
m64-d64-a10-h16-b16-r16-I_bel,effective_I_bel_ns,ns,300,13166104.5,13711808.35,14300394.669999998,12926833,19254833
m64-d64-a10-h16-b16-r16-I_bel,effective_I_hist_ns,ns,300,352187.5,373302.4,405853.41999999987,340375,1279000
m64-d64-a10-h16-b16-r16-I_bel,effective_I_norm_ns,ns,300,25959.0,28845.550000000003,32634.819999999952,23042,42375
m64-d64-a10-h16-b16-r16-I_bel,effective_I_rel_ns,ns,300,19959.0,23252.100000000002,26420.329999999998,18333,29583
m64-d64-a10-h16-b16-r16-I_bel,effective_I_temp_ns,ns,300,6875.0,11218.400000000001,14484.669999999976,5250,39167
m64-d64-a10-h16-b16-r16-I_bel,native_I_bel_ns,ns,300,46292.0,52800.35,59379.99999999999,44417,121500
m64-d64-a10-h16-b16-r16-I_bel,native_I_hist_ns,ns,300,352187.5,373302.4,405853.41999999987,340375,1279000
m64-d64-a10-h16-b16-r16-I_bel,native_I_norm_ns,ns,300,25959.0,28845.550000000003,32634.819999999952,23042,42375
m64-d64-a10-h16-b16-r16-I_bel,native_I_rel_ns,ns,300,19959.0,23252.100000000002,26420.329999999998,18333,29583
m64-d64-a10-h16-b16-r16-I_bel,native_I_temp_ns,ns,300,6875.0,11218.400000000001,14484.669999999976,5250,39167
m64-d64-a10-h16-b16-r16-I_bel,proposal_digest_ns,ns,300,1155146.0,1205912.85,1366708.1599999992,1127625,3720750
m64-d64-a10-h16-b16-r16-I_bel,provenance_check_ns,ns,300,292979.0,314145.5,354486.98999999993,284541,861291
m64-d64-a10-h16-b16-r16-I_bel,receipt_signature_check_ns,ns,300,166834.0,182685.7,192585.09,160375,313500
m64-d64-a10-h16-b16-r16-I_bel,signature_primitive_ns,ns,3600,149750.0,157377.09999999998,166333.0,135625,475625
m64-d64-a10-h16-b16-r16-I_bel,signature_primitive_sum_ns,ns,300,1801164.5,1831927.05,1846820.17,1780418,3568753
m64-d64-a10-h16-b16-r16-I_bel,stage_1_lineage_ns,ns,300,4567146.5,4668189.6,4732525.5,4490834,6523750
m64-d64-a10-h16-b16-r16-I_bel,stage_2_authority_ns,ns,300,1454854.5,1498910.75,1526779.67,1425333,1574500
m64-d64-a10-h16-b16-r16-I_bel,stage_3_provenance_ns,ns,300,293292.0,306983.65,318829.5799999999,286125,343084
m64-d64-a10-h16-b16-r16-I_bel,stage_4_state_application_ns,ns,300,2149229.0,2225916.7,2270260.42,2082333,26116542
m64-d64-a10-h16-b16-r16-I_bel,stage_5_semantics_ns,ns,300,13612042.0,13766241.95,13946539.48999996,13395959,33553666
m64-d64-a10-h16-b16-r16-I_bel,state_application_ns,ns,300,857791.5,924864.9,1001187.1699999999,816334,1394250
m64-d64-a10-h16-b16-r16-I_bel,state_hash_candidate_ns,ns,300,638708.0,687156.25,849929.9999999995,620583,1976958
m64-d64-a10-h16-b16-r16-I_bel,state_hash_predecessor_ns,ns,300,639833.0,680903.85,884124.9999999995,623666,1254667
m64-d64-a10-h16-b16-r16-I_bel,total_cct_ns,ns,300,23397937.0,23657456.25,29169207.16999991,23029166,47427625
m64-d64-a10-h16-b16-r16-I_bel,total_process_cpu_ns,ns,300,23392500.0,23648150.0,28747089.999999914,23030000,47405000
